"DT_GERACAO";"HH_GERACAO";"ANO_ELEICAO";"CD_TIPO_ELEICAO";"NM_TIPO_ELEICAO";"CD_ELEICAO";"DS_ELEICAO";"DT_ELEICAO";"SG_UF";"SG_UE";"NM_UE";"SQ_CANDIDATO";"NR_ORDEM_BEM_CANDIDATO";"CD_TIPO_BEM_CANDIDATO";"DS_TIPO_BEM_CANDIDATO";"DS_BEM_CANDIDATO";"VR_BEM_CANDIDATO";"DT_ULT_ATUAL_BEM_CANDIDATO";"HH_ULT_ATUAL_BEM_CANDIDATO"
"31/08/2026";"12:31:08";2026;2;"Eleição Ordinária";6259;"Eleições Gerais Estaduais 2026";"04/10/2026";"AM";"AM";"AMAZONAS";40002531438;2;13;"Terreno";"TERRENO MEDINDO 10X20 ZONA URBANA";"80000,00";"24/08/2026";"15:21:14"
"31/08/2026";"12:31:08";2026;2;"Eleição Ordinária";6259;"Eleições Gerais Estaduais 2026";"04/10/2026";"AM";"AM";"AMAZONAS";40002531438;1;21;"Veículo automotor terrestre: caminhão, automóvel, moto, etc.";"VEICULO MONTANA PREMIER 2025";"140000,00";"24/08/2026";"15:21:14"
"31/08/2026";"12:31:08";2026;2;"Eleição Ordinária";6259;"Eleições Gerais Estaduais 2026";"04/10/2026";"AM";"AM";"AMAZONAS";40002531438;3;12;"Casa";"CASA";"90000,00";"24/08/2026";"15:21:14"
"31/08/2026";"12:31:08";2026;2;"Eleição Ordinária";6259;"Eleições Gerais Estaduais 2026";"04/10/2026";"AM";"AM";"AMAZONAS";40002531439;2;61;"Depósito bancário em conta corrente no País";"DEPOSITO EM CONTA CORRENTE";"1339,16";"18/08/2026";"21:22:29"
"31/08/2026";"12:31:08";2026;2;"Eleição Ordinária";6259;"Eleições Gerais Estaduais 2026";"04/10/2026";"AM";"AM";"AMAZONAS";40002531439;3;61;"Depósito bancário em conta corrente no País";"DEPOSITO EM CONTA CORRENTE";"375,91";"18/08/2026";"21:22:29"
"31/08/2026";"12:31:08";2026;2;"Eleição Ordinária";6259;"Eleições Gerais Estaduais 2026";"04/10/2026";"AM";"AM";"AMAZONAS";40002531439;1;61;"Depósito bancário em conta corrente no País";"DEPOSITO EM CONTA CORRENTE";"158,42";"18/08/2026";"21:22:29"
"31/08/2026";"12:31:08";2026;2;"Eleição Ordinária";6259;"Eleições Gerais Estaduais 2026";"04/10/2026";"AM";"AM";"AMAZONAS";40002531440;1;23;"Embarcação";"LANCHA ESPORTE/RECREIO RIOEYRU";"2300000,00";"18/08/2026";"21:22:29"
"31/08/2026";"12:31:08";2026;2;"Eleição Ordinária";6259;"Eleições Gerais Estaduais 2026";"04/10/2026";"AM";"AM";"AMAZONAS";40002531440;2;32;"Quotas ou quinhões de capital";"QUOTAS DE PARTICIPAÇÃO NA EMPRESA MASTERENG PROJETOS E CONSULTORIA LTDA";"990000,00";"18/08/2026";"21:22:29"
"31/08/2026";"12:31:08";2026;2;"Eleição Ordinária";6259;"Eleições Gerais Estaduais 2026";"04/10/2026";"AM";"AM";"AMAZONAS";40002531440;3;32;"Quotas ou quinhões de capital";"QUOTAS DE PARTICIPACAO S P DISTRIBUIDORA";"70000,00";"18/08/2026";"21:22:29"
"31/08/2026";"12:31:08";2026;2;"Eleição Ordinária";6259;"Eleições Gerais Estaduais 2026";"04/10/2026";"AM";"AM";"AMAZONAS";40002531440;4;61;"Depósito bancário em conta corrente no País";"CONTA CORRENTE BANCO DO BRASIL";"32000,00";"18/08/2026";"21:22:29"
"31/08/2026";"12:31:08";2026;2;"Eleição Ordinária";6259;"Eleições Gerais Estaduais 2026";"04/10/2026";"AM";"AM";"AMAZONAS";40002531440;5;21;"Veículo automotor terrestre: caminhão, automóvel, moto, etc.";"HILUX CD 4X4 SRX PLUS ¿ DIESEL. 26/26";"316000,00";"18/08/2026";"21:22:29"
"31/08/2026";"12:31:08";2026;2;"Eleição Ordinária";6259;"Eleições Gerais Estaduais 2026";"04/10/2026";"AM";"AM";"AMAZONAS";40002531441;1;32;"Quotas ou quinhões de capital";"QUOTAS DE CAPITAL DA EMPRESA SDP CONSTRUÇÕES E COMÉRCIO DE MATERIAL DE CONSTRUÇÃO LTDA.";"67000,00";"18/08/2026";"21:22:29"
"31/08/2026";"12:31:08";2026;2;"Eleição Ordinária";6259;"Eleições Gerais Estaduais 2026";"04/10/2026";"AM";"AM";"AMAZONAS";40002531441;2;95;"Consórcio não contemplado";"CONSÓRCIOS DE AUTOMÓVEIS - BB ADMINISTRADORA DE CONSÓRCIOS.";"31300,58";"18/08/2026";"21:22:29"
"31/08/2026";"12:31:08";2026;2;"Eleição Ordinária";6259;"Eleições Gerais Estaduais 2026";"04/10/2026";"AM";"AM";"AMAZONAS";40002531441;4;32;"Quotas ou quinhões de capital";"10% DAS QUOTAS DA EMPRESA SNJ SERVIÇOES AUXILIARES DO TRANSPORTE AÉREO LTDA.";"264185,38";"18/08/2026";"21:22:29"
"31/08/2026";"12:31:08";2026;2;"Eleição Ordinária";6259;"Eleições Gerais Estaduais 2026";"04/10/2026";"AM";"AM";"AMAZONAS";40002531441;3;45;"Aplicação de renda fixa (CDB, RDB e outros)";"CDB - BANCO SANTANDER";"1444,97";"18/08/2026";"21:22:29"
"31/08/2026";"12:31:08";2026;2;"Eleição Ordinária";6259;"Eleições Gerais Estaduais 2026";"04/10/2026";"AM";"AM";"AMAZONAS";40002531441;5;97;"VGBL - Vida Gerador de Benefício Livre";"VGBL -BANCO DO BRASIL";"13739,80";"18/08/2026";"21:22:29"
"31/08/2026";"12:31:08";2026;2;"Eleição Ordinária";6259;"Eleições Gerais Estaduais 2026";"04/10/2026";"AM";"AM";"AMAZONAS";40002531441;7;49;"Outras aplicações e Investimentos";"TITULO DE CAPITALIZAÇÃO";"1000,19";"18/08/2026";"21:22:29"
"31/08/2026";"12:31:08";2026;2;"Eleição Ordinária";6259;"Eleições Gerais Estaduais 2026";"04/10/2026";"AM";"AM";"AMAZONAS";40002531441;6;95;"Consórcio não contemplado";"CONSÓRCIOS DE IMÓVEIS - BRADESCO ADMINISTRADORA DE CONSÓRCIOS.";"66300,44";"18/08/2026";"21:22:29"
"31/08/2026";"12:31:08";2026;2;"Eleição Ordinária";6259;"Eleições Gerais Estaduais 2026";"04/10/2026";"AM";"AM";"AMAZONAS";40002531442;3;61;"Depósito bancário em conta corrente no País";"CONTA BANCÁRIA NA CAIXA ECONÔMICA FEDERAL, AGÊNCIA 0664, CONTA N. 000986107651-0";"3241,36";"18/08/2026";"21:22:29"
"31/08/2026";"12:31:08";2026;2;"Eleição Ordinária";6259;"Eleições Gerais Estaduais 2026";"04/10/2026";"AM";"AM";"AMAZONAS";40002531442;2;21;"Veículo automotor terrestre: caminhão, automóvel, moto, etc.";"CAMINHONETE TOYOTA HILUX CDSRVA4FD, ANO 2023/MODELO 2024, PLACA QZZ9J19 (ALIENAÇÃO FIDUCIÁRIA)";"241000,00";"18/08/2026";"21:22:29"
"31/08/2026";"12:31:08";2026;2;"Eleição Ordinária";6259;"Eleições Gerais Estaduais 2026";"04/10/2026";"AM";"AM";"AMAZONAS";40002531442;1;11;"Apartamento";"APARTAMENTO N. 1802, EDIFÍCIO VARANDAS DO RIO NEGRO, ALAMEDA ALASKA, N. 1975, PONTA NEGRA, MANAUS/AM (MATRÍCULA 40.528, 3. OFÍCIO DE REGISTRO DE IMÓVEIS)";"404435,60";"18/08/2026";"21:22:29"
"31/08/2026";"12:31:08";2026;2;"Eleição Ordinária";6259;"Eleições Gerais Estaduais 2026";"04/10/2026";"AM";"AM";"AMAZONAS";40002531444;1;21;"Veículo automotor terrestre: caminhão, automóvel, moto, etc.";"VEICULO FIAT/MOBI LIKA PLACAS PZJ2I94 COR PRETA ADQUIRIDO ATRAVES DE FINANC. BANCO ITAU";"12840,00";"18/08/2026";"21:22:29"
"31/08/2026";"12:31:08";2026;2;"Eleição Ordinária";6259;"Eleições Gerais Estaduais 2026";"04/10/2026";"AM";"AM";"AMAZONAS";40002531443;1;12;"Casa";"CASA DE ALVENARIA SITUADA NA RUA ANDIROBA, N. 186 -CENTRO - NO MUNICIPIO DO CAREIRO";"300000,00";"18/08/2026";"21:22:29"
"31/08/2026";"12:31:08";2026;2;"Eleição Ordinária";6259;"Eleições Gerais Estaduais 2026";"04/10/2026";"AM";"AM";"AMAZONAS";40002531444;2;32;"Quotas ou quinhões de capital";"10.000 QUOTAS DE CAPITAL DA EMPRESA ELIZABETH NUNES DE SOUZA CNPJ 01.901.997/0001-13";"10000,00";"18/08/2026";"21:22:29"
"31/08/2026";"12:31:08";2026;2;"Eleição Ordinária";6259;"Eleições Gerais Estaduais 2026";"04/10/2026";"AM";"AM";"AMAZONAS";40002531444;3;61;"Depósito bancário em conta corrente no País";"SALDO EM CADERNETA DE POUPANCA JUNTO AO BANCO BRADESCO S/A";"4258,48";"18/08/2026";"21:22:29"
"31/08/2026";"12:31:08";2026;2;"Eleição Ordinária";6259;"Eleições Gerais Estaduais 2026";"04/10/2026";"AM";"AM";"AMAZONAS";40002531444;4;41;"Caderneta de poupança";"SALDO EM CADERNETA DE POUPANCA JUNTO AO BANCO BRADESCO S/A";"2069,51";"18/08/2026";"21:22:29"
"31/08/2026";"12:31:08";2026;2;"Eleição Ordinária";6259;"Eleições Gerais Estaduais 2026";"04/10/2026";"AM";"AM";"AMAZONAS";40002531444;5;41;"Caderneta de poupança";"SALDO EM CADERNETA DE POUPANCA JUNTO AO BANCO BRADESCO S/A";"243,90";"18/08/2026";"21:22:29"
"31/08/2026";"12:31:08";2026;2;"Eleição Ordinária";6259;"Eleições Gerais Estaduais 2026";"04/10/2026";"AM";"AM";"AMAZONAS";40002531444;8;61;"Depósito bancário em conta corrente no País";"INFORMADO POR CNPJ 00.000.000/0001-91 - SALDO EM CONTA CORRENTE";"357,36";"18/08/2026";"21:22:29"
"31/08/2026";"12:31:08";2026;2;"Eleição Ordinária";6259;"Eleições Gerais Estaduais 2026";"04/10/2026";"AM";"AM";"AMAZONAS";40002531444;6;41;"Caderneta de poupança";"SALDO EM CADERNETA DE POUPANCA BANCO ITAU";"3604,41";"18/08/2026";"21:22:29"
"31/08/2026";"12:31:08";2026;2;"Eleição Ordinária";6259;"Eleições Gerais Estaduais 2026";"04/10/2026";"AM";"AM";"AMAZONAS";40002531444;7;45;"Aplicação de renda fixa (CDB, RDB e outros)";"SALDO EM APLICACAO JUNTO AO BANCO ITAU UNIBANCO S/A";"7050,96";"18/08/2026";"21:22:29"
"31/08/2026";"12:31:08";2026;2;"Eleição Ordinária";6259;"Eleições Gerais Estaduais 2026";"04/10/2026";"AM";"AM";"AMAZONAS";40002531444;9;61;"Depósito bancário em conta corrente no País";"SALDO EM CONTA CORRENTE JUNTO AO BANCO BRADESCO S/A";"1,00";"18/08/2026";"21:22:29"
"31/08/2026";"12:31:08";2026;2;"Eleição Ordinária";6259;"Eleições Gerais Estaduais 2026";"04/10/2026";"AM";"AM";"AMAZONAS";40002531444;11;21;"Veículo automotor terrestre: caminhão, automóvel, moto, etc.";"VEICULO CHEVROLET/ONIX 10MT JOYE PLACAS PHN6D39 COR CINZA ADQUIRIDO ATRAVES DE FINANC. BANCO ITAU";"12840,00";"18/08/2026";"21:22:29"
"31/08/2026";"12:31:08";2026;2;"Eleição Ordinária";6259;"Eleições Gerais Estaduais 2026";"04/10/2026";"AM";"AM";"AMAZONAS";40002531444;10;12;"Casa";"UMA CASA NO CODOMINIO JARDIM ENCONTRO DAS AGUAS NA RUA TUPE, 31 BAIRRO D. PEDRO II NA CIDADE DE MANAUS - AM, AQUIRIDO ATRAVES FINANCIAMENTO VALOR PAGO EM 2011 R$ 48582,87 PGTO EM 2012 R$ 65.718,82 PGT";"419427,26";"18/08/2026";"21:22:29"
"31/08/2026";"12:31:08";2026;2;"Eleição Ordinária";6259;"Eleições Gerais Estaduais 2026";"04/10/2026";"AM";"AM";"AMAZONAS";40002531444;12;13;"Terreno";"UM LOTE DE TERRAS SOB NO 2 QUADRA 17 DA RUA MARQUES DE QUIMERAMOBIM DO LOTEAMENTO PARQUE DAS LARANJEIRAS EM MANAUS-AM ADQUIRIDO EM 06/08/2004 CONF ESCRITURA PUBLICA DO SEXTO TAB. DE NOTAS NO LIVRO 046";"113111,02";"18/08/2026";"21:22:29"
"31/08/2026";"12:31:08";2026;2;"Eleição Ordinária";6259;"Eleições Gerais Estaduais 2026";"04/10/2026";"AM";"AM";"AMAZONAS";40002531444;14;63;"Dinheiro em espécie - moeda nacional";"DINHEIRO EM ESPECIE MOEDA NACIONAL";"300000,00";"18/08/2026";"21:22:29"
"31/08/2026";"12:31:08";2026;2;"Eleição Ordinária";6259;"Eleições Gerais Estaduais 2026";"04/10/2026";"AM";"AM";"AMAZONAS";40002531444;13;41;"Caderneta de poupança";"SALDO EM CADERNETA DE POUPANCA JUNTO AO BANCO BRADESCO S/A";"290,50";"18/08/2026";"21:22:29"
"31/08/2026";"12:31:08";2026;2;"Eleição Ordinária";6259;"Eleições Gerais Estaduais 2026";"04/10/2026";"AM";"AM";"AMAZONAS";40002531444;16;61;"Depósito bancário em conta corrente no País";"SALDO EM CONTA CORRENTE JUNTO AO ITAU UNIBANCO S/A";"1,00";"18/08/2026";"21:22:29"
"31/08/2026";"12:31:08";2026;2;"Eleição Ordinária";6259;"Eleições Gerais Estaduais 2026";"04/10/2026";"AM";"AM";"AMAZONAS";40002531445;1;61;"Depósito bancário em conta corrente no País";"SALDO EM CONTA CORRENTE";"432,25";"18/08/2026";"21:22:29"
"31/08/2026";"12:31:08";2026;2;"Eleição Ordinária";6259;"Eleições Gerais Estaduais 2026";"04/10/2026";"AM";"AM";"AMAZONAS";40002531444;15;32;"Quotas ou quinhões de capital";"27.000 QUOTAS DE CAPITAL DA EMPRESA ELIZABETH N. DE SOUZA   CIA LTDA NIRE 13200519256";"27000,00";"18/08/2026";"21:22:29"
"31/08/2026";"12:31:08";2026;2;"Eleição Ordinária";6259;"Eleições Gerais Estaduais 2026";"04/10/2026";"AM";"AM";"AMAZONAS";40002531445;3;97;"VGBL - Vida Gerador de Benefício Livre";"APLICAÇÃO BB PREVIDÊNCIA";"1088141,73";"18/08/2026";"21:22:29"
"31/08/2026";"12:31:08";2026;2;"Eleição Ordinária";6259;"Eleições Gerais Estaduais 2026";"04/10/2026";"AM";"AM";"AMAZONAS";40002531445;4;32;"Quotas ou quinhões de capital";"QUOTAS DE CAPITAL DA EMPRESA DAFIL PARTICIPAÇÕES EIRELE. CNPJ: 29.025.187/0001-60";"150000,00";"18/08/2026";"21:22:29"
"31/08/2026";"12:31:08";2026;2;"Eleição Ordinária";6259;"Eleições Gerais Estaduais 2026";"04/10/2026";"AM";"AM";"AMAZONAS";40002531445;2;45;"Aplicação de renda fixa (CDB, RDB e outros)";"APLICAÇÃO BB ESTILO";"778709,54";"18/08/2026";"21:22:29"
"31/08/2026";"12:31:08";2026;2;"Eleição Ordinária";6259;"Eleições Gerais Estaduais 2026";"04/10/2026";"AM";"AM";"AMAZONAS";40002531445;5;59;"Outros créditos e poupança vinculados";"CARTA DE CRÉDITO";"20300,55";"18/08/2026";"21:22:29"
"31/08/2026";"12:31:08";2026;2;"Eleição Ordinária";6259;"Eleições Gerais Estaduais 2026";"04/10/2026";"AM";"AM";"AMAZONAS";40002531446;1;41;"Caderneta de poupança";"CONTA POUPANÇA ITAÚ";"20640,00";"19/08/2026";"11:39:28"
"31/08/2026";"12:31:08";2026;2;"Eleição Ordinária";6259;"Eleições Gerais Estaduais 2026";"04/10/2026";"AM";"AM";"AMAZONAS";40002531446;2;12;"Casa";"50% DE RESIDENCIA NO CONDOMINIO MONTE LIBANO - ALEIXO MEDINDO 750 M²";"230000,00";"19/08/2026";"11:39:28"
"31/08/2026";"12:31:08";2026;2;"Eleição Ordinária";6259;"Eleições Gerais Estaduais 2026";"04/10/2026";"AM";"AM";"AMAZONAS";40002531446;4;13;"Terreno";"TERRENO BAIRRO JARDIM PETROPOLIS EM MANAUS MEDINDO 1.500 M²";"15340,00";"19/08/2026";"11:39:28"
"31/08/2026";"12:31:08";2026;2;"Eleição Ordinária";6259;"Eleições Gerais Estaduais 2026";"04/10/2026";"AM";"AM";"AMAZONAS";40002531446;3;2;"Prédio comercial";"50% DE IMOVEL COMERCIAL NA RUA FORTALEZA - ADRIANOPOLIS - MANAUS MEDINDO 730 M²";"408200,00";"19/08/2026";"11:39:28"
"31/08/2026";"12:31:08";2026;2;"Eleição Ordinária";6259;"Eleições Gerais Estaduais 2026";"04/10/2026";"AM";"AM";"AMAZONAS";40002531446;5;32;"Quotas ou quinhões de capital";"QUOTAS DE PARTICIPAÇÃO NA EMPRESA SOLARIS SERVIÇOS E CONSTRUÇÃO LTDA.";"204000,00";"19/08/2026";"11:39:28"
"31/08/2026";"12:31:08";2026;2;"Eleição Ordinária";6259;"Eleições Gerais Estaduais 2026";"04/10/2026";"AM";"AM";"AMAZONAS";40002531446;6;41;"Caderneta de poupança";"CONTA DE POUPANÇA CAIXA";"3400,00";"19/08/2026";"11:39:28"
"31/08/2026";"12:31:08";2026;2;"Eleição Ordinária";6259;"Eleições Gerais Estaduais 2026";"04/10/2026";"AM";"AM";"AMAZONAS";40002531446;7;45;"Aplicação de renda fixa (CDB, RDB e outros)";"APLICAÇÃO CDB BTG";"30000,00";"19/08/2026";"11:39:28"
"31/08/2026";"12:31:08";2026;2;"Eleição Ordinária";6259;"Eleições Gerais Estaduais 2026";"04/10/2026";"AM";"AM";"AMAZONAS";40002531446;8;62;"Depósito bancário em conta corrente no exterior";"CONTA BANCARIA BANK OF AMERICA";"283150,00";"19/08/2026";"11:39:28"
"31/08/2026";"12:31:08";2026;2;"Eleição Ordinária";6259;"Eleições Gerais Estaduais 2026";"04/10/2026";"AM";"AM";"AMAZONAS";40002531446;11;61;"Depósito bancário em conta corrente no País";"CONTA CORRENTE BANCO DO BRASIL";"92700,00";"19/08/2026";"11:39:28"
"31/08/2026";"12:31:08";2026;2;"Eleição Ordinária";6259;"Eleições Gerais Estaduais 2026";"04/10/2026";"AM";"AM";"AMAZONAS";40002531446;9;61;"Depósito bancário em conta corrente no País";"CONTA CORRENTE ITAU";"39500,00";"19/08/2026";"11:39:28"
"31/08/2026";"12:31:08";2026;2;"Eleição Ordinária";6259;"Eleições Gerais Estaduais 2026";"04/10/2026";"AM";"AM";"AMAZONAS";40002531446;10;2;"Prédio comercial";"TERRENO COM LOJAS NO BAIRRO COROADO EM MANAUS MEDINDO 3.179 M²";"136330,00";"19/08/2026";"11:39:28"
"31/08/2026";"12:31:08";2026;2;"Eleição Ordinária";6259;"Eleições Gerais Estaduais 2026";"04/10/2026";"AM";"AM";"AMAZONAS";40002531446;12;79;"Outros fundos";"FUNDOS DE INVESTIMENTOS BTG";"112950,00";"19/08/2026";"11:39:28"
"31/08/2026";"12:31:08";2026;2;"Eleição Ordinária";6259;"Eleições Gerais Estaduais 2026";"04/10/2026";"AM";"AM";"AMAZONAS";40002531446;13;31;"Ações (inclusive as provenientes de linha telefônica)";"APLICAÇÕES EM AÇÕES BANCO CLEAR XP";"31400,00";"19/08/2026";"11:39:28"
"31/08/2026";"12:31:08";2026;2;"Eleição Ordinária";6259;"Eleições Gerais Estaduais 2026";"04/10/2026";"AM";"AM";"AMAZONAS";40002531446;14;2;"Prédio comercial";"TITULO DE PROPRIEDADE DE TIMESHARING VACATION VILAGE EM KISSIMMEE - FLORIDA";"80889,00";"19/08/2026";"11:39:28"
"31/08/2026";"12:31:08";2026;2;"Eleição Ordinária";6259;"Eleições Gerais Estaduais 2026";"04/10/2026";"AM";"AM";"AMAZONAS";40002531446;17;21;"Veículo automotor terrestre: caminhão, automóvel, moto, etc.";"PICK-UP MITSUBISHI TRITON L-200 VERDE ANO 2010";"99999,00";"19/08/2026";"11:39:28"
"31/08/2026";"12:31:08";2026;2;"Eleição Ordinária";6259;"Eleições Gerais Estaduais 2026";"04/10/2026";"AM";"AM";"AMAZONAS";40002531446;15;49;"Outras aplicações e Investimentos";"CERTIFICADO DE RECEBIVEIS AGRONEGOCIO BTG";"47700,00";"19/08/2026";"11:39:28"
"31/08/2026";"12:31:08";2026;2;"Eleição Ordinária";6259;"Eleições Gerais Estaduais 2026";"04/10/2026";"AM";"AM";"AMAZONAS";40002531446;16;11;"Apartamento";"50% DE APARTAMENTO EM MACAÉ -RJ";"35609,00";"19/08/2026";"11:39:28"
"31/08/2026";"12:31:08";2026;2;"Eleição Ordinária";6259;"Eleições Gerais Estaduais 2026";"04/10/2026";"AM";"AM";"AMAZONAS";40002531446;20;69;"Outros depósitos à vista e numerário";"CRIPTOMOEDAS BITCOIN NO BANCO INTER";"2177,00";"19/08/2026";"11:39:28"
"31/08/2026";"12:31:08";2026;2;"Eleição Ordinária";6259;"Eleições Gerais Estaduais 2026";"04/10/2026";"AM";"AM";"AMAZONAS";40002531446;18;21;"Veículo automotor terrestre: caminhão, automóvel, moto, etc.";"VEICULO KIA SPORTAGE NA COR PRETA, MODELO 2010";"74000,00";"19/08/2026";"11:39:28"
"31/08/2026";"12:31:08";2026;2;"Eleição Ordinária";6259;"Eleições Gerais Estaduais 2026";"04/10/2026";"AM";"AM";"AMAZONAS";40002531446;19;45;"Aplicação de renda fixa (CDB, RDB e outros)";"APLICAÇÃO CDB BANCO DO BRASIL";"15000,00";"19/08/2026";"11:39:28"
"31/08/2026";"12:31:08";2026;2;"Eleição Ordinária";6259;"Eleições Gerais Estaduais 2026";"04/10/2026";"AM";"AM";"AMAZONAS";40002531446;22;31;"Ações (inclusive as provenientes de linha telefônica)";"AÇÕES BANCO DO BRASIL";"3000,00";"19/08/2026";"11:39:28"
"31/08/2026";"12:31:08";2026;2;"Eleição Ordinária";6259;"Eleições Gerais Estaduais 2026";"04/10/2026";"AM";"AM";"AMAZONAS";40002531446;23;32;"Quotas ou quinhões de capital";"QUOTAS DE PARTICIPAÇÃO NA EMPRESA CAPOBIANGO E CARVALHO LTDA";"51000,00";"19/08/2026";"11:39:28"
"31/08/2026";"12:31:08";2026;2;"Eleição Ordinária";6259;"Eleições Gerais Estaduais 2026";"04/10/2026";"AM";"AM";"AMAZONAS";40002531446;21;45;"Aplicação de renda fixa (CDB, RDB e outros)";"APLICAÇÕES EM CDB BANCO ITAU";"507000,00";"19/08/2026";"11:39:28"
"31/08/2026";"12:31:08";2026;2;"Eleição Ordinária";6259;"Eleições Gerais Estaduais 2026";"04/10/2026";"AM";"AM";"AMAZONAS";40002531446;25;15;"Sala ou conjunto";"02 SALAS COMERCIAIS COM GARAGEM NO EDIFICIO RIO NEGRO CENTER NO CENTRO DE MANAUS MEDINDO 38 M² CADA";"105444,00";"19/08/2026";"11:39:28"
"31/08/2026";"12:31:08";2026;2;"Eleição Ordinária";6259;"Eleições Gerais Estaduais 2026";"04/10/2026";"AM";"AM";"AMAZONAS";40002531446;24;31;"Ações (inclusive as provenientes de linha telefônica)";"AÇÕES VALE";"4350,00";"19/08/2026";"11:39:28"
"31/08/2026";"12:31:08";2026;2;"Eleição Ordinária";6259;"Eleições Gerais Estaduais 2026";"04/10/2026";"AM";"AM";"AMAZONAS";40002531446;26;31;"Ações (inclusive as provenientes de linha telefônica)";"AÇÕES METALEVE";"3500,00";"19/08/2026";"11:39:28"
"31/08/2026";"12:31:08";2026;2;"Eleição Ordinária";6259;"Eleições Gerais Estaduais 2026";"04/10/2026";"AM";"AM";"AMAZONAS";40002531447;2;23;"Embarcação";"JET SKI, COR VERMELHO, MARCA YAMAHA ANO 2009.";"40000,00";"19/08/2026";"11:32:51"
"31/08/2026";"12:31:08";2026;2;"Eleição Ordinária";6259;"Eleições Gerais Estaduais 2026";"04/10/2026";"AM";"AM";"AMAZONAS";40002531447;1;13;"Terreno";"UM LOTE DE TERRAS SOB O N°58-A DO LOTEAMENTO PONTA NEGRA, GLEBA-01.";"400000,00";"19/08/2026";"11:32:51"
"31/08/2026";"12:31:08";2026;2;"Eleição Ordinária";6259;"Eleições Gerais Estaduais 2026";"04/10/2026";"AM";"AM";"AMAZONAS";40002531446;27;31;"Ações (inclusive as provenientes de linha telefônica)";"AÇÕES COSAN";"1105,00";"19/08/2026";"11:39:28"
"31/08/2026";"12:31:08";2026;2;"Eleição Ordinária";6259;"Eleições Gerais Estaduais 2026";"04/10/2026";"AM";"AM";"AMAZONAS";40002531447;3;31;"Ações (inclusive as provenientes de linha telefônica)";"31.000 AÇÕES CXSE3 - CAIXA SEGURIDADE PARTICIPAÇÕES S.A - AGORA INVESTIMENTOS.";"457875,30";"19/08/2026";"11:32:51"
"31/08/2026";"12:31:08";2026;2;"Eleição Ordinária";6259;"Eleições Gerais Estaduais 2026";"04/10/2026";"AM";"AM";"AMAZONAS";40002531447;5;45;"Aplicação de renda fixa (CDB, RDB e outros)";"APICAÇÕES EM RENDA FIXA SIMPAR S.A. DEB FLU U JSMLA5 - XP INVESTIMENTOS CCTVM S.A.";"27076,09";"19/08/2026";"11:32:51"
"31/08/2026";"12:31:08";2026;2;"Eleição Ordinária";6259;"Eleições Gerais Estaduais 2026";"04/10/2026";"AM";"AM";"AMAZONAS";40002531447;4;45;"Aplicação de renda fixa (CDB, RDB e outros)";"APLICAÇÃO DE RENDA FIXA CERTIFICADO OPERAÇÕES ESTRUTURADAS (COE).";"500000,00";"19/08/2026";"11:32:51"
"31/08/2026";"12:31:08";2026;2;"Eleição Ordinária";6259;"Eleições Gerais Estaduais 2026";"04/10/2026";"AM";"AM";"AMAZONAS";40002531447;8;49;"Outras aplicações e Investimentos";"VIRGO COMPANHIA DE SECURITIZAÇÃO CRI 22B00004808 - XP INVESTIMENTOS.";"292770,67";"19/08/2026";"11:32:51"
"31/08/2026";"12:31:08";2026;2;"Eleição Ordinária";6259;"Eleições Gerais Estaduais 2026";"04/10/2026";"AM";"AM";"AMAZONAS";40002531447;7;79;"Outros fundos";"VIRGO COMPANHIA DE SECURITIZAÇÃO CRA FLU CRA022008C1 - XP INVESTIMENTOS.";"145009,69";"19/08/2026";"11:32:51"
"31/08/2026";"12:31:08";2026;2;"Eleição Ordinária";6259;"Eleições Gerais Estaduais 2026";"04/10/2026";"AM";"AM";"AMAZONAS";40002531447;6;45;"Aplicação de renda fixa (CDB, RDB e outros)";"APLICAÇÃO DE RENDA FIXA CERTIFICADO DE RECEBÍVEIS AGRONEGOCIO, BANCO BRADESCO S.A.";"1853920,07";"19/08/2026";"11:32:51"
"31/08/2026";"12:31:08";2026;2;"Eleição Ordinária";6259;"Eleições Gerais Estaduais 2026";"04/10/2026";"AM";"AM";"AMAZONAS";40002531447;9;49;"Outras aplicações e Investimentos";"VIRGO COMPANHIA DE SECURITIZAÇÃO CRA FLU CRA0240020C - XP INVESTIMENTOS.";"147710,89";"19/08/2026";"11:32:51"
"31/08/2026";"12:31:08";2026;2;"Eleição Ordinária";6259;"Eleições Gerais Estaduais 2026";"04/10/2026";"AM";"AM";"AMAZONAS";40002531447;10;49;"Outras aplicações e Investimentos";"OPEA SECURITIZADORA S.A CRI 23J1127331-XP";"98534,71";"19/08/2026";"11:32:51"
"31/08/2026";"12:31:08";2026;2;"Eleição Ordinária";6259;"Eleições Gerais Estaduais 2026";"04/10/2026";"AM";"AM";"AMAZONAS";40002531447;11;49;"Outras aplicações e Investimentos";"CERT. DE RECEBIVEIS IMOBILIÁRIOS - BANCO SAFRA S.A";"123000,00";"19/08/2026";"11:32:51"
"31/08/2026";"12:31:08";2026;2;"Eleição Ordinária";6259;"Eleições Gerais Estaduais 2026";"04/10/2026";"AM";"AM";"AMAZONAS";40002531447;12;61;"Depósito bancário em conta corrente no País";"SALDO EM CONTA CORRENTE NO BANCO DO BRASIL.";"13642,63";"19/08/2026";"11:32:51"
"31/08/2026";"12:31:08";2026;2;"Eleição Ordinária";6259;"Eleições Gerais Estaduais 2026";"04/10/2026";"AM";"AM";"AMAZONAS";40002531447;13;61;"Depósito bancário em conta corrente no País";"SALDO EM CONTA CORRENTE - BANCO BRADESCO.";"80662,46";"19/08/2026";"11:32:51"
"31/08/2026";"12:31:08";2026;2;"Eleição Ordinária";6259;"Eleições Gerais Estaduais 2026";"04/10/2026";"AM";"AM";"AMAZONAS";40002531447;14;73;"Fundo de Investimento Imobiliário";"BRADESCO FIC DE FI RENDA FIXA REFERENCIADO DI SUPREMO.";"270350,34";"19/08/2026";"11:32:51"
"31/08/2026";"12:31:08";2026;2;"Eleição Ordinária";6259;"Eleições Gerais Estaduais 2026";"04/10/2026";"AM";"AM";"AMAZONAS";40002531447;16;97;"VGBL - Vida Gerador de Benefício Livre";"PREMIO ACUMULADOS EM VGBL - BANCO SAFRA S.A.";"60000,00";"19/08/2026";"11:32:51"
"31/08/2026";"12:31:08";2026;2;"Eleição Ordinária";6259;"Eleições Gerais Estaduais 2026";"04/10/2026";"AM";"AM";"AMAZONAS";40002531447;17;45;"Aplicação de renda fixa (CDB, RDB e outros)";"ECO SECURIZADORA DE DIREITOS C CRA FLU CRA020001US - XP INVESTIMENTOS CCTVM S.A.";"199097,93";"19/08/2026";"11:32:51"
"31/08/2026";"12:31:08";2026;2;"Eleição Ordinária";6259;"Eleições Gerais Estaduais 2026";"04/10/2026";"AM";"AM";"AMAZONAS";40002531447;15;45;"Aplicação de renda fixa (CDB, RDB e outros)";"SAF SOB MAX CIC RF SIMPLES - BANCO SAFRA S.A.";"402562,20";"19/08/2026";"11:32:51"
"31/08/2026";"12:31:08";2026;2;"Eleição Ordinária";6259;"Eleições Gerais Estaduais 2026";"04/10/2026";"AM";"AM";"AMAZONAS";40002531447;20;61;"Depósito bancário em conta corrente no País";"SALDO EM CONTA CORRENTE NO BANCO DO BRASIL.";"428068,48";"19/08/2026";"11:32:51"
"31/08/2026";"12:31:08";2026;2;"Eleição Ordinária";6259;"Eleições Gerais Estaduais 2026";"04/10/2026";"AM";"AM";"AMAZONAS";40002531447;19;49;"Outras aplicações e Investimentos";"CERT. DE RECEBIVEIS AGRONEGÓCIOS - BANCO SAFRA S.A";"403109,52";"19/08/2026";"11:32:51"
"31/08/2026";"12:31:08";2026;2;"Eleição Ordinária";6259;"Eleições Gerais Estaduais 2026";"04/10/2026";"AM";"AM";"AMAZONAS";40002531447;18;45;"Aplicação de renda fixa (CDB, RDB e outros)";"APLICAÇÃO DE RENDA FIXA - IGUA RIO DE JANEIRO S.A. - CNPJ: 02.332.886/0001-04";"198718,06";"19/08/2026";"11:32:51"
"31/08/2026";"12:31:08";2026;2;"Eleição Ordinária";6259;"Eleições Gerais Estaduais 2026";"04/10/2026";"AM";"AM";"AMAZONAS";40002531447;22;21;"Veículo automotor terrestre: caminhão, automóvel, moto, etc.";"VEICULO MERCEDES BENZ, MODELO 2010, COR PRETO.";"295000,00";"19/08/2026";"11:32:51"
"31/08/2026";"12:31:08";2026;2;"Eleição Ordinária";6259;"Eleições Gerais Estaduais 2026";"04/10/2026";"AM";"AM";"AMAZONAS";40002531447;23;21;"Veículo automotor terrestre: caminhão, automóvel, moto, etc.";"VEICULO RENAUT CAPTUR INTENSE 1.6CVT";"103655,08";"19/08/2026";"11:32:51"
"31/08/2026";"12:31:08";2026;2;"Eleição Ordinária";6259;"Eleições Gerais Estaduais 2026";"04/10/2026";"AM";"AM";"AMAZONAS";40002531447;21;15;"Sala ou conjunto";"UNIDADE 708-TORRE COMERCIAL STAMFORD DO EMPREENDIMENTO COMERCIAL - BRITANNIA PARK OFFICES, COM PAGAMENTO EM 2025 DE 12 PARCELAS NO MONTANTE DE R$51.644,02. DO FINANCIAMENTO BRADESCO.";"312094,42";"19/08/2026";"11:32:51"
"31/08/2026";"12:31:08";2026;2;"Eleição Ordinária";6259;"Eleições Gerais Estaduais 2026";"04/10/2026";"AM";"AM";"AMAZONAS";40002531447;24;23;"Embarcação";"EMBARCAÇÃO, TIPO LANCHA ANO 2.000.";"200000,00";"19/08/2026";"11:32:51"
"31/08/2026";"12:31:08";2026;2;"Eleição Ordinária";6259;"Eleições Gerais Estaduais 2026";"04/10/2026";"AM";"AM";"AMAZONAS";40002531447;25;73;"Fundo de Investimento Imobiliário";"FUNDO DE INVESTIMENTO EM COTAS DE FUNDOS DE INVESTIMENTO MULTIMERCADO BRASIL NORDESTE DESENVOLVIMENTO IMOBILIÁRIO - INFORMADO POR CNPJ 00.066.670/0001-00";"445524,72";"19/08/2026";"11:32:51"
"31/08/2026";"12:31:08";2026;2;"Eleição Ordinária";6259;"Eleições Gerais Estaduais 2026";"04/10/2026";"AM";"AM";"AMAZONAS";40002531447;26;73;"Fundo de Investimento Imobiliário";"BRAD FI FINANCEIRO CIC DE CI MULT D P 500 AGORA RESP LIMITADA.";"1065067,70";"19/08/2026";"11:32:51"
"31/08/2026";"12:31:08";2026;2;"Eleição Ordinária";6259;"Eleições Gerais Estaduais 2026";"04/10/2026";"AM";"AM";"AMAZONAS";40002531447;28;99;"OUTROS BENS E DIREITOS";"CREDITOS EM TRANSITO- JUROS S/ CAPITAL PRÓPRIO A RECEBER DE VIBRA ENERGIA S.A. CNPJ 34274233000102-DE";"11810,56";"19/08/2026";"11:32:51"
"31/08/2026";"12:31:08";2026;2;"Eleição Ordinária";6259;"Eleições Gerais Estaduais 2026";"04/10/2026";"AM";"AM";"AMAZONAS";40002531447;29;15;"Sala ou conjunto";"UNIDADE 705-TORRE COMERCIAL STAMFORD DO EMPREENDIMENTO COMERCIAL - BRITANNIA PARK OFFICES, COM PAGAMENTO EM 2025 DE 12 PARCELAS NO MONTANTE DE R$51.644,02. DO FINANCIAMENTO BRADESCO.";"312094,42";"19/08/2026";"11:32:51"
"31/08/2026";"12:31:08";2026;2;"Eleição Ordinária";6259;"Eleições Gerais Estaduais 2026";"04/10/2026";"AM";"AM";"AMAZONAS";40002531447;27;45;"Aplicação de renda fixa (CDB, RDB e outros)";"TREND CASH CIC DE CLASSES RF SIM - XP INVESTIMENTOS.";"85904,70";"19/08/2026";"11:32:51"
"31/08/2026";"12:31:08";2026;2;"Eleição Ordinária";6259;"Eleições Gerais Estaduais 2026";"04/10/2026";"AM";"AM";"AMAZONAS";40002531447;32;25;"Jóia, quadro, objeto de arte, de coleção, antiguidade, etc.";"QUADRO DA FUNDAÇÃO OSCAR NIEMEYER, CNPJ 32.085.367/0001-41.";"45000,00";"19/08/2026";"11:32:51"
"31/08/2026";"12:31:08";2026;2;"Eleição Ordinária";6259;"Eleições Gerais Estaduais 2026";"04/10/2026";"AM";"AM";"AMAZONAS";40002531447;30;15;"Sala ou conjunto";"UNIDADE 706-TORRE COMERCIAL STAMFORD DO EMPREENDIMENTO COMERCIAL - BRITANNIA PARK OFFICES, COM PAGAMENTO EM 2025 DE 12 PARCELAS NO MONTANTE DE R$51.644,02. DO FINANCIAMENTO BRADESCO.";"312094,42";"19/08/2026";"11:32:51"
"31/08/2026";"12:31:08";2026;2;"Eleição Ordinária";6259;"Eleições Gerais Estaduais 2026";"04/10/2026";"AM";"AM";"AMAZONAS";40002531447;31;15;"Sala ou conjunto";"UNIDADE 707-TORRE COMERCIAL STAMFORD DO EMPREENDIMENTO COMERCIAL - BRITANNIA PARK OFFICES, COM PAGAMENTO EM 2025 DE 12 PARCELAS NO MONTANTE DE R$51.644,02. DO FINANCIAMENTO BRADESCO.";"312094,42";"19/08/2026";"11:32:51"
"31/08/2026";"12:31:08";2026;2;"Eleição Ordinária";6259;"Eleições Gerais Estaduais 2026";"04/10/2026";"AM";"AM";"AMAZONAS";40002531447;34;13;"Terreno";"50% TERRENO DENOMINADO RECANTO DOS CARDEAIS, SITUADO A MARGEM ESQUERDA DO RIO TARUMÃ EM CONJUNTO COM SEU IRMÃO CARLOS DOS SANTOS BRAGA FILHO";"6909,42";"19/08/2026";"11:32:51"
"31/08/2026";"12:31:08";2026;2;"Eleição Ordinária";6259;"Eleições Gerais Estaduais 2026";"04/10/2026";"AM";"AM";"AMAZONAS";40002531447;35;13;"Terreno";"LOTE DE TERRAS, NO 109-A, SITUADO NA AV. PROJETADA NO LOTEAMENTO PONTA NEGRA, GLEBA 1, CONDOMINIO JARDIM EUROPA.";"10000,00";"19/08/2026";"11:32:51"
"31/08/2026";"12:31:08";2026;2;"Eleição Ordinária";6259;"Eleições Gerais Estaduais 2026";"04/10/2026";"AM";"AM";"AMAZONAS";40002531447;33;12;"Casa";"CASA RESIDENCIAL, RESULTADO DA UNIFICAÇÃO DOS LOTES 75-B E 76-B, SITUADA NA AV. PROJETADA DO LOTEAMENTO DENOMINADO PONTA NEGRA.";"963603,76";"19/08/2026";"11:32:51"
"31/08/2026";"12:31:08";2026;2;"Eleição Ordinária";6259;"Eleições Gerais Estaduais 2026";"04/10/2026";"AM";"AM";"AMAZONAS";40002531447;38;64;"Dinheiro em espécie - moeda estrangeira";"DINHEIRO EM ESPÉCIE (MOEDA ESTRANGEIRA)";"179675,18";"19/08/2026";"11:32:51"
"31/08/2026";"12:31:08";2026;2;"Eleição Ordinária";6259;"Eleições Gerais Estaduais 2026";"04/10/2026";"AM";"AM";"AMAZONAS";40002531447;37;73;"Fundo de Investimento Imobiliário";"APLICAÇÃO DE RENDA FIXA CERTIFICADO DE RECEBÍVEIS AGRONEGOCIO, BANCO BRADESCO S.A.";"2050000,00";"19/08/2026";"11:32:51"
"31/08/2026";"12:31:08";2026;2;"Eleição Ordinária";6259;"Eleições Gerais Estaduais 2026";"04/10/2026";"AM";"AM";"AMAZONAS";40002531447;36;45;"Aplicação de renda fixa (CDB, RDB e outros)";"APICAÇÕES DE RENDA FIXA - BANCO SAFRA";"16400,00";"19/08/2026";"11:32:51"
"31/08/2026";"12:31:08";2026;2;"Eleição Ordinária";6259;"Eleições Gerais Estaduais 2026";"04/10/2026";"AM";"AM";"AMAZONAS";40002531447;40;72;"Fundo de Longo Prazo e Fundo de Investimentos em Direitos Creditórios (FIDC)";"AWM LABOR CLAIM FUNDO DE INVESTI - XP INVESTIMENTOS";"1568250,00";"19/08/2026";"11:32:51"
"31/08/2026";"12:31:08";2026;2;"Eleição Ordinária";6259;"Eleições Gerais Estaduais 2026";"04/10/2026";"AM";"AM";"AMAZONAS";40002531447;41;72;"Fundo de Longo Prazo e Fundo de Investimentos em Direitos Creditórios (FIDC)";"ARTESANAL CP FIDC RL - XP INVESTIMENTOS";"250000,00";"19/08/2026";"11:32:51"
"31/08/2026";"12:31:08";2026;2;"Eleição Ordinária";6259;"Eleições Gerais Estaduais 2026";"04/10/2026";"AM";"AM";"AMAZONAS";40002531447;39;73;"Fundo de Investimento Imobiliário";"EB FS FIP CLASSE 2 - TREND PE - XP INVESTIMENTOS.";"25388,58";"19/08/2026";"11:32:51"
"31/08/2026";"12:31:08";2026;2;"Eleição Ordinária";6259;"Eleições Gerais Estaduais 2026";"04/10/2026";"AM";"AM";"AMAZONAS";40002531447;42;72;"Fundo de Longo Prazo e Fundo de Investimentos em Direitos Creditórios (FIDC)";"MCA CP FIC FIDC - XP INVESTIMENTOS";"250000,00";"19/08/2026";"11:32:51"
"31/08/2026";"12:31:08";2026;2;"Eleição Ordinária";6259;"Eleições Gerais Estaduais 2026";"04/10/2026";"AM";"AM";"AMAZONAS";40002531447;43;99;"OUTROS BENS E DIREITOS";"CREDITOS EM TRANSITO- JUROS S/ CAPITAL PRÓPRIO A RECEBER DE VALE S.A. CNPJ:33.592.510/0001-54";"40303,31";"19/08/2026";"11:32:51"
"31/08/2026";"12:31:08";2026;2;"Eleição Ordinária";6259;"Eleições Gerais Estaduais 2026";"04/10/2026";"AM";"AM";"AMAZONAS";40002531447;44;99;"OUTROS BENS E DIREITOS";"CREDITOS EM TRANSITO- JUROS S/ CAPITAL PRÓPRIO A RECEBER DE PETROLEO BRASILEIRO S.A. CNPJ:33.000.167/0001-01";"14843,75";"19/08/2026";"11:32:51"
"31/08/2026";"12:31:08";2026;2;"Eleição Ordinária";6259;"Eleições Gerais Estaduais 2026";"04/10/2026";"AM";"AM";"AMAZONAS";40002531447;45;25;"Jóia, quadro, objeto de arte, de coleção, antiguidade, etc.";"RELÓGIO ADQUIRIDO DA EMPRESA GDM COMERCIO";"40000,00";"19/08/2026";"11:32:51"
"31/08/2026";"12:31:08";2026;2;"Eleição Ordinária";6259;"Eleições Gerais Estaduais 2026";"04/10/2026";"AM";"AM";"AMAZONAS";40002531447;46;31;"Ações (inclusive as provenientes de linha telefônica)";"19.100 AÇÕES EQTL3 - EQUATORIAL S.A - AGORA INVESTIMENTOS.";"691030,28";"19/08/2026";"11:32:51"
"31/08/2026";"12:31:08";2026;2;"Eleição Ordinária";6259;"Eleições Gerais Estaduais 2026";"04/10/2026";"AM";"AM";"AMAZONAS";40002531447;47;31;"Ações (inclusive as provenientes de linha telefônica)";"10.201 AÇÕES KLBN11 - KLABIN S.A - AGORA INVESTIMENTOS.";"183845,72";"19/08/2026";"11:32:51"
"31/08/2026";"12:31:08";2026;2;"Eleição Ordinária";6259;"Eleições Gerais Estaduais 2026";"04/10/2026";"AM";"AM";"AMAZONAS";40002531447;48;99;"OUTROS BENS E DIREITOS";"CRÉDITO A RECEBER DE DIVIDENDOS ACUMULADOS ATÉ 2025.";"14900288,24";"19/08/2026";"11:32:51"
"31/08/2026";"12:31:08";2026;2;"Eleição Ordinária";6259;"Eleições Gerais Estaduais 2026";"04/10/2026";"AM";"AM";"AMAZONAS";40002531447;49;15;"Sala ou conjunto";"UNIDADE 709-TORRE COMERCIAL STAMFORD DO EMPREENDIMENTO COMERCIAL - BRITANNIA PARK OFFICES, COM PAGAMENTO EM 2025 DE 12 PARCELAS NO MONTANTE DE R$51.644,02. DO FINANCIAMENTO BRADESCO.";"312094,42";"19/08/2026";"11:32:51"
"31/08/2026";"12:31:08";2026;2;"Eleição Ordinária";6259;"Eleições Gerais Estaduais 2026";"04/10/2026";"AM";"AM";"AMAZONAS";40002531447;50;31;"Ações (inclusive as provenientes de linha telefônica)";"30.210 AÇÕES VALE DO RIO DOCE PNA N1, JUNTO A CORRETORA AGORA INVESTIMENTOS, SENDO ADQUIRIDO NO ANO 2.300 AÇÕES NO VALOR DE R$196.397,00";"2037854,72";"19/08/2026";"11:32:51"
"31/08/2026";"12:31:08";2026;2;"Eleição Ordinária";6259;"Eleições Gerais Estaduais 2026";"04/10/2026";"AM";"AM";"AMAZONAS";40002531447;51;61;"Depósito bancário em conta corrente no País";"SALDO EM C/C NU FINANCEIRA S.A. SOCIEDADE DE CRÉDITO, FINANCIAMENTO E INVESTIMENTO.";"35702,47";"19/08/2026";"11:32:51"
"31/08/2026";"12:31:08";2026;2;"Eleição Ordinária";6259;"Eleições Gerais Estaduais 2026";"04/10/2026";"AM";"AM";"AMAZONAS";40002531447;52;73;"Fundo de Investimento Imobiliário";"15.690 COTAS CACR11 - CARTESIA RECEBÍVEIS IMOBILIÁRIOS - FII RESPLIM.";"1545089,00";"19/08/2026";"11:32:51"
"31/08/2026";"12:31:08";2026;2;"Eleição Ordinária";6259;"Eleições Gerais Estaduais 2026";"04/10/2026";"AM";"AM";"AMAZONAS";40002531447;53;73;"Fundo de Investimento Imobiliário";"15.236 COTAS HSAF11 - HSI ATIVOS FINANCEIROS FII RESP LIM - AGORA INVESTIMENTOS.";"1240467,54";"19/08/2026";"11:32:51"
"31/08/2026";"12:31:08";2026;2;"Eleição Ordinária";6259;"Eleições Gerais Estaduais 2026";"04/10/2026";"AM";"AM";"AMAZONAS";40002531447;55;79;"Outros fundos";"FIP IE PERFIN APOLLO ENERGIA - PFIN11 - BTG PACTUAL SERVIÇOS FINANCEIROS S/A ADTVM";"19745,00";"19/08/2026";"11:32:51"
"31/08/2026";"12:31:08";2026;2;"Eleição Ordinária";6259;"Eleições Gerais Estaduais 2026";"04/10/2026";"AM";"AM";"AMAZONAS";40002531447;56;79;"Outros fundos";"19.745 COTAS PERFIN APOLLO ENERGIA FND DE INVEST EM PART.";"1500223,05";"19/08/2026";"11:32:51"
"31/08/2026";"12:31:08";2026;2;"Eleição Ordinária";6259;"Eleições Gerais Estaduais 2026";"04/10/2026";"AM";"AM";"AMAZONAS";40002531447;54;73;"Fundo de Investimento Imobiliário";"16.413 COTAS RBRY11 - FDO INV IMOBILIÁRIO CREDITO IMOB ESTRUTURADO RESP LIM - AGORA INVESTIMENTOS.";"1535359,07";"19/08/2026";"11:32:51"
"31/08/2026";"12:31:08";2026;2;"Eleição Ordinária";6259;"Eleições Gerais Estaduais 2026";"04/10/2026";"AM";"AM";"AMAZONAS";40002531447;57;97;"VGBL - Vida Gerador de Benefício Livre";"BRADESCO VIDA E PREVIDENCIA S/A SALDO EM VGBL, CNPJ 51.990.695/0001-37";"7061106,75";"19/08/2026";"11:32:51"
"31/08/2026";"12:31:08";2026;2;"Eleição Ordinária";6259;"Eleições Gerais Estaduais 2026";"04/10/2026";"AM";"AM";"AMAZONAS";40002531447;58;99;"OUTROS BENS E DIREITOS";"CREDITOS EM TRANSITO- JUROS S/ CAPITAL PRÓPRIO A RECEBER BANCO BRADESCO S.A. CNPJ:60.746.948/0001-12";"8785,24";"19/08/2026";"11:32:51"
"31/08/2026";"12:31:08";2026;2;"Eleição Ordinária";6259;"Eleições Gerais Estaduais 2026";"04/10/2026";"AM";"AM";"AMAZONAS";40002531447;59;31;"Ações (inclusive as provenientes de linha telefônica)";"9.800 AÇÕES JBSS32 JBS N.V.";"749980,77";"19/08/2026";"11:32:51"
"31/08/2026";"12:31:08";2026;2;"Eleição Ordinária";6259;"Eleições Gerais Estaduais 2026";"04/10/2026";"AM";"AM";"AMAZONAS";40002531447;60;41;"Caderneta de poupança";"SALDO EM CADERNETA DE POUPANÇA - BANCO BRADESCO S.A.";"29690,25";"19/08/2026";"11:32:51"
"31/08/2026";"12:31:08";2026;2;"Eleição Ordinária";6259;"Eleições Gerais Estaduais 2026";"04/10/2026";"AM";"AM";"AMAZONAS";40002531447;61;45;"Aplicação de renda fixa (CDB, RDB e outros)";"APLICAÇÃO DE RENDA FIXA CERTIFICADOS DE RECEBÍVEIS IMOBILIÁRIOS - BANCO BRADESCO S.A.";"2490255,72";"19/08/2026";"11:32:51"
"31/08/2026";"12:31:08";2026;2;"Eleição Ordinária";6259;"Eleições Gerais Estaduais 2026";"04/10/2026";"AM";"AM";"AMAZONAS";40002531447;62;45;"Aplicação de renda fixa (CDB, RDB e outros)";"APLICAÇÃO DE RENDA FIXA DEBENTURES INFRAESTRUTURA - BANCO BRADESCO S.A.";"1388905,99";"19/08/2026";"11:32:51"
"31/08/2026";"12:31:08";2026;2;"Eleição Ordinária";6259;"Eleições Gerais Estaduais 2026";"04/10/2026";"AM";"AM";"AMAZONAS";40002531447;64;79;"Outros fundos";"EB FUTURO SUSTENTÁVEL FIP MULTIE.";"36385,04";"19/08/2026";"11:32:51"
"31/08/2026";"12:31:08";2026;2;"Eleição Ordinária";6259;"Eleições Gerais Estaduais 2026";"04/10/2026";"AM";"AM";"AMAZONAS";40002531447;65;12;"Casa";"50% CASA SITUADA NA PRAÇA HELIODORO BALBI, EM CONJUNTO COM SEU IRMÃO CARLOS DOS SANTOS BRAGA FILHO.";"55925,58";"19/08/2026";"11:32:51"
"31/08/2026";"12:31:08";2026;2;"Eleição Ordinária";6259;"Eleições Gerais Estaduais 2026";"04/10/2026";"AM";"AM";"AMAZONAS";40002531447;63;45;"Aplicação de renda fixa (CDB, RDB e outros)";"APLICAÇÃO DE RENDA FIXA CERTIFICADO OPERAÇÕES ESTRUTURADAS (COE) - BANCO SAFRA.";"100000,00";"19/08/2026";"11:32:51"
"31/08/2026";"12:31:08";2026;2;"Eleição Ordinária";6259;"Eleições Gerais Estaduais 2026";"04/10/2026";"AM";"AM";"AMAZONAS";40002531447;66;31;"Ações (inclusive as provenientes de linha telefônica)";"33.200 AÇÕES PETRA JUNTO A AGORA INVESTIMENTOS.";"1086570,39";"19/08/2026";"11:32:51"
"31/08/2026";"12:31:08";2026;2;"Eleição Ordinária";6259;"Eleições Gerais Estaduais 2026";"04/10/2026";"AM";"AM";"AMAZONAS";40002531447;67;31;"Ações (inclusive as provenientes de linha telefônica)";"19.500 AÇÕES AXIA6 - CENTRAIS ELET BRAS S.A - ELETROBRAS - AGORA INVESTIMENTOS.";"739427,19";"19/08/2026";"11:32:51"
"31/08/2026";"12:31:08";2026;2;"Eleição Ordinária";6259;"Eleições Gerais Estaduais 2026";"04/10/2026";"AM";"AM";"AMAZONAS";40002531447;68;31;"Ações (inclusive as provenientes de linha telefônica)";"5.125,33 AÇÕES AXIA7 - CENTRAIS ELET BRAS S.A - ELETROBRAS - AGORA INVESTIMENTOS.";"253380,00";"19/08/2026";"11:32:51"
"31/08/2026";"12:31:08";2026;2;"Eleição Ordinária";6259;"Eleições Gerais Estaduais 2026";"04/10/2026";"AM";"AM";"AMAZONAS";40002531447;71;63;"Dinheiro em espécie - moeda nacional";"DINHEIRO EM ESPÉCIE (MOEDA NACIONAL)";"173000,00";"19/08/2026";"11:32:51"
"31/08/2026";"12:31:08";2026;2;"Eleição Ordinária";6259;"Eleições Gerais Estaduais 2026";"04/10/2026";"AM";"AM";"AMAZONAS";40002531447;70;31;"Ações (inclusive as provenientes de linha telefônica)";"10.300 AÇÕES - ABCB4 -BANCO DO BRASIL S.A - AGORA INVESTIMENTOS.";"217788,48";"19/08/2026";"11:32:51"
"31/08/2026";"12:31:08";2026;2;"Eleição Ordinária";6259;"Eleições Gerais Estaduais 2026";"04/10/2026";"AM";"AM";"AMAZONAS";40002531447;69;31;"Ações (inclusive as provenientes de linha telefônica)";"21.100 AÇÕES BBSE3 - BB SEGURIDADE PARTICIPAÇÕES - AGORA INVESTIMENTOS.";"745653,63";"19/08/2026";"11:32:51"
"31/08/2026";"12:31:08";2026;2;"Eleição Ordinária";6259;"Eleições Gerais Estaduais 2026";"04/10/2026";"AM";"AM";"AMAZONAS";40002531447;74;49;"Outras aplicações e Investimentos";"BNDES LCD FLU 25F02251178 - XP INVESTIMENTOS.";"499734,59";"19/08/2026";"11:32:51"
"31/08/2026";"12:31:08";2026;2;"Eleição Ordinária";6259;"Eleições Gerais Estaduais 2026";"04/10/2026";"AM";"AM";"AMAZONAS";40002531447;73;79;"Outros fundos";"RB CAPITAL SECURITIZADORA S.A CRA FLU CRA021002YB - XP INVESTIMENTOS.";"242487,38";"19/08/2026";"11:32:51"
"31/08/2026";"12:31:08";2026;2;"Eleição Ordinária";6259;"Eleições Gerais Estaduais 2026";"04/10/2026";"AM";"AM";"AMAZONAS";40002531447;72;73;"Fundo de Investimento Imobiliário";"FII RBR CRÉDITO IMOBILIÁRIO ESTRUTURADO - RBRY11-BTG PACTUAL SERVIÇOS FINANCEIROS A/A DTVM";"16413,00";"19/08/2026";"11:32:51"
"31/08/2026";"12:31:08";2026;2;"Eleição Ordinária";6259;"Eleições Gerais Estaduais 2026";"04/10/2026";"AM";"AM";"AMAZONAS";40002531447;75;49;"Outras aplicações e Investimentos";"ECO SECURIZADORA DE DIREITOS C CRA FLU CRA024001P6 - XP INVESTIMENTOS.";"195374,31";"19/08/2026";"11:32:51"
"31/08/2026";"12:31:08";2026;2;"Eleição Ordinária";6259;"Eleições Gerais Estaduais 2026";"04/10/2026";"AM";"AM";"AMAZONAS";40002531447;77;41;"Caderneta de poupança";"SALDO EM CADERNETA DE POUPANÇA - BANCO BRADESCO S.A.";"326,67";"19/08/2026";"11:32:51"
"31/08/2026";"12:31:08";2026;2;"Eleição Ordinária";6259;"Eleições Gerais Estaduais 2026";"04/10/2026";"AM";"AM";"AMAZONAS";40002531447;76;32;"Quotas ou quinhões de capital";"1.179.200 QUOTAS DE CAPÍTAL SOCIAL NA EMPRESA PARINTINS PARTICIPAÇÕES LTDA. CONF. ALTERAÇÕES NO CONTRATO SOCIAL REGISTRADAS NA JUCEA N° 1721073 EM 15/01/2025 E N° 1831019 EM 19/12/2025.";"1179200,00";"19/08/2026";"11:32:51"
"31/08/2026";"12:31:08";2026;2;"Eleição Ordinária";6259;"Eleições Gerais Estaduais 2026";"04/10/2026";"AM";"AM";"AMAZONAS";40002531447;79;99;"OUTROS BENS E DIREITOS";"CREDITO A RECEBER DE PARINTINS PARTICIPAÇÕES LTDA CONFORME CONTRATO DE MUTO ACRESCIMO EM 2013 O VALOE DE R$1.393.766,47.";"3204636,47";"19/08/2026";"11:32:51"
"31/08/2026";"12:31:08";2026;2;"Eleição Ordinária";6259;"Eleições Gerais Estaduais 2026";"04/10/2026";"AM";"AM";"AMAZONAS";40002531447;80;61;"Depósito bancário em conta corrente no País";"SALDO EM CONTA CORRENTE - BANCO SAFRA S.A. AG 4400";"93,58";"19/08/2026";"11:32:51"
"31/08/2026";"12:31:08";2026;2;"Eleição Ordinária";6259;"Eleições Gerais Estaduais 2026";"04/10/2026";"AM";"AM";"AMAZONAS";40002531447;78;45;"Aplicação de renda fixa (CDB, RDB e outros)";"APLICAÇÃO DE RENDA FIXA (CDB) BANCO BRADESCO. AG 20.030-1 E AG 1217.";"643915,08";"19/08/2026";"11:32:51"
"31/08/2026";"12:31:08";2026;2;"Eleição Ordinária";6259;"Eleições Gerais Estaduais 2026";"04/10/2026";"AM";"AM";"AMAZONAS";40002531448;1;97;"VGBL - Vida Gerador de Benefício Livre";"SALDO BANCO BRADESCO VGBL";"793327,46";"19/08/2026";"11:36:43"
"31/08/2026";"12:31:08";2026;2;"Eleição Ordinária";6259;"Eleições Gerais Estaduais 2026";"04/10/2026";"AM";"AM";"AMAZONAS";40002531448;2;99;"OUTROS BENS E DIREITOS";"CREDITO A RECEBER DE PARINTINS PARTICIPACOES LTDA";"3812727,06";"19/08/2026";"11:36:43"
"31/08/2026";"12:31:08";2026;2;"Eleição Ordinária";6259;"Eleições Gerais Estaduais 2026";"04/10/2026";"AM";"AM";"AMAZONAS";40002531447;81;13;"Terreno";"LOTE DE TERRAS SOB O N°105-B, LOTEAMENTO PONTA NEGRA, GLEBA -I.";"100000,00";"19/08/2026";"11:32:51"
"31/08/2026";"12:31:08";2026;2;"Eleição Ordinária";6259;"Eleições Gerais Estaduais 2026";"04/10/2026";"AM";"AM";"AMAZONAS";40002531448;3;25;"Jóia, quadro, objeto de arte, de coleção, antiguidade, etc.";"JOIAS DIVERSAS ADQUIRIDAS DE PLATINA";"113800,00";"19/08/2026";"11:36:43"
"31/08/2026";"12:31:08";2026;2;"Eleição Ordinária";6259;"Eleições Gerais Estaduais 2026";"04/10/2026";"AM";"AM";"AMAZONAS";40002531448;4;32;"Quotas ou quinhões de capital";"294.800 QUOTAS DE CAPITAL SOCIAL NA EMPRESA  ARINTINS PARTICIPACOES LTDA, CONF. ATERACOES NO CONTRATO SOCIAL REGISTRADAS NA JUCEA NO 1721073 EM 15/01/2025 E NO 1831019 EM  9/12/2025.66";"294800,00";"19/08/2026";"11:36:43"
"31/08/2026";"12:31:08";2026;2;"Eleição Ordinária";6259;"Eleições Gerais Estaduais 2026";"04/10/2026";"AM";"AM";"AMAZONAS";40002531448;5;32;"Quotas ou quinhões de capital";"QUOTAS DE CAPITAL SOCIAL NA EMPRESA PARINTINS PETROLEO LTDA, CNPJ(MF) NO 09.558.330/0001-71";"14035,00";"19/08/2026";"11:36:43"
"31/08/2026";"12:31:08";2026;2;"Eleição Ordinária";6259;"Eleições Gerais Estaduais 2026";"04/10/2026";"AM";"AM";"AMAZONAS";40002531448;7;97;"VGBL - Vida Gerador de Benefício Livre";"BRASIL PREV ESTILO VGBL";"49878,21";"19/08/2026";"11:36:43"
"31/08/2026";"12:31:08";2026;2;"Eleição Ordinária";6259;"Eleições Gerais Estaduais 2026";"04/10/2026";"AM";"AM";"AMAZONAS";40002531448;8;64;"Dinheiro em espécie - moeda estrangeira";"DINHEIRO EM ESPECIE (MOEDA ESTRANGEIRA)";"25832,00";"19/08/2026";"11:36:43"
"31/08/2026";"12:31:08";2026;2;"Eleição Ordinária";6259;"Eleições Gerais Estaduais 2026";"04/10/2026";"AM";"AM";"AMAZONAS";40002531448;6;32;"Quotas ou quinhões de capital";"50 QUOTAS DE CAPITAL SOCIAL NA EMPRESA AMAZONAS INCORPORADORA LTDA, CNPJ(MF) 22.339.348/0001-40";"50,00";"19/08/2026";"11:36:43"
"31/08/2026";"12:31:08";2026;2;"Eleição Ordinária";6259;"Eleições Gerais Estaduais 2026";"04/10/2026";"AM";"AM";"AMAZONAS";40002531448;9;32;"Quotas ou quinhões de capital";"1.250 QUOTAS DE CAPITAL SOCIAL NA EMPRESA ETRE CLINIC LTDA";"1250,00";"19/08/2026";"11:36:43"
"31/08/2026";"12:31:08";2026;2;"Eleição Ordinária";6259;"Eleições Gerais Estaduais 2026";"04/10/2026";"AM";"AM";"AMAZONAS";40002531448;10;45;"Aplicação de renda fixa (CDB, RDB e outros)";"APLICACAO DE RENDA FIXA CERTIFICADOS DE RECEBIVEIS  IMOBILIARIOS - BANCO BRADESCO";"238292,49";"19/08/2026";"11:36:43"
"31/08/2026";"12:31:08";2026;2;"Eleição Ordinária";6259;"Eleições Gerais Estaduais 2026";"04/10/2026";"AM";"AM";"AMAZONAS";40002531448;11;45;"Aplicação de renda fixa (CDB, RDB e outros)";"01 BRADESCO PRIVATE FUNDO DE INVESTIMENTO EM COTAS DE FUNDOS DE INVESTIMENTO RENDA FIXA REFERENCIADO DI PORTIFOLIO - INFORMADO POR CNPJ 60.746.948/0001-12";"163883,41";"19/08/2026";"11:36:43"
"31/08/2026";"12:31:08";2026;2;"Eleição Ordinária";6259;"Eleições Gerais Estaduais 2026";"04/10/2026";"AM";"AM";"AMAZONAS";40002531448;12;61;"Depósito bancário em conta corrente no País";"SALDO EM CONTA CORRENTE NO BANCO BRADESCO S.A";"1,00";"19/08/2026";"11:36:43"
"31/08/2026";"12:31:08";2026;2;"Eleição Ordinária";6259;"Eleições Gerais Estaduais 2026";"04/10/2026";"AM";"AM";"AMAZONAS";40002531448;13;45;"Aplicação de renda fixa (CDB, RDB e outros)";"CDB RENDE FACIL BANCO DO BRASIL";"423,23";"19/08/2026";"11:36:43"
"31/08/2026";"12:31:08";2026;2;"Eleição Ordinária";6259;"Eleições Gerais Estaduais 2026";"04/10/2026";"AM";"AM";"AMAZONAS";40002531448;14;45;"Aplicação de renda fixa (CDB, RDB e outros)";"APLICACAO DE RENDA FIXA DEBENTURES INFRAESTRUTURA";"70462,72";"19/08/2026";"11:36:43"
"31/08/2026";"12:31:08";2026;2;"Eleição Ordinária";6259;"Eleições Gerais Estaduais 2026";"04/10/2026";"AM";"AM";"AMAZONAS";40002531448;16;63;"Dinheiro em espécie - moeda nacional";"DINHEIRO EM ESPECIE (MOEDA NACIONAL)";"120000,00";"19/08/2026";"11:36:43"
"31/08/2026";"12:31:08";2026;2;"Eleição Ordinária";6259;"Eleições Gerais Estaduais 2026";"04/10/2026";"AM";"AM";"AMAZONAS";40002531448;17;45;"Aplicação de renda fixa (CDB, RDB e outros)";"APLICACAO DE RENDA FIXA-CDB BANCO BRADESCO";"661840,17";"19/08/2026";"11:36:43"
"31/08/2026";"12:31:08";2026;2;"Eleição Ordinária";6259;"Eleições Gerais Estaduais 2026";"04/10/2026";"AM";"AM";"AMAZONAS";40002531448;15;45;"Aplicação de renda fixa (CDB, RDB e outros)";"APLICACAO DE RENDA FIXA CRA BRADESCO S.A";"75304,01";"19/08/2026";"11:36:43"
"31/08/2026";"12:31:08";2026;2;"Eleição Ordinária";6259;"Eleições Gerais Estaduais 2026";"04/10/2026";"AM";"AM";"AMAZONAS";40002532271;2;95;"Consórcio não contemplado";"CONSÓRIO DE IMÓVEL";"305034,77";"22/08/2026";"16:44:02"
"31/08/2026";"12:31:08";2026;2;"Eleição Ordinária";6259;"Eleições Gerais Estaduais 2026";"04/10/2026";"AM";"AM";"AMAZONAS";40002532271;1;12;"Casa";"IMÓVEL";"450000,00";"22/08/2026";"16:44:02"
"31/08/2026";"12:31:08";2026;2;"Eleição Ordinária";6259;"Eleições Gerais Estaduais 2026";"04/10/2026";"AM";"AM";"AMAZONAS";40002532271;3;41;"Caderneta de poupança";"CADERNETA DE POUPANÇA";"83269,18";"22/08/2026";"16:44:02"
"31/08/2026";"12:31:08";2026;2;"Eleição Ordinária";6259;"Eleições Gerais Estaduais 2026";"04/10/2026";"AM";"AM";"AMAZONAS";40002532271;6;11;"Apartamento";"APARTAMENTO";"254769,31";"22/08/2026";"16:44:02"
"31/08/2026";"12:31:08";2026;2;"Eleição Ordinária";6259;"Eleições Gerais Estaduais 2026";"04/10/2026";"AM";"AM";"AMAZONAS";40002532271;4;12;"Casa";"IMÓVEL";"250000,00";"22/08/2026";"16:44:02"
"31/08/2026";"12:31:08";2026;2;"Eleição Ordinária";6259;"Eleições Gerais Estaduais 2026";"04/10/2026";"AM";"AM";"AMAZONAS";40002532271;5;12;"Casa";"IMÓVEL";"100000,00";"22/08/2026";"16:44:02"
"31/08/2026";"12:31:08";2026;2;"Eleição Ordinária";6259;"Eleições Gerais Estaduais 2026";"04/10/2026";"AM";"AM";"AMAZONAS";40002532272;1;13;"Terreno";"LOTES DE TERRA";"320000,00";"27/08/2026";"12:53:56"
"31/08/2026";"12:31:08";2026;2;"Eleição Ordinária";6259;"Eleições Gerais Estaduais 2026";"04/10/2026";"AM";"AM";"AMAZONAS";40002532272;3;49;"Outras aplicações e Investimentos";"APLICAÇÃO FINANCEIRA";"125,84";"27/08/2026";"12:53:56"
"31/08/2026";"12:31:08";2026;2;"Eleição Ordinária";6259;"Eleições Gerais Estaduais 2026";"04/10/2026";"AM";"AM";"AMAZONAS";40002532272;2;12;"Casa";"CASA";"670133,39";"27/08/2026";"12:53:56"
"31/08/2026";"12:31:08";2026;2;"Eleição Ordinária";6259;"Eleições Gerais Estaduais 2026";"04/10/2026";"AM";"AM";"AMAZONAS";40002532734;1;13;"Terreno";"01(UM) TERRENO COM 393,69M , E UM PERIMETRO DE 115,24ML, LIMITANDO-SE PELA FRENTE, COM A BOULEVARD PEDRO RATES. TRASLADO:1O - LIVRO NO 025 - FLSNO 006/007- 2O TABELIONATO E REGISTROS PUBLICOS DE MANAC";"30000,00";"25/08/2026";"17:42:05"
"31/08/2026";"12:31:08";2026;2;"Eleição Ordinária";6259;"Eleições Gerais Estaduais 2026";"04/10/2026";"AM";"AM";"AMAZONAS";40002532272;5;49;"Outras aplicações e Investimentos";"APLICAÇÃO FINANCEIRA";"86694,54";"27/08/2026";"12:53:56"
"31/08/2026";"12:31:08";2026;2;"Eleição Ordinária";6259;"Eleições Gerais Estaduais 2026";"04/10/2026";"AM";"AM";"AMAZONAS";40002532272;4;45;"Aplicação de renda fixa (CDB, RDB e outros)";"FUNDO DE INVESTIMENTO - RENDA FIXA";"993654,23";"27/08/2026";"12:53:56"
"31/08/2026";"12:31:08";2026;2;"Eleição Ordinária";6259;"Eleições Gerais Estaduais 2026";"04/10/2026";"AM";"AM";"AMAZONAS";40002532734;2;13;"Terreno";"01(UM) TERRENO SITUADO NO MUNICIPIO DE MANACAPURU COMAREA DE 2.985.150,00M (DOIS MILHOES NOVECENTOS E OITENTE E CINCO MIL CENTO E CINQUENTA METROS QUADRADOS) CONFORME TRASLAADO:1 - LIVRO NO30, FLS NO";"225000,00";"25/08/2026";"17:42:05"
"31/08/2026";"12:31:08";2026;2;"Eleição Ordinária";6259;"Eleições Gerais Estaduais 2026";"04/10/2026";"AM";"AM";"AMAZONAS";40002532734;3;13;"Terreno";"01(UM) TERRENO COM AREA TOTAL DE 156.540,00M (CENTO E CINQUANTA E SEIS MIL QUNHENTOS E QUARENTA METROS QUADRADOS) DENOMINADO, SAO JOSE, ANTIGO REMANSO, SITUADO NA MARGEM ESQUERDA DO RIO SOLIMOES,MANAC";"40000,00";"25/08/2026";"17:42:05"
"31/08/2026";"12:31:08";2026;2;"Eleição Ordinária";6259;"Eleições Gerais Estaduais 2026";"04/10/2026";"AM";"AM";"AMAZONAS";40002532734;4;13;"Terreno";"01(UM) TERRENO COM AREA DE 91,07 M LOTE NO08, QUADRA 22, BAIRRO COMPENSA III- LIVRO:2635, FOLHA:044, PROT. 030381 TRASLADO.1.";"450000,00";"25/08/2026";"17:42:05"
"31/08/2026";"12:31:08";2026;2;"Eleição Ordinária";6259;"Eleições Gerais Estaduais 2026";"04/10/2026";"AM";"AM";"AMAZONAS";40002532734;7;13;"Terreno";"01(UM) TERRENO SITUADO NA ESTRADA DA CORRENTEZA MARGEM ESQUEDA DO RIO SOLIMOES, NA CIDADE DE MANACAPURU, COM UMA PAREA DE 63.927,50M , ABRANGENDO UM PERIMETRO DE 921,56ML, COM OS SEGUINTES LIMITES E C";"240000,00";"25/08/2026";"17:42:05"
"31/08/2026";"12:31:08";2026;2;"Eleição Ordinária";6259;"Eleições Gerais Estaduais 2026";"04/10/2026";"AM";"AM";"AMAZONAS";40002532734;5;13;"Terreno";"01(UM) LOTE DE TERRAS, LOCALIZADO NO IGARAPE DO MACUMIRI, RIO MANACAPURU MEDINDO 250, HECTARES";"100000,00";"25/08/2026";"17:42:05"
"31/08/2026";"12:31:08";2026;2;"Eleição Ordinária";6259;"Eleições Gerais Estaduais 2026";"04/10/2026";"AM";"AM";"AMAZONAS";40002532734;6;11;"Apartamento";"01(UM) APARTAMENTO -CONDOMINIO RESIDENCIAL RESERVA DAS PRAIAS- NO301, TORRE.1 , POSUINDO UMA AREA PRIVATIVA REAL COBERTA: 85,01M , AREA DE USO COMUM: 85,01, AREA TOTAL 58,40 , AREA EQUIVALENTE TOTAL 1";"398832,37";"25/08/2026";"17:42:05"
"31/08/2026";"12:31:08";2026;2;"Eleição Ordinária";6259;"Eleições Gerais Estaduais 2026";"04/10/2026";"AM";"AM";"AMAZONAS";40002532734;10;13;"Terreno";"01(UM) LOTE DE TERRAS DENOMINADO BOA FE, SITO NO LOGO DO MIRITY, MUNICIPIO DE MANACAPURU/AM, COM AREA APROXIMADA DE 500.000,00M (QUINHETOS MIL METROS QUADRADOS), CONFORME TRASLADO: 1O, LIVRO NO 027 ,";"40000,00";"25/08/2026";"17:42:05"
"31/08/2026";"12:31:08";2026;2;"Eleição Ordinária";6259;"Eleições Gerais Estaduais 2026";"04/10/2026";"AM";"AM";"AMAZONAS";40002532734;9;13;"Terreno";"01 (UM) TERRENO MEDINDO 20,00M, DE FRENTE POR (18,00M) DE FUNDOS, LIMITANDO-SE, PELA FRENTE COM A RUA CAROLINE FERNANDES, MEDINDO EM LINHA RETA (20,00M), PELO LADO DIREITO COM TERRENO PERTENCENTE A JO";"40000,00";"25/08/2026";"17:42:05"
"31/08/2026";"12:31:08";2026;2;"Eleição Ordinária";6259;"Eleições Gerais Estaduais 2026";"04/10/2026";"AM";"AM";"AMAZONAS";40002532734;8;13;"Terreno";"01(UM) TERRENO COM AREA DE 241,79M , MATRICULADO NA PREFEITURA DE MANAUS SOB O NO 336042- 3O OFICIO DE NOTAS EM MANAUS- LIVRONO 2648, FOLHA:066, PROT. 032563- TRASLADO:1";"250000,00";"25/08/2026";"17:42:05"
"31/08/2026";"12:31:08";2026;2;"Eleição Ordinária";6259;"Eleições Gerais Estaduais 2026";"04/10/2026";"AM";"AM";"AMAZONAS";40002532734;13;13;"Terreno";"01(UM)TERRENO MEDINDO 10,00(DEZ METROS) DE FRENTE, POR 30,00(TRINTA METROS) DE FUNDOS PERFAZENDO UMA AREA DE 300,00 M (TREZENTOS METROS QUADRADOS), LOTE SDE TERRAS E-1, QUADRA 22, DO LETEAMENTO SITUAD";"100000,00";"25/08/2026";"17:42:05"
"31/08/2026";"12:31:08";2026;2;"Eleição Ordinária";6259;"Eleições Gerais Estaduais 2026";"04/10/2026";"AM";"AM";"AMAZONAS";40002532734;12;13;"Terreno";"01(UM) TERRENO COM AREA DE 126,31M , MATRICULA NA PREFEITURA DE MANAUS SOB O NO 417371- REGISTRADO NO CARTORIO DO TERCEIRO OFICIO DE NOTAS EM MANAUS, LIVRO: 2635, FOLHA: 045, PROT: 030376 , TRALADO:1.";"450000,00";"25/08/2026";"17:42:05"
"31/08/2026";"12:31:08";2026;2;"Eleição Ordinária";6259;"Eleições Gerais Estaduais 2026";"04/10/2026";"AM";"AM";"AMAZONAS";40002532734;11;45;"Aplicação de renda fixa (CDB, RDB e outros)";"APLICAÇÃO CONTA";"84,99";"25/08/2026";"17:42:05"
"31/08/2026";"12:31:08";2026;2;"Eleição Ordinária";6259;"Eleições Gerais Estaduais 2026";"04/10/2026";"AM";"AM";"AMAZONAS";40002532735;1;61;"Depósito bancário em conta corrente no País";"CONTA CORRENTE BRADESCO";"7000,00";"25/08/2026";"17:42:05"
"31/08/2026";"12:31:08";2026;2;"Eleição Ordinária";6259;"Eleições Gerais Estaduais 2026";"04/10/2026";"AM";"AM";"AMAZONAS";40002532735;2;21;"Veículo automotor terrestre: caminhão, automóvel, moto, etc.";"VEICULO  PICKUP NISSAN FRONTIER";"280000,00";"25/08/2026";"17:42:05"
"31/08/2026";"12:31:08";2026;2;"Eleição Ordinária";6259;"Eleições Gerais Estaduais 2026";"04/10/2026";"AM";"AM";"AMAZONAS";40002532735;3;12;"Casa";"RESIDÊNCIA ZONA URBANA";"3000000,00";"25/08/2026";"17:42:05"
"31/08/2026";"12:31:08";2026;2;"Eleição Ordinária";6259;"Eleições Gerais Estaduais 2026";"04/10/2026";"AM";"AM";"AMAZONAS";40002532737;1;21;"Veículo automotor terrestre: caminhão, automóvel, moto, etc.";"VEICULO PICAPE MMC/L200 TRITON SPO GL PC QZV6H06";"166000,00";"25/08/2026";"17:42:05"
"31/08/2026";"12:31:08";2026;2;"Eleição Ordinária";6259;"Eleições Gerais Estaduais 2026";"04/10/2026";"AM";"AM";"AMAZONAS";40002532736;1;11;"Apartamento";"APARTAMENTO LOCALIZADO NA AV. CORONEL TEIXEIRA, N. 8197, APT. 1202, BAIRRO NOVA ESPERANÇA, MANAUS/AM.";"750000,00";"19/08/2026";"16:15:19"
"31/08/2026";"12:31:08";2026;2;"Eleição Ordinária";6259;"Eleições Gerais Estaduais 2026";"04/10/2026";"AM";"AM";"AMAZONAS";40002532736;2;45;"Aplicação de renda fixa (CDB, RDB e outros)";"APLICAÇÃO FINANCEIRA NO BANCO DO BRASIL PREVIDÊNCIA CNPJ: 60.746.948/0001-12";"200008,44";"19/08/2026";"16:15:19"
"31/08/2026";"12:31:08";2026;2;"Eleição Ordinária";6259;"Eleições Gerais Estaduais 2026";"04/10/2026";"AM";"AM";"AMAZONAS";40002532737;3;13;"Terreno";"LOTE, LOCALIZADO SANTO ANTÔNIO";"200000,00";"25/08/2026";"17:42:05"
"31/08/2026";"12:31:08";2026;2;"Eleição Ordinária";6259;"Eleições Gerais Estaduais 2026";"04/10/2026";"AM";"AM";"AMAZONAS";40002532737;4;12;"Casa";"CASA ADQUERIDA EM 16/12/2008, LOCALIZADA ALEIXO";"500000,00";"25/08/2026";"17:42:05"
"31/08/2026";"12:31:08";2026;2;"Eleição Ordinária";6259;"Eleições Gerais Estaduais 2026";"04/10/2026";"AM";"AM";"AMAZONAS";40002532737;2;32;"Quotas ou quinhões de capital";"90% PARTICIP. SOCIET. EMPRESA MARQUES E MATOS LTDA";"45000,00";"25/08/2026";"17:42:05"
"31/08/2026";"12:31:08";2026;2;"Eleição Ordinária";6259;"Eleições Gerais Estaduais 2026";"04/10/2026";"AM";"AM";"AMAZONAS";40002532737;5;13;"Terreno";"TERRENO, LOCALIZADO FLORES";"250000,00";"25/08/2026";"17:42:05"
"31/08/2026";"12:31:08";2026;2;"Eleição Ordinária";6259;"Eleições Gerais Estaduais 2026";"04/10/2026";"AM";"AM";"AMAZONAS";40002532737;6;13;"Terreno";"LOTE ADQURIDO A VISTA EM 16/06/2020, LOCALIZADO IRANDUBA";"100000,00";"25/08/2026";"17:42:05"
"31/08/2026";"12:31:08";2026;2;"Eleição Ordinária";6259;"Eleições Gerais Estaduais 2026";"04/10/2026";"AM";"AM";"AMAZONAS";40002532737;7;12;"Casa";"CASA, LOCALIZADA BORBA";"25000,00";"25/08/2026";"17:42:05"
"31/08/2026";"12:31:08";2026;2;"Eleição Ordinária";6259;"Eleições Gerais Estaduais 2026";"04/10/2026";"AM";"AM";"AMAZONAS";40002532738;1;61;"Depósito bancário em conta corrente no País";"SALDO EM CONTA CORRENTE BANCO DO BRASIL";"76,70";"27/08/2026";"10:31:44"
"31/08/2026";"12:31:08";2026;2;"Eleição Ordinária";6259;"Eleições Gerais Estaduais 2026";"04/10/2026";"AM";"AM";"AMAZONAS";40002532738;2;41;"Caderneta de poupança";"SALDO EM POUPANÇA BRADESCO";"332,67";"27/08/2026";"10:31:44"
"31/08/2026";"12:31:08";2026;2;"Eleição Ordinária";6259;"Eleições Gerais Estaduais 2026";"04/10/2026";"AM";"AM";"AMAZONAS";40002532738;3;41;"Caderneta de poupança";"POUPANÇA OURO";"664,47";"27/08/2026";"10:31:44"
"31/08/2026";"12:31:08";2026;2;"Eleição Ordinária";6259;"Eleições Gerais Estaduais 2026";"04/10/2026";"AM";"AM";"AMAZONAS";40002532739;1;13;"Terreno";"TERRENO MEDINDO 9,84 X 23,91 - NO BAIRRO MAUAZINHO";"103896,04";"19/08/2026";"16:15:19"
"31/08/2026";"12:31:08";2026;2;"Eleição Ordinária";6259;"Eleições Gerais Estaduais 2026";"04/10/2026";"AM";"AM";"AMAZONAS";40002532739;2;21;"Veículo automotor terrestre: caminhão, automóvel, moto, etc.";"CARRO FIAT MOBI LIKE VERMELHO 2021";"53990,00";"19/08/2026";"16:15:19"
"31/08/2026";"12:31:08";2026;2;"Eleição Ordinária";6259;"Eleições Gerais Estaduais 2026";"04/10/2026";"AM";"AM";"AMAZONAS";40002532739;3;41;"Caderneta de poupança";"CADERNETA DE POUPANÇA";"1009,43";"19/08/2026";"16:15:19"
"31/08/2026";"12:31:08";2026;2;"Eleição Ordinária";6259;"Eleições Gerais Estaduais 2026";"04/10/2026";"AM";"AM";"AMAZONAS";40002532739;4;61;"Depósito bancário em conta corrente no País";"DEPOSITO EM CONTA CORRENTE";"3000,00";"19/08/2026";"16:15:19"
"31/08/2026";"12:31:08";2026;2;"Eleição Ordinária";6259;"Eleições Gerais Estaduais 2026";"04/10/2026";"AM";"AM";"AMAZONAS";40002532739;5;21;"Veículo automotor terrestre: caminhão, automóvel, moto, etc.";"MOTONET YAMAHA AEROX 160 PRETA";"19542,00";"19/08/2026";"16:15:19"
"31/08/2026";"12:31:08";2026;2;"Eleição Ordinária";6259;"Eleições Gerais Estaduais 2026";"04/10/2026";"AM";"AM";"AMAZONAS";40002532740;1;32;"Quotas ou quinhões de capital";"QUOTAS COLLAB SEGUROS";"52250,00";"19/08/2026";"16:15:19"
"31/08/2026";"12:31:08";2026;2;"Eleição Ordinária";6259;"Eleições Gerais Estaduais 2026";"04/10/2026";"AM";"AM";"AMAZONAS";40002532740;3;61;"Depósito bancário em conta corrente no País";"SALDO EM CONTA CORRENTE";"16359,20";"19/08/2026";"16:15:19"
"31/08/2026";"12:31:08";2026;2;"Eleição Ordinária";6259;"Eleições Gerais Estaduais 2026";"04/10/2026";"AM";"AM";"AMAZONAS";40002532740;2;32;"Quotas ou quinhões de capital";"QUOTAS G COSMETICOS";"25000,00";"19/08/2026";"16:15:19"
"31/08/2026";"12:31:08";2026;2;"Eleição Ordinária";6259;"Eleições Gerais Estaduais 2026";"04/10/2026";"AM";"AM";"AMAZONAS";40002532740;4;32;"Quotas ou quinhões de capital";"GARCIA HOLDING";"10000,00";"19/08/2026";"16:15:19"
"31/08/2026";"12:31:08";2026;2;"Eleição Ordinária";6259;"Eleições Gerais Estaduais 2026";"04/10/2026";"AM";"AM";"AMAZONAS";40002532742;3;21;"Veículo automotor terrestre: caminhão, automóvel, moto, etc.";"VEÍCULO AUTOMOTOR TERRESTRE: CAMINHÃO, AUTOMÓVEL, MOTO, ETC. ¿ HONDA FIT ¿ PRATA";"40000,00";"22/08/2026";"15:45:46"
"31/08/2026";"12:31:08";2026;2;"Eleição Ordinária";6259;"Eleições Gerais Estaduais 2026";"04/10/2026";"AM";"AM";"AMAZONAS";40002532742;2;21;"Veículo automotor terrestre: caminhão, automóvel, moto, etc.";"VEÍCULO AUTOMOTOR TERRESTRE: CAMINHÃO, AUTOMÓVEL, MOTO, ETC. ¿ JEEP ¿ PRETO";"60000,00";"22/08/2026";"15:45:46"
"31/08/2026";"12:31:08";2026;2;"Eleição Ordinária";6259;"Eleições Gerais Estaduais 2026";"04/10/2026";"AM";"AM";"AMAZONAS";40002532742;1;41;"Caderneta de poupança";"CADERNETA DE POUPANÇA";"8000,00";"22/08/2026";"15:45:46"
"31/08/2026";"12:31:08";2026;2;"Eleição Ordinária";6259;"Eleições Gerais Estaduais 2026";"04/10/2026";"AM";"AM";"AMAZONAS";40002532743;3;13;"Terreno";"LOTE MEDINDO 40X40 URBANA RIO PRETO DA EVA.";"48000,00";"30/08/2026";"17:41:09"
"31/08/2026";"12:31:08";2026;2;"Eleição Ordinária";6259;"Eleições Gerais Estaduais 2026";"04/10/2026";"AM";"AM";"AMAZONAS";40002532743;1;21;"Veículo automotor terrestre: caminhão, automóvel, moto, etc.";"VEICULO SPIN CHEVROLETE";"60000,00";"30/08/2026";"17:41:09"
"31/08/2026";"12:31:08";2026;2;"Eleição Ordinária";6259;"Eleições Gerais Estaduais 2026";"04/10/2026";"AM";"AM";"AMAZONAS";40002532743;2;21;"Veículo automotor terrestre: caminhão, automóvel, moto, etc.";"MOTO HONDA NC700";"55000,00";"30/08/2026";"17:41:09"
"31/08/2026";"12:31:08";2026;2;"Eleição Ordinária";6259;"Eleições Gerais Estaduais 2026";"04/10/2026";"AM";"AM";"AMAZONAS";40002532743;5;13;"Terreno";"LOTE DE TERRA 20X20 URBANO EM RIO PRETO DA EVA.";"45000,00";"30/08/2026";"17:41:09"
"31/08/2026";"12:31:08";2026;2;"Eleição Ordinária";6259;"Eleições Gerais Estaduais 2026";"04/10/2026";"AM";"AM";"AMAZONAS";40002532743;4;21;"Veículo automotor terrestre: caminhão, automóvel, moto, etc.";"MOTO HONDA CG 125";"2500,00";"30/08/2026";"17:41:09"
"31/08/2026";"12:31:08";2026;2;"Eleição Ordinária";6259;"Eleições Gerais Estaduais 2026";"04/10/2026";"AM";"AM";"AMAZONAS";40002532743;6;12;"Casa";"CASA URBANA 86.000,00";"86000,00";"30/08/2026";"17:41:09"
"31/08/2026";"12:31:08";2026;2;"Eleição Ordinária";6259;"Eleições Gerais Estaduais 2026";"04/10/2026";"AM";"AM";"AMAZONAS";40002532744;1;13;"Terreno";"CONDOMINIO DAVI JESUS MEDINDO 60X30";"8000000,00";"19/08/2026";"16:15:18"
"31/08/2026";"12:31:08";2026;2;"Eleição Ordinária";6259;"Eleições Gerais Estaduais 2026";"04/10/2026";"AM";"AM";"AMAZONAS";40002532744;2;21;"Veículo automotor terrestre: caminhão, automóvel, moto, etc.";"VEICULO JEEP RENEGADE ANO 2015";"154000,00";"19/08/2026";"16:15:18"
"31/08/2026";"12:31:08";2026;2;"Eleição Ordinária";6259;"Eleições Gerais Estaduais 2026";"04/10/2026";"AM";"AM";"AMAZONAS";40002532743;7;12;"Casa";"CASA URBANA EM RIO PRETO DA EVA";"120000,00";"30/08/2026";"17:41:09"
"31/08/2026";"12:31:08";2026;2;"Eleição Ordinária";6259;"Eleições Gerais Estaduais 2026";"04/10/2026";"AM";"AM";"AMAZONAS";40002532745;2;13;"Terreno";"TERRENO MEDINDO 200 X 800 ZONA RURAL NA AM 010 KM 117.";"300000,00";"19/08/2026";"16:15:19"
"31/08/2026";"12:31:08";2026;2;"Eleição Ordinária";6259;"Eleições Gerais Estaduais 2026";"04/10/2026";"AM";"AM";"AMAZONAS";40002532745;1;12;"Casa";"CASA NO MUNICÍPIO RIO PRETO DA EVA RUA MONTE MORIÁ, CASA 75, LT 75, QD 07, CEP 69117-000, MANAUS-AM, CASA DE ALVENARIA, COBERTA COM TELHA BRASILIT,CASA EM ALVENARIA COM SALA, COZINHA, BANHEIRO, 2 QUAR";"200000,00";"19/08/2026";"16:15:19"
"31/08/2026";"12:31:08";2026;2;"Eleição Ordinária";6259;"Eleições Gerais Estaduais 2026";"04/10/2026";"AM";"AM";"AMAZONAS";40002532745;3;32;"Quotas ou quinhões de capital";"COTA DE 100% NA EMPRESA A J DE SOUZA ALMADA LTDA CNPJ 18.173.135/0001-14";"200000,00";"19/08/2026";"16:15:19"
"31/08/2026";"12:31:08";2026;2;"Eleição Ordinária";6259;"Eleições Gerais Estaduais 2026";"04/10/2026";"AM";"AM";"AMAZONAS";40002532746;3;13;"Terreno";"TERRENO MEDINDO 20 X 30, LOCALIZADO NO RESIDENCIAL INTEGRADO PONTA NEGRA";"69000,00";"22/08/2026";"13:59:47"
"31/08/2026";"12:31:08";2026;2;"Eleição Ordinária";6259;"Eleições Gerais Estaduais 2026";"04/10/2026";"AM";"AM";"AMAZONAS";40002532746;2;21;"Veículo automotor terrestre: caminhão, automóvel, moto, etc.";"PAJERO TR4 ANO 2009 MMC";"25000,00";"22/08/2026";"13:59:47"
"31/08/2026";"12:31:08";2026;2;"Eleição Ordinária";6259;"Eleições Gerais Estaduais 2026";"04/10/2026";"AM";"AM";"AMAZONAS";40002532746;1;21;"Veículo automotor terrestre: caminhão, automóvel, moto, etc.";"TRITON 3.2 ANO 2014/2015 MT/GLX";"77000,00";"22/08/2026";"13:59:47"
"31/08/2026";"12:31:08";2026;2;"Eleição Ordinária";6259;"Eleições Gerais Estaduais 2026";"04/10/2026";"AM";"AM";"AMAZONAS";40002532747;3;13;"Terreno";"TERRENO MEDINDO 10X30 ZONA URBANA";"180000,00";"19/08/2026";"16:15:18"
"31/08/2026";"12:31:08";2026;2;"Eleição Ordinária";6259;"Eleições Gerais Estaduais 2026";"04/10/2026";"AM";"AM";"AMAZONAS";40002532747;2;41;"Caderneta de poupança";"CADERNETA DE POUPANÇA, CONTA 0100046406 AGENCIA 3433";"5000,00";"19/08/2026";"16:15:18"
"31/08/2026";"12:31:08";2026;2;"Eleição Ordinária";6259;"Eleições Gerais Estaduais 2026";"04/10/2026";"AM";"AM";"AMAZONAS";40002532747;1;12;"Casa";"IMÓVEL RESIDENCIAL";"700000,00";"19/08/2026";"16:15:18"
"31/08/2026";"12:31:08";2026;2;"Eleição Ordinária";6259;"Eleições Gerais Estaduais 2026";"04/10/2026";"AM";"AM";"AMAZONAS";40002532749;1;12;"Casa";"IMÓVEL RURAL, LOCALIZADO NA MARGEM DIREITA DO RAMAL QUE INTERLIGA A RODOVIA BOB/01, BORBA/MAPIA AO RAMAL BORBA/LAGO DO JATUARANA COM ÁREA DE 05 HECTARES, CONFINANTES E METRAGENS: FRENTE, COM A MARGEM";"35000,00";"24/08/2026";"15:39:43"
"31/08/2026";"12:31:08";2026;2;"Eleição Ordinária";6259;"Eleições Gerais Estaduais 2026";"04/10/2026";"AM";"AM";"AMAZONAS";40002532748;1;41;"Caderneta de poupança";"POUPANÇA CAIXA ECONOMICA";"2000,00";"24/08/2026";"15:34:05"
"31/08/2026";"12:31:08";2026;2;"Eleição Ordinária";6259;"Eleições Gerais Estaduais 2026";"04/10/2026";"AM";"AM";"AMAZONAS";40002532749;2;12;"Casa";"IMÓVEL RURAL, LOCALIZADO NA MARGEM ESQUERDA DO RIO MADEIRA, PELA FRENTE 166 METROS E FUNDOS 2.000 METROS, CONFORME RECIBO DE COMPRA E VENDA, BORBA/AM";"30000,00";"24/08/2026";"15:39:43"
"31/08/2026";"12:31:08";2026;2;"Eleição Ordinária";6259;"Eleições Gerais Estaduais 2026";"04/10/2026";"AM";"AM";"AMAZONAS";40002532749;4;23;"Embarcação";"EMBARCAÇÃO TIPO LANCHA COM 02 (DOIS) MOTORES DE 300 HP";"420000,00";"24/08/2026";"15:39:43"
"31/08/2026";"12:31:08";2026;2;"Eleição Ordinária";6259;"Eleições Gerais Estaduais 2026";"04/10/2026";"AM";"AM";"AMAZONAS";40002532749;5;21;"Veículo automotor terrestre: caminhão, automóvel, moto, etc.";"VEÍCULO PARTICULAR JIPE TROLLER T4 TX4 AT, MISTO UTILITÁRIO, 200CV/3200, PLACA QTV 6G81, ANO MODELO/FABRICAÇÃO 2019/2020, COR AZUL, A DIESEL, CHASSI 947741353LH400313, RENAVAM 01216696516";"200000,00";"24/08/2026";"15:39:43"
"31/08/2026";"12:31:08";2026;2;"Eleição Ordinária";6259;"Eleições Gerais Estaduais 2026";"04/10/2026";"AM";"AM";"AMAZONAS";40002532749;3;12;"Casa";"IMÓVEL RURAL DENOMINADO NOVA OLINDA, LOCALIZADO NO MUNICÍPIO DE BORBA COM ÁREA SUPERFICIAL DE 84,4129 HECTARES, MATRÍCULA 1.060";"40000,00";"24/08/2026";"15:39:43"
"31/08/2026";"12:31:08";2026;2;"Eleição Ordinária";6259;"Eleições Gerais Estaduais 2026";"04/10/2026";"AM";"AM";"AMAZONAS";40002532749;6;12;"Casa";"IMÓVEL RURAL, LOCALIZADO NA MARGEM ESQUERDA DO RIO MADEIRA DE 100 HA, COM 890 CABEÇAS DE GADOS, BORBA/AM";"1824000,00";"24/08/2026";"15:39:43"
"31/08/2026";"12:31:08";2026;2;"Eleição Ordinária";6259;"Eleições Gerais Estaduais 2026";"04/10/2026";"AM";"AM";"AMAZONAS";40002532749;7;12;"Casa";"IMÓVEL RURAL, LOCALIZADO NA MARGEM ESQUERDA DO RIO MADEIRA DE 500 HA, COM 1.705 CABEÇAS DE GADOS, BORBA/AM";"3600000,00";"24/08/2026";"15:39:43"
"31/08/2026";"12:31:08";2026;2;"Eleição Ordinária";6259;"Eleições Gerais Estaduais 2026";"04/10/2026";"AM";"AM";"AMAZONAS";40002532749;8;41;"Caderneta de poupança";"CADERNETA DE POUPANÇA, CONTA: 1001378-P, AGÊNCIA: 3718";"1959,71";"24/08/2026";"15:39:43"
"31/08/2026";"12:31:08";2026;2;"Eleição Ordinária";6259;"Eleições Gerais Estaduais 2026";"04/10/2026";"AM";"AM";"AMAZONAS";40002532749;9;61;"Depósito bancário em conta corrente no País";"CONTA CORRENTE, CONTA: 000599300472-6, AGÊNCIA: 4540";"4846,43";"24/08/2026";"15:39:43"
"31/08/2026";"12:31:08";2026;2;"Eleição Ordinária";6259;"Eleições Gerais Estaduais 2026";"04/10/2026";"AM";"AM";"AMAZONAS";40002532749;10;12;"Casa";"CASA EM ALVENARIA, COM 11 CÔMODOS, SENDO 02 QUARTOS, 01 COZINHA, 01 LAVANDERIA, 01 PATIO, 01 GARAGEM, 01 SALA DE JANTAR, 02 SALAS DE ESTAR, 01 ESCRITÓRIO, 01 SALA DE REUNIÃO, NA RUA T8, N. 116, SÃO SE";"650000,00";"24/08/2026";"15:39:43"
"31/08/2026";"12:31:08";2026;2;"Eleição Ordinária";6259;"Eleições Gerais Estaduais 2026";"04/10/2026";"AM";"AM";"AMAZONAS";40002532749;11;32;"Quotas ou quinhões de capital";"EMPRESA DE CONSTRUÇÃO CIVIL ¿SIMAO PEIXOTO¿, CNPJ 21.870.351/0001-23";"400000,00";"24/08/2026";"15:39:43"
"31/08/2026";"12:31:08";2026;2;"Eleição Ordinária";6259;"Eleições Gerais Estaduais 2026";"04/10/2026";"AM";"AM";"AMAZONAS";40002532750;2;13;"Terreno";"TERRENO URBANO, NO MUNICÍPIO DE MANAQUIRI/AM, BAIRRO CENTRO, ADQUIRIDO NO ANO DE 2006.";"45000,00";"24/08/2026";"10:50:07"
"31/08/2026";"12:31:08";2026;2;"Eleição Ordinária";6259;"Eleições Gerais Estaduais 2026";"04/10/2026";"AM";"AM";"AMAZONAS";40002532750;1;13;"Terreno";"TERRENO URBANO, NO MUNICÍPIO DE MANAQUIRI/AM, ADQUIRIDO EM 2009, COM BENFEITORIAS (OBRAS DE CONSTRUÇÃO E AMPLIAÇÃO).";"88028,00";"24/08/2026";"10:50:07"
"31/08/2026";"12:31:08";2026;2;"Eleição Ordinária";6259;"Eleições Gerais Estaduais 2026";"04/10/2026";"AM";"AM";"AMAZONAS";40002532750;3;21;"Veículo automotor terrestre: caminhão, automóvel, moto, etc.";"VEÍCULO AUTOMOTOR DA MARCA TOYOTA, MODELO HILUX CD DSL 4X4, COR PRETA";"290000,00";"24/08/2026";"10:50:07"
"31/08/2026";"12:31:08";2026;2;"Eleição Ordinária";6259;"Eleições Gerais Estaduais 2026";"04/10/2026";"AM";"AM";"AMAZONAS";40002532750;5;13;"Terreno";"TERRENO RURAL, LOCALIZADO NO KM 10, ESTRADA DO MUNICÍPIO DE MANAQUIRI/AM, ADQUIRIDO EM 2008.";"51500,00";"24/08/2026";"10:50:07"
"31/08/2026";"12:31:08";2026;2;"Eleição Ordinária";6259;"Eleições Gerais Estaduais 2026";"04/10/2026";"AM";"AM";"AMAZONAS";40002532750;4;21;"Veículo automotor terrestre: caminhão, automóvel, moto, etc.";"TRATOR AGRÍCOLA JOHN DEERE, MODELO 5078E.";"178000,00";"24/08/2026";"10:50:07"
"31/08/2026";"12:31:08";2026;2;"Eleição Ordinária";6259;"Eleições Gerais Estaduais 2026";"04/10/2026";"AM";"AM";"AMAZONAS";40002532750;6;21;"Veículo automotor terrestre: caminhão, automóvel, moto, etc.";"KIT PÁ CARREGADEIRA AGRÍCOLA COM LÂMINA E CONCHA";"76780,00";"24/08/2026";"10:50:07"
"31/08/2026";"12:31:08";2026;2;"Eleição Ordinária";6259;"Eleições Gerais Estaduais 2026";"04/10/2026";"AM";"AM";"AMAZONAS";40002532750;8;61;"Depósito bancário em conta corrente no País";"SALDO EM CONTA CORRENTE NO BANCO BRADESCO S.A. (AGÊNCIA 3717, CONTA 103370-0).";"1,00";"24/08/2026";"10:50:07"
"31/08/2026";"12:31:08";2026;2;"Eleição Ordinária";6259;"Eleições Gerais Estaduais 2026";"04/10/2026";"AM";"AM";"AMAZONAS";40002532750;7;99;"OUTROS BENS E DIREITOS";"BOVINOS";"350000,00";"24/08/2026";"10:50:07"
"31/08/2026";"12:31:08";2026;2;"Eleição Ordinária";6259;"Eleições Gerais Estaduais 2026";"04/10/2026";"AM";"AM";"AMAZONAS";40002532750;9;45;"Aplicação de renda fixa (CDB, RDB e outros)";"APLICAÇÃO DE RENDA FIXA (CDB) NO BANCO BRADESCO S.A. (AGÊNCIA 3717, CONTA 103370-0).";"91,96";"24/08/2026";"10:50:07"
"31/08/2026";"12:31:08";2026;2;"Eleição Ordinária";6259;"Eleições Gerais Estaduais 2026";"04/10/2026";"AM";"AM";"AMAZONAS";40002532750;12;63;"Dinheiro em espécie - moeda nacional";"DINHEIRO EM ESPÉCIE, EM MOEDA CORRENTE NACIONAL.";"495100,00";"24/08/2026";"10:50:07"
"31/08/2026";"12:31:08";2026;2;"Eleição Ordinária";6259;"Eleições Gerais Estaduais 2026";"04/10/2026";"AM";"AM";"AMAZONAS";40002532750;11;41;"Caderneta de poupança";"SALDO EM CADERNETA DE POUPANÇA NA CAIXA ECONÔMICA FEDERAL (AGÊNCIA -0020, CONTA 000875397404-0).";"5413,17";"24/08/2026";"10:50:07"
"31/08/2026";"12:31:08";2026;2;"Eleição Ordinária";6259;"Eleições Gerais Estaduais 2026";"04/10/2026";"AM";"AM";"AMAZONAS";40002532750;10;32;"Quotas ou quinhões de capital";"QUOTAS DE CONSÓRCIO NÃO CONTEMPLADO NO BANCO BRADESCO.";"34153,00";"24/08/2026";"10:50:07"
"31/08/2026";"12:31:08";2026;2;"Eleição Ordinária";6259;"Eleições Gerais Estaduais 2026";"04/10/2026";"AM";"AM";"AMAZONAS";40002532751;2;21;"Veículo automotor terrestre: caminhão, automóvel, moto, etc.";"VEICULO CHEVROLET S/10 - HC DD4A -2025";"199000,00";"31/08/2026";"12:07:39"
"31/08/2026";"12:31:08";2026;2;"Eleição Ordinária";6259;"Eleições Gerais Estaduais 2026";"04/10/2026";"AM";"AM";"AMAZONAS";40002532751;3;21;"Veículo automotor terrestre: caminhão, automóvel, moto, etc.";"VEICULO I/LR EVOQUE P250FF SE - 2020/2021";"313867,00";"31/08/2026";"12:07:39"
"31/08/2026";"12:31:08";2026;2;"Eleição Ordinária";6259;"Eleições Gerais Estaduais 2026";"04/10/2026";"AM";"AM";"AMAZONAS";40002532751;1;45;"Aplicação de renda fixa (CDB, RDB e outros)";"APLICAÇÃO - BANCO SANTANDER";"33758,56";"31/08/2026";"12:07:39"
"31/08/2026";"12:31:08";2026;2;"Eleição Ordinária";6259;"Eleições Gerais Estaduais 2026";"04/10/2026";"AM";"AM";"AMAZONAS";40002532751;4;12;"Casa";"CASA ALVENARIA MEDINDO 15X38,24 - EM BENJAMIN CONSTATNT / AM";"830000,00";"31/08/2026";"12:07:39"
"31/08/2026";"12:31:08";2026;2;"Eleição Ordinária";6259;"Eleições Gerais Estaduais 2026";"04/10/2026";"AM";"AM";"AMAZONAS";40002532752;1;41;"Caderneta de poupança";"CARDENETA DE POUPANÇA";"5000,00";"25/08/2026";"17:42:05"
"31/08/2026";"12:31:08";2026;2;"Eleição Ordinária";6259;"Eleições Gerais Estaduais 2026";"04/10/2026";"AM";"AM";"AMAZONAS";40002532753;1;32;"Quotas ou quinhões de capital";"PARTICIPAÇÃO DE 50% NA EMPRESA WINNER SERVIÇOS DE CONSTRUÇÃO";"250000,00";"19/08/2026";"16:15:19"
"31/08/2026";"12:31:08";2026;2;"Eleição Ordinária";6259;"Eleições Gerais Estaduais 2026";"04/10/2026";"AM";"AM";"AMAZONAS";40002532753;3;11;"Apartamento";"APARTAMENTO HUM LIBERDADE";"228565,47";"19/08/2026";"16:15:19"
"31/08/2026";"12:31:08";2026;2;"Eleição Ordinária";6259;"Eleições Gerais Estaduais 2026";"04/10/2026";"AM";"AM";"AMAZONAS";40002532753;4;32;"Quotas ou quinhões de capital";"PARTICIPAÇÃO DE 90% NA EMPRESA LOBO CONSULTORIA LTDA";"90000,00";"19/08/2026";"16:15:19"
"31/08/2026";"12:31:08";2026;2;"Eleição Ordinária";6259;"Eleições Gerais Estaduais 2026";"04/10/2026";"AM";"AM";"AMAZONAS";40002532753;2;32;"Quotas ou quinhões de capital";"PARTICIPAÇÃO DE 100% NA EMPRESA NORTH CONSULTORIA LTDA";"200000,00";"19/08/2026";"16:15:19"
"31/08/2026";"12:31:08";2026;2;"Eleição Ordinária";6259;"Eleições Gerais Estaduais 2026";"04/10/2026";"AM";"AM";"AMAZONAS";40002532756;2;13;"Terreno";"01 TERRENO LOCALIZADO NO MUNICIPIO DO JURUTI NO ESTADO DO PARÁ";"150000,00";"19/08/2026";"16:15:19"
"31/08/2026";"12:31:08";2026;2;"Eleição Ordinária";6259;"Eleições Gerais Estaduais 2026";"04/10/2026";"AM";"AM";"AMAZONAS";40002532755;1;12;"Casa";"CASA";"300000,00";"19/08/2026";"16:15:19"
"31/08/2026";"12:31:08";2026;2;"Eleição Ordinária";6259;"Eleições Gerais Estaduais 2026";"04/10/2026";"AM";"AM";"AMAZONAS";40002532756;1;32;"Quotas ou quinhões de capital";"QUOTAS DE CAPITAL DA EMPRESA NSN SERVIÇOS DA CONSTRUÇÃO CIVIL";"150000,00";"19/08/2026";"16:15:19"
"31/08/2026";"12:31:08";2026;2;"Eleição Ordinária";6259;"Eleições Gerais Estaduais 2026";"04/10/2026";"AM";"AM";"AMAZONAS";40002532758;2;99;"OUTROS BENS E DIREITOS";"OUTROS BENS E DIREITOS";"883,89";"20/08/2026";"18:36:43"
"31/08/2026";"12:31:08";2026;2;"Eleição Ordinária";6259;"Eleições Gerais Estaduais 2026";"04/10/2026";"AM";"AM";"AMAZONAS";40002532758;1;99;"OUTROS BENS E DIREITOS";"OUTROS BENS E DIREITOS";"10,00";"20/08/2026";"18:36:43"
"31/08/2026";"12:31:08";2026;2;"Eleição Ordinária";6259;"Eleições Gerais Estaduais 2026";"04/10/2026";"AM";"AM";"AMAZONAS";40002532757;1;41;"Caderneta de poupança";"DINHEIRO EM CADERNETA POUPANÇA";"5000,00";"19/08/2026";"16:15:18"
"31/08/2026";"12:31:08";2026;2;"Eleição Ordinária";6259;"Eleições Gerais Estaduais 2026";"04/10/2026";"AM";"AM";"AMAZONAS";40002532758;3;99;"OUTROS BENS E DIREITOS";"OUTROS BENS E DIREITOS";"35000,00";"20/08/2026";"18:36:43"
"31/08/2026";"12:31:08";2026;2;"Eleição Ordinária";6259;"Eleições Gerais Estaduais 2026";"04/10/2026";"AM";"AM";"AMAZONAS";40002532758;5;99;"OUTROS BENS E DIREITOS";"OUTROS BENS E DIREITOS";"1249,36";"20/08/2026";"18:36:43"
"31/08/2026";"12:31:08";2026;2;"Eleição Ordinária";6259;"Eleições Gerais Estaduais 2026";"04/10/2026";"AM";"AM";"AMAZONAS";40002532758;4;13;"Terreno";"TERRENO";"211705,25";"20/08/2026";"18:36:43"
"31/08/2026";"12:31:08";2026;2;"Eleição Ordinária";6259;"Eleições Gerais Estaduais 2026";"04/10/2026";"AM";"AM";"AMAZONAS";40002532758;6;39;"Outras participações societárias";"PARTICIPACAO";"1500,00";"20/08/2026";"18:36:43"
"31/08/2026";"12:31:08";2026;2;"Eleição Ordinária";6259;"Eleições Gerais Estaduais 2026";"04/10/2026";"AM";"AM";"AMAZONAS";40002532758;7;39;"Outras participações societárias";"PARTICIPACAO";"45000,00";"20/08/2026";"18:36:43"
"31/08/2026";"12:31:08";2026;2;"Eleição Ordinária";6259;"Eleições Gerais Estaduais 2026";"04/10/2026";"AM";"AM";"AMAZONAS";40002532758;8;99;"OUTROS BENS E DIREITOS";"OUTROS BENS E DIREITOS";"1507,65";"20/08/2026";"18:36:43"
"31/08/2026";"12:31:08";2026;2;"Eleição Ordinária";6259;"Eleições Gerais Estaduais 2026";"04/10/2026";"AM";"AM";"AMAZONAS";40002532760;1;99;"OUTROS BENS E DIREITOS";"RECEBIVEIS INFORMADO POR CNPJ";"5478,94";"20/08/2026";"18:57:36"
"31/08/2026";"12:31:08";2026;2;"Eleição Ordinária";6259;"Eleições Gerais Estaduais 2026";"04/10/2026";"AM";"AM";"AMAZONAS";40002532759;2;12;"Casa";"IMÓVEL";"120000,00";"20/08/2026";"18:44:49"
"31/08/2026";"12:31:08";2026;2;"Eleição Ordinária";6259;"Eleições Gerais Estaduais 2026";"04/10/2026";"AM";"AM";"AMAZONAS";40002532759;1;12;"Casa";"IMOVEL";"180000,00";"20/08/2026";"18:44:49"
"31/08/2026";"12:31:08";2026;2;"Eleição Ordinária";6259;"Eleições Gerais Estaduais 2026";"04/10/2026";"AM";"AM";"AMAZONAS";40002532761;3;61;"Depósito bancário em conta corrente no País";"CONTA CORRENTE";"35663,14";"25/08/2026";"12:47:20"
"31/08/2026";"12:31:08";2026;2;"Eleição Ordinária";6259;"Eleições Gerais Estaduais 2026";"04/10/2026";"AM";"AM";"AMAZONAS";40002532761;1;61;"Depósito bancário em conta corrente no País";"CONTA CORRENTE";"3799,40";"25/08/2026";"12:47:20"
"31/08/2026";"12:31:08";2026;2;"Eleição Ordinária";6259;"Eleições Gerais Estaduais 2026";"04/10/2026";"AM";"AM";"AMAZONAS";40002532761;2;21;"Veículo automotor terrestre: caminhão, automóvel, moto, etc.";"AUTOMÓVEL";"5000,00";"25/08/2026";"12:47:20"
"31/08/2026";"12:31:08";2026;2;"Eleição Ordinária";6259;"Eleições Gerais Estaduais 2026";"04/10/2026";"AM";"AM";"AMAZONAS";40002532762;2;39;"Outras participações societárias";"PARTICIPAÇÕES SOCIETÁRIAS";"5000,00";"21/08/2026";"20:43:34"
"31/08/2026";"12:31:08";2026;2;"Eleição Ordinária";6259;"Eleições Gerais Estaduais 2026";"04/10/2026";"AM";"AM";"AMAZONAS";40002532762;3;21;"Veículo automotor terrestre: caminhão, automóvel, moto, etc.";"AUTOMÓVEL";"165311,13";"21/08/2026";"20:43:34"
"31/08/2026";"12:31:08";2026;2;"Eleição Ordinária";6259;"Eleições Gerais Estaduais 2026";"04/10/2026";"AM";"AM";"AMAZONAS";40002532762;1;32;"Quotas ou quinhões de capital";"QUOTAS DE CAPITAL";"10000,00";"21/08/2026";"20:43:34"
"31/08/2026";"12:31:08";2026;2;"Eleição Ordinária";6259;"Eleições Gerais Estaduais 2026";"04/10/2026";"AM";"AM";"AMAZONAS";40002532762;6;61;"Depósito bancário em conta corrente no País";"CONTA CORRENTE";"17,51";"21/08/2026";"20:43:34"
"31/08/2026";"12:31:08";2026;2;"Eleição Ordinária";6259;"Eleições Gerais Estaduais 2026";"04/10/2026";"AM";"AM";"AMAZONAS";40002532762;5;32;"Quotas ou quinhões de capital";"QUOTAS DE CAPITAL";"228500,00";"21/08/2026";"20:43:34"
"31/08/2026";"12:31:08";2026;2;"Eleição Ordinária";6259;"Eleições Gerais Estaduais 2026";"04/10/2026";"AM";"AM";"AMAZONAS";40002532762;4;32;"Quotas ou quinhões de capital";"COTAS  DE CAPITAL";"375000,00";"21/08/2026";"20:43:34"
"31/08/2026";"12:31:08";2026;2;"Eleição Ordinária";6259;"Eleições Gerais Estaduais 2026";"04/10/2026";"AM";"AM";"AMAZONAS";40002532762;8;21;"Veículo automotor terrestre: caminhão, automóvel, moto, etc.";"AUTOMÓVEL";"149510,68";"21/08/2026";"20:43:34"
"31/08/2026";"12:31:08";2026;2;"Eleição Ordinária";6259;"Eleições Gerais Estaduais 2026";"04/10/2026";"AM";"AM";"AMAZONAS";40002532762;9;79;"Outros fundos";"OUTROS FUNDOS";"1017,05";"21/08/2026";"20:43:34"
"31/08/2026";"12:31:08";2026;2;"Eleição Ordinária";6259;"Eleições Gerais Estaduais 2026";"04/10/2026";"AM";"AM";"AMAZONAS";40002532762;7;12;"Casa";"CASA";"1102531,05";"21/08/2026";"20:43:34"
"31/08/2026";"12:31:08";2026;2;"Eleição Ordinária";6259;"Eleições Gerais Estaduais 2026";"04/10/2026";"AM";"AM";"AMAZONAS";40002532762;10;21;"Veículo automotor terrestre: caminhão, automóvel, moto, etc.";"AUTOMÓVEL";"110000,00";"21/08/2026";"20:43:34"
"31/08/2026";"12:31:08";2026;2;"Eleição Ordinária";6259;"Eleições Gerais Estaduais 2026";"04/10/2026";"AM";"AM";"AMAZONAS";40002532762;12;21;"Veículo automotor terrestre: caminhão, automóvel, moto, etc.";"AUTOMÓVEL";"222140,10";"21/08/2026";"20:43:34"
"31/08/2026";"12:31:08";2026;2;"Eleição Ordinária";6259;"Eleições Gerais Estaduais 2026";"04/10/2026";"AM";"AM";"AMAZONAS";40002532762;11;95;"Consórcio não contemplado";"CONSÓRCIO";"64520,15";"21/08/2026";"20:43:34"
"31/08/2026";"12:31:08";2026;2;"Eleição Ordinária";6259;"Eleições Gerais Estaduais 2026";"04/10/2026";"AM";"AM";"AMAZONAS";40002532762;13;61;"Depósito bancário em conta corrente no País";"CONTA CORRENTE";"1335,55";"21/08/2026";"20:43:34"
"31/08/2026";"12:31:08";2026;2;"Eleição Ordinária";6259;"Eleições Gerais Estaduais 2026";"04/10/2026";"AM";"AM";"AMAZONAS";40002532762;14;79;"Outros fundos";"OUTROS FUNDOS";"54893,03";"21/08/2026";"20:43:34"
"31/08/2026";"12:31:08";2026;2;"Eleição Ordinária";6259;"Eleições Gerais Estaduais 2026";"04/10/2026";"AM";"AM";"AMAZONAS";40002532762;15;95;"Consórcio não contemplado";"CONSÓRCIO";"52125,08";"21/08/2026";"20:43:34"
"31/08/2026";"12:31:08";2026;2;"Eleição Ordinária";6259;"Eleições Gerais Estaduais 2026";"04/10/2026";"AM";"AM";"AMAZONAS";40002532762;17;21;"Veículo automotor terrestre: caminhão, automóvel, moto, etc.";"AUTOMÓVEL";"138795,66";"21/08/2026";"20:43:34"
"31/08/2026";"12:31:08";2026;2;"Eleição Ordinária";6259;"Eleições Gerais Estaduais 2026";"04/10/2026";"AM";"AM";"AMAZONAS";40002532762;18;79;"Outros fundos";"APLICAÇÃO";"72,13";"21/08/2026";"20:43:34"
"31/08/2026";"12:31:08";2026;2;"Eleição Ordinária";6259;"Eleições Gerais Estaduais 2026";"04/10/2026";"AM";"AM";"AMAZONAS";40002532762;16;95;"Consórcio não contemplado";"CONSÓRCIO";"30873,71";"21/08/2026";"20:43:34"
"31/08/2026";"12:31:08";2026;2;"Eleição Ordinária";6259;"Eleições Gerais Estaduais 2026";"04/10/2026";"AM";"AM";"AMAZONAS";40002532762;19;59;"Outros créditos e poupança vinculados";"OUTROS CRÉDITOS";"16954,46";"21/08/2026";"20:43:34"
"31/08/2026";"12:31:08";2026;2;"Eleição Ordinária";6259;"Eleições Gerais Estaduais 2026";"04/10/2026";"AM";"AM";"AMAZONAS";40002532762;20;21;"Veículo automotor terrestre: caminhão, automóvel, moto, etc.";"AUTOMÓVEL";"130325,60";"21/08/2026";"20:43:34"
"31/08/2026";"12:31:08";2026;2;"Eleição Ordinária";6259;"Eleições Gerais Estaduais 2026";"04/10/2026";"AM";"AM";"AMAZONAS";40002532762;21;41;"Caderneta de poupança";"CADERNETA DE POUPANÇA";"34,55";"21/08/2026";"20:43:34"
"31/08/2026";"12:31:08";2026;2;"Eleição Ordinária";6259;"Eleições Gerais Estaduais 2026";"04/10/2026";"AM";"AM";"AMAZONAS";40002532762;22;59;"Outros créditos e poupança vinculados";"OUTROS CRÉDITOS";"1449,69";"21/08/2026";"20:43:34"
"31/08/2026";"12:31:08";2026;2;"Eleição Ordinária";6259;"Eleições Gerais Estaduais 2026";"04/10/2026";"AM";"AM";"AMAZONAS";40002532763;2;21;"Veículo automotor terrestre: caminhão, automóvel, moto, etc.";"AUTOMÓVEL";"80000,00";"20/08/2026";"18:51:59"
"31/08/2026";"12:31:08";2026;2;"Eleição Ordinária";6259;"Eleições Gerais Estaduais 2026";"04/10/2026";"AM";"AM";"AMAZONAS";40002532763;1;11;"Apartamento";"APARTAMENTO";"550000,00";"20/08/2026";"18:51:59"
"31/08/2026";"12:31:08";2026;2;"Eleição Ordinária";6259;"Eleições Gerais Estaduais 2026";"04/10/2026";"AM";"AM";"AMAZONAS";40002532763;5;74;"Fundos: Ações, Mútuos de Privatização, Invest. Empresas Emergentes, Invest.Participação e Invest. Índice Mercado";"FUNDO DE INVESTIMENTO";"478,80";"20/08/2026";"18:51:59"
"31/08/2026";"12:31:08";2026;2;"Eleição Ordinária";6259;"Eleições Gerais Estaduais 2026";"04/10/2026";"AM";"AM";"AMAZONAS";40002532763;3;41;"Caderneta de poupança";"CONTA POUPANÇA";"9834,01";"20/08/2026";"18:51:59"
"31/08/2026";"12:31:08";2026;2;"Eleição Ordinária";6259;"Eleições Gerais Estaduais 2026";"04/10/2026";"AM";"AM";"AMAZONAS";40002532763;4;41;"Caderneta de poupança";"CONTA POUPANÇA";"2251,52";"20/08/2026";"18:51:59"
"31/08/2026";"12:31:08";2026;2;"Eleição Ordinária";6259;"Eleições Gerais Estaduais 2026";"04/10/2026";"AM";"AM";"AMAZONAS";40002532763;7;61;"Depósito bancário em conta corrente no País";"SALDO EM CONTA CORRENTE";"9834,01";"20/08/2026";"18:51:59"
"31/08/2026";"12:31:08";2026;2;"Eleição Ordinária";6259;"Eleições Gerais Estaduais 2026";"04/10/2026";"AM";"AM";"AMAZONAS";40002532763;8;11;"Apartamento";"APARTAMENTO";"1741872,58";"20/08/2026";"18:51:59"
"31/08/2026";"12:31:08";2026;2;"Eleição Ordinária";6259;"Eleições Gerais Estaduais 2026";"04/10/2026";"AM";"AM";"AMAZONAS";40002532763;6;12;"Casa";"CASA";"800000,00";"20/08/2026";"18:51:59"
"31/08/2026";"12:31:08";2026;2;"Eleição Ordinária";6259;"Eleições Gerais Estaduais 2026";"04/10/2026";"AM";"AM";"AMAZONAS";40002532764;2;13;"Terreno";"TERRENO ESTRADA";"5000,00";"26/08/2026";"15:48:56"
"31/08/2026";"12:31:08";2026;2;"Eleição Ordinária";6259;"Eleições Gerais Estaduais 2026";"04/10/2026";"AM";"AM";"AMAZONAS";40002532764;1;13;"Terreno";"TERRENO ZONA RURAL";"15000,00";"26/08/2026";"15:48:56"
"31/08/2026";"12:31:08";2026;2;"Eleição Ordinária";6259;"Eleições Gerais Estaduais 2026";"04/10/2026";"AM";"AM";"AMAZONAS";40002532765;1;21;"Veículo automotor terrestre: caminhão, automóvel, moto, etc.";"CHEVROLET ONIX 10 TATPR2";"83585,00";"23/08/2026";"16:54:23"
"31/08/2026";"12:31:08";2026;2;"Eleição Ordinária";6259;"Eleições Gerais Estaduais 2026";"04/10/2026";"AM";"AM";"AMAZONAS";40002532765;2;39;"Outras participações societárias";"PARTICIPACAO SOCIETARIA NA EMPRESA TORRE FORTE ALUGUEL DE EQUIPAMENTOS LTDA";"75000,00";"23/08/2026";"16:54:23"
"31/08/2026";"12:31:08";2026;2;"Eleição Ordinária";6259;"Eleições Gerais Estaduais 2026";"04/10/2026";"AM";"AM";"AMAZONAS";40002532765;4;72;"Fundo de Longo Prazo e Fundo de Investimentos em Direitos Creditórios (FIDC)";"COTAS DE FUNDO DE INVESTIMENTOS BRADESCO H FIC FI REFERENCIADO DI CP LONGO PRAZO NOVO EXECUTIVO";"62989,15";"23/08/2026";"16:54:23"
"31/08/2026";"12:31:08";2026;2;"Eleição Ordinária";6259;"Eleições Gerais Estaduais 2026";"04/10/2026";"AM";"AM";"AMAZONAS";40002532765;3;41;"Caderneta de poupança";"POUPANCA BRADESCO";"41476,09";"23/08/2026";"16:54:23"
"31/08/2026";"12:31:08";2026;2;"Eleição Ordinária";6259;"Eleições Gerais Estaduais 2026";"04/10/2026";"AM";"AM";"AMAZONAS";40002532766;1;39;"Outras participações societárias";"PARTICIPAÇÃO";"50000,00";"20/08/2026";"19:03:52"
"31/08/2026";"12:31:08";2026;2;"Eleição Ordinária";6259;"Eleições Gerais Estaduais 2026";"04/10/2026";"AM";"AM";"AMAZONAS";40002532767;1;64;"Dinheiro em espécie - moeda estrangeira";"ESPÉCIE - MOEDA ESTRANGEIRA";"27350,00";"27/08/2026";"14:31:25"
"31/08/2026";"12:31:08";2026;2;"Eleição Ordinária";6259;"Eleições Gerais Estaduais 2026";"04/10/2026";"AM";"AM";"AMAZONAS";40002532767;2;63;"Dinheiro em espécie - moeda nacional";"EM ESPECIE";"200000,00";"27/08/2026";"14:31:25"
"31/08/2026";"12:31:08";2026;2;"Eleição Ordinária";6259;"Eleições Gerais Estaduais 2026";"04/10/2026";"AM";"AM";"AMAZONAS";40002532767;4;13;"Terreno";"TERRENO";"65000,00";"27/08/2026";"14:31:25"
"31/08/2026";"12:31:08";2026;2;"Eleição Ordinária";6259;"Eleições Gerais Estaduais 2026";"04/10/2026";"AM";"AM";"AMAZONAS";40002532767;3;11;"Apartamento";"APARTAMENTO";"303181,07";"27/08/2026";"14:31:25"
"31/08/2026";"12:31:08";2026;2;"Eleição Ordinária";6259;"Eleições Gerais Estaduais 2026";"04/10/2026";"AM";"AM";"AMAZONAS";40002532767;5;32;"Quotas ou quinhões de capital";"CAPITAL SOCIAL";"1481040,00";"27/08/2026";"14:31:25"
"31/08/2026";"12:31:08";2026;2;"Eleição Ordinária";6259;"Eleições Gerais Estaduais 2026";"04/10/2026";"AM";"AM";"AMAZONAS";40002532767;6;39;"Outras participações societárias";"PARTICIPAÇÃO";"60000,00";"27/08/2026";"14:31:25"
"31/08/2026";"12:31:08";2026;2;"Eleição Ordinária";6259;"Eleições Gerais Estaduais 2026";"04/10/2026";"AM";"AM";"AMAZONAS";40002532767;7;39;"Outras participações societárias";"PARTICIPAÇÃO";"50000,00";"27/08/2026";"14:31:25"
"31/08/2026";"12:31:08";2026;2;"Eleição Ordinária";6259;"Eleições Gerais Estaduais 2026";"04/10/2026";"AM";"AM";"AMAZONAS";40002532767;8;61;"Depósito bancário em conta corrente no País";"CONTA CORRENTE";"76785,88";"27/08/2026";"14:31:25"
"31/08/2026";"12:31:08";2026;2;"Eleição Ordinária";6259;"Eleições Gerais Estaduais 2026";"04/10/2026";"AM";"AM";"AMAZONAS";40002532767;9;61;"Depósito bancário em conta corrente no País";"CDB";"36904,43";"27/08/2026";"14:31:25"
"31/08/2026";"12:31:08";2026;2;"Eleição Ordinária";6259;"Eleições Gerais Estaduais 2026";"04/10/2026";"AM";"AM";"AMAZONAS";40002532767;10;59;"Outros créditos e poupança vinculados";"PREVIDENCIA";"50000,00";"27/08/2026";"14:31:25"
"31/08/2026";"12:31:08";2026;2;"Eleição Ordinária";6259;"Eleições Gerais Estaduais 2026";"04/10/2026";"AM";"AM";"AMAZONAS";40002532767;11;59;"Outros créditos e poupança vinculados";"CREEDITO PRIVADO";"30096,94";"27/08/2026";"14:31:25"
"31/08/2026";"12:31:08";2026;2;"Eleição Ordinária";6259;"Eleições Gerais Estaduais 2026";"04/10/2026";"AM";"AM";"AMAZONAS";40002532767;12;61;"Depósito bancário em conta corrente no País";"CONTA CORRENTE";"2064,64";"27/08/2026";"14:31:25"
"31/08/2026";"12:31:08";2026;2;"Eleição Ordinária";6259;"Eleições Gerais Estaduais 2026";"04/10/2026";"AM";"AM";"AMAZONAS";40002532767;13;95;"Consórcio não contemplado";"CONSÓRCIO";"13823,39";"27/08/2026";"14:31:25"
"31/08/2026";"12:31:08";2026;2;"Eleição Ordinária";6259;"Eleições Gerais Estaduais 2026";"04/10/2026";"AM";"AM";"AMAZONAS";40002532767;14;64;"Dinheiro em espécie - moeda estrangeira";"DINHEIRO EM ESPÉCIE - MOEDA ESTRANGEIRA";"7765,20";"27/08/2026";"14:31:25"
"31/08/2026";"12:31:08";2026;2;"Eleição Ordinária";6259;"Eleições Gerais Estaduais 2026";"04/10/2026";"AM";"AM";"AMAZONAS";40002532768;1;13;"Terreno";"LOTEAMENTO";"115000,00";"25/08/2026";"17:58:52"
"31/08/2026";"12:31:08";2026;2;"Eleição Ordinária";6259;"Eleições Gerais Estaduais 2026";"04/10/2026";"AM";"AM";"AMAZONAS";40002532768;2;13;"Terreno";"LOTEAMENTO";"730000,00";"25/08/2026";"17:58:52"
"31/08/2026";"12:31:08";2026;2;"Eleição Ordinária";6259;"Eleições Gerais Estaduais 2026";"04/10/2026";"AM";"AM";"AMAZONAS";40002532768;3;63;"Dinheiro em espécie - moeda nacional";"CNPJ";"7201,52";"25/08/2026";"17:58:52"
"31/08/2026";"12:31:08";2026;2;"Eleição Ordinária";6259;"Eleições Gerais Estaduais 2026";"04/10/2026";"AM";"AM";"AMAZONAS";40002532768;4;13;"Terreno";"LOTEAMENTO";"73000,00";"25/08/2026";"17:58:52"
"31/08/2026";"12:31:08";2026;2;"Eleição Ordinária";6259;"Eleições Gerais Estaduais 2026";"04/10/2026";"AM";"AM";"AMAZONAS";40002532768;5;63;"Dinheiro em espécie - moeda nacional";"BANCO NUBANK";"49980,83";"25/08/2026";"17:58:52"
"31/08/2026";"12:31:08";2026;2;"Eleição Ordinária";6259;"Eleições Gerais Estaduais 2026";"04/10/2026";"AM";"AM";"AMAZONAS";40002532768;6;41;"Caderneta de poupança";"BANCO ITAU";"28866,12";"25/08/2026";"17:58:52"
"31/08/2026";"12:31:08";2026;2;"Eleição Ordinária";6259;"Eleições Gerais Estaduais 2026";"04/10/2026";"AM";"AM";"AMAZONAS";40002532768;8;11;"Apartamento";"APARTAMENTO";"480000,00";"25/08/2026";"17:58:52"
"31/08/2026";"12:31:08";2026;2;"Eleição Ordinária";6259;"Eleições Gerais Estaduais 2026";"04/10/2026";"AM";"AM";"AMAZONAS";40002532768;7;63;"Dinheiro em espécie - moeda nacional";"CNPJ";"983,04";"25/08/2026";"17:58:52"
"31/08/2026";"12:31:08";2026;2;"Eleição Ordinária";6259;"Eleições Gerais Estaduais 2026";"04/10/2026";"AM";"AM";"AMAZONAS";40002532768;9;41;"Caderneta de poupança";"POUPANÇA";"772,72";"25/08/2026";"17:58:52"
"31/08/2026";"12:31:08";2026;2;"Eleição Ordinária";6259;"Eleições Gerais Estaduais 2026";"04/10/2026";"AM";"AM";"AMAZONAS";40002532768;11;63;"Dinheiro em espécie - moeda nacional";"BANCO";"14,65";"25/08/2026";"17:58:52"
"31/08/2026";"12:31:08";2026;2;"Eleição Ordinária";6259;"Eleições Gerais Estaduais 2026";"04/10/2026";"AM";"AM";"AMAZONAS";40002532768;10;63;"Dinheiro em espécie - moeda nacional";"CONTA CORRENTE";"97,15";"25/08/2026";"17:58:52"
"31/08/2026";"12:31:08";2026;2;"Eleição Ordinária";6259;"Eleições Gerais Estaduais 2026";"04/10/2026";"AM";"AM";"AMAZONAS";40002532768;12;63;"Dinheiro em espécie - moeda nacional";"CNPJ";"0,63";"25/08/2026";"17:58:52"
"31/08/2026";"12:31:08";2026;2;"Eleição Ordinária";6259;"Eleições Gerais Estaduais 2026";"04/10/2026";"AM";"AM";"AMAZONAS";40002532768;13;63;"Dinheiro em espécie - moeda nacional";"SALDO CONTA GLOBAL";"13637,75";"25/08/2026";"17:58:52"
"31/08/2026";"12:31:08";2026;2;"Eleição Ordinária";6259;"Eleições Gerais Estaduais 2026";"04/10/2026";"AM";"AM";"AMAZONAS";40002532769;1;12;"Casa";"IMOVEL RESIDENCIAL";"600000,00";"23/08/2026";"16:37:53"
"31/08/2026";"12:31:08";2026;2;"Eleição Ordinária";6259;"Eleições Gerais Estaduais 2026";"04/10/2026";"AM";"AM";"AMAZONAS";40002532771;1;45;"Aplicação de renda fixa (CDB, RDB e outros)";"APLICAÇÃO EM RENDA FIXA";"45039,30";"25/08/2026";"12:16:56"
"31/08/2026";"12:31:08";2026;2;"Eleição Ordinária";6259;"Eleições Gerais Estaduais 2026";"04/10/2026";"AM";"AM";"AMAZONAS";40002532771;4;49;"Outras aplicações e Investimentos";"APLICAÇÃO FINANCEIRA";"15992,67";"25/08/2026";"12:16:56"
"31/08/2026";"12:31:08";2026;2;"Eleição Ordinária";6259;"Eleições Gerais Estaduais 2026";"04/10/2026";"AM";"AM";"AMAZONAS";40002532771;3;95;"Consórcio não contemplado";"CONSORCIO NÃO CONTEMPLADO";"144053,86";"25/08/2026";"12:16:56"
"31/08/2026";"12:31:08";2026;2;"Eleição Ordinária";6259;"Eleições Gerais Estaduais 2026";"04/10/2026";"AM";"AM";"AMAZONAS";40002532771;2;45;"Aplicação de renda fixa (CDB, RDB e outros)";"RDB";"80390,97";"25/08/2026";"12:16:56"
"31/08/2026";"12:31:08";2026;2;"Eleição Ordinária";6259;"Eleições Gerais Estaduais 2026";"04/10/2026";"AM";"AM";"AMAZONAS";40002532771;5;95;"Consórcio não contemplado";"CONSORCIO NÃO CONTEMPLADO";"349855,62";"25/08/2026";"12:16:56"
"31/08/2026";"12:31:08";2026;2;"Eleição Ordinária";6259;"Eleições Gerais Estaduais 2026";"04/10/2026";"AM";"AM";"AMAZONAS";40002532771;6;95;"Consórcio não contemplado";"CONSÓRCIO NÃO CONTEMPLADO";"280529,82";"25/08/2026";"12:16:56"
"31/08/2026";"12:31:08";2026;2;"Eleição Ordinária";6259;"Eleições Gerais Estaduais 2026";"04/10/2026";"AM";"AM";"AMAZONAS";40002532772;1;79;"Outros fundos";"CNPJ";"456,87";"24/08/2026";"18:37:49"
"31/08/2026";"12:31:08";2026;2;"Eleição Ordinária";6259;"Eleições Gerais Estaduais 2026";"04/10/2026";"AM";"AM";"AMAZONAS";40002532775;1;99;"OUTROS BENS E DIREITOS";"INFORMADO POR CNPJ 00360305000104";"13725,12";"21/08/2026";"20:32:02"
"31/08/2026";"12:31:08";2026;2;"Eleição Ordinária";6259;"Eleições Gerais Estaduais 2026";"04/10/2026";"AM";"AM";"AMAZONAS";40002532772;3;13;"Terreno";"LOTEAMENTO";"64988,80";"24/08/2026";"18:37:49"
"31/08/2026";"12:31:08";2026;2;"Eleição Ordinária";6259;"Eleições Gerais Estaduais 2026";"04/10/2026";"AM";"AM";"AMAZONAS";40002532772;2;79;"Outros fundos";"APLICAÇÃO RENDA FIXA";"2070,61";"24/08/2026";"18:37:49"
"31/08/2026";"12:31:08";2026;2;"Eleição Ordinária";6259;"Eleições Gerais Estaduais 2026";"04/10/2026";"AM";"AM";"AMAZONAS";40002532775;2;99;"OUTROS BENS E DIREITOS";"INFORMADO POR CNPJ 00000000000191";"20555,22";"21/08/2026";"20:32:02"
"31/08/2026";"12:31:08";2026;2;"Eleição Ordinária";6259;"Eleições Gerais Estaduais 2026";"04/10/2026";"AM";"AM";"AMAZONAS";40002532775;3;99;"OUTROS BENS E DIREITOS";"INFORMADO POR CNPJ 00360305000104";"1604,26";"21/08/2026";"20:32:02"
"31/08/2026";"12:31:08";2026;2;"Eleição Ordinária";6259;"Eleições Gerais Estaduais 2026";"04/10/2026";"AM";"AM";"AMAZONAS";40002532775;4;45;"Aplicação de renda fixa (CDB, RDB e outros)";"CAIXA FACIL FIC DE CLASSE DE FIF RENDA FIXA";"4569,25";"21/08/2026";"20:32:02"
"31/08/2026";"12:31:08";2026;2;"Eleição Ordinária";6259;"Eleições Gerais Estaduais 2026";"04/10/2026";"AM";"AM";"AMAZONAS";40002532775;6;99;"OUTROS BENS E DIREITOS";"INFORMADO POR CNPJ 61.033.106000186";"51254,00";"21/08/2026";"20:32:02"
"31/08/2026";"12:31:08";2026;2;"Eleição Ordinária";6259;"Eleições Gerais Estaduais 2026";"04/10/2026";"AM";"AM";"AMAZONAS";40002532775;5;31;"Ações (inclusive as provenientes de linha telefônica)";"QUOTAS DA EMPRESA SARAIEVO INDUSTRIA COMERCIO E SERVICO LTDA";"507450,00";"21/08/2026";"20:32:02"
"31/08/2026";"12:31:08";2026;2;"Eleição Ordinária";6259;"Eleições Gerais Estaduais 2026";"04/10/2026";"AM";"AM";"AMAZONAS";40002532775;7;45;"Aplicação de renda fixa (CDB, RDB e outros)";"ITAU MONEY MARET RENDA FIXA";"171,45";"21/08/2026";"20:32:02"
"31/08/2026";"12:31:08";2026;2;"Eleição Ordinária";6259;"Eleições Gerais Estaduais 2026";"04/10/2026";"AM";"AM";"AMAZONAS";40002532778;1;99;"OUTROS BENS E DIREITOS";"INFORMADO POR CNPJ";"1564,92";"23/08/2026";"16:50:21"
"31/08/2026";"12:31:08";2026;2;"Eleição Ordinária";6259;"Eleições Gerais Estaduais 2026";"04/10/2026";"AM";"AM";"AMAZONAS";40002532776;2;21;"Veículo automotor terrestre: caminhão, automóvel, moto, etc.";"CARRO ONIX";"60000,00";"24/08/2026";"18:48:33"
"31/08/2026";"12:31:08";2026;2;"Eleição Ordinária";6259;"Eleições Gerais Estaduais 2026";"04/10/2026";"AM";"AM";"AMAZONAS";40002532776;1;63;"Dinheiro em espécie - moeda nacional";"VALOR EM ESPECIE";"5000,00";"24/08/2026";"18:48:33"
"31/08/2026";"12:31:08";2026;2;"Eleição Ordinária";6259;"Eleições Gerais Estaduais 2026";"04/10/2026";"AM";"AM";"AMAZONAS";40002532778;3;49;"Outras aplicações e Investimentos";"APLICAÇAO";"4876,52";"23/08/2026";"16:50:21"
"31/08/2026";"12:31:08";2026;2;"Eleição Ordinária";6259;"Eleições Gerais Estaduais 2026";"04/10/2026";"AM";"AM";"AMAZONAS";40002532778;2;49;"Outras aplicações e Investimentos";"APLICAÇÃO FINANCEIRA";"5559,30";"23/08/2026";"16:50:21"
"31/08/2026";"12:31:08";2026;2;"Eleição Ordinária";6259;"Eleições Gerais Estaduais 2026";"04/10/2026";"AM";"AM";"AMAZONAS";40002532778;4;49;"Outras aplicações e Investimentos";"APLICAÇÃO";"1000,00";"23/08/2026";"16:50:21"
"31/08/2026";"12:31:08";2026;2;"Eleição Ordinária";6259;"Eleições Gerais Estaduais 2026";"04/10/2026";"AM";"AM";"AMAZONAS";40002532778;6;23;"Embarcação";"BARCO";"150000,00";"23/08/2026";"16:50:21"
"31/08/2026";"12:31:08";2026;2;"Eleição Ordinária";6259;"Eleições Gerais Estaduais 2026";"04/10/2026";"AM";"AM";"AMAZONAS";40002532779;1;11;"Apartamento";"Apartamento";"269000,00";"26/08/2026";"15:05:22"
"31/08/2026";"12:31:08";2026;2;"Eleição Ordinária";6259;"Eleições Gerais Estaduais 2026";"04/10/2026";"AM";"AM";"AMAZONAS";40002532778;5;12;"Casa";"CASA";"210000,00";"23/08/2026";"16:50:21"
"31/08/2026";"12:31:08";2026;2;"Eleição Ordinária";6259;"Eleições Gerais Estaduais 2026";"04/10/2026";"AM";"AM";"AMAZONAS";40002532779;2;21;"Veículo automotor terrestre: caminhão, automóvel, moto, etc.";"Carro modelo Hillux";"216000,00";"26/08/2026";"15:05:22"
"31/08/2026";"12:31:08";2026;2;"Eleição Ordinária";6259;"Eleições Gerais Estaduais 2026";"04/10/2026";"AM";"AM";"AMAZONAS";40002532779;3;18;"Loja";"Empresa (Removeit)";"100000,00";"26/08/2026";"15:05:22"
"31/08/2026";"12:31:08";2026;2;"Eleição Ordinária";6259;"Eleições Gerais Estaduais 2026";"04/10/2026";"AM";"AM";"AMAZONAS";40002532780;1;12;"Casa";"residencial";"1000000,00";"27/08/2026";"17:58:36"
"31/08/2026";"12:31:08";2026;2;"Eleição Ordinária";6259;"Eleições Gerais Estaduais 2026";"04/10/2026";"AM";"AM";"AMAZONAS";40002532780;4;21;"Veículo automotor terrestre: caminhão, automóvel, moto, etc.";"automóvel";"108000,00";"27/08/2026";"17:58:36"
"31/08/2026";"12:31:08";2026;2;"Eleição Ordinária";6259;"Eleições Gerais Estaduais 2026";"04/10/2026";"AM";"AM";"AMAZONAS";40002532780;2;21;"Veículo automotor terrestre: caminhão, automóvel, moto, etc.";"caminhonete";"240000,00";"27/08/2026";"17:58:36"
"31/08/2026";"12:31:08";2026;2;"Eleição Ordinária";6259;"Eleições Gerais Estaduais 2026";"04/10/2026";"AM";"AM";"AMAZONAS";40002532780;3;21;"Veículo automotor terrestre: caminhão, automóvel, moto, etc.";"automóvel ";"65000,00";"27/08/2026";"17:58:36"
"31/08/2026";"12:31:08";2026;2;"Eleição Ordinária";6259;"Eleições Gerais Estaduais 2026";"04/10/2026";"AM";"AM";"AMAZONAS";40002532780;5;21;"Veículo automotor terrestre: caminhão, automóvel, moto, etc.";"automóvel";"296000,00";"27/08/2026";"17:58:36"
"31/08/2026";"12:31:08";2026;2;"Eleição Ordinária";6259;"Eleições Gerais Estaduais 2026";"04/10/2026";"AM";"AM";"AMAZONAS";40002532780;6;21;"Veículo automotor terrestre: caminhão, automóvel, moto, etc.";"automóvel";"201000,00";"27/08/2026";"17:58:36"
"31/08/2026";"12:31:08";2026;2;"Eleição Ordinária";6259;"Eleições Gerais Estaduais 2026";"04/10/2026";"AM";"AM";"AMAZONAS";40002532780;7;21;"Veículo automotor terrestre: caminhão, automóvel, moto, etc.";"ônibus";"100000,00";"27/08/2026";"17:58:36"
"31/08/2026";"12:31:08";2026;2;"Eleição Ordinária";6259;"Eleições Gerais Estaduais 2026";"04/10/2026";"AM";"AM";"AMAZONAS";40002532780;9;45;"Aplicação de renda fixa (CDB, RDB e outros)";"aplicação ";"3904,09";"27/08/2026";"17:58:36"
"31/08/2026";"12:31:08";2026;2;"Eleição Ordinária";6259;"Eleições Gerais Estaduais 2026";"04/10/2026";"AM";"AM";"AMAZONAS";40002532780;8;32;"Quotas ou quinhões de capital";"participação em sociedade";"10000,00";"27/08/2026";"17:58:36"
"31/08/2026";"12:31:08";2026;2;"Eleição Ordinária";6259;"Eleições Gerais Estaduais 2026";"04/10/2026";"AM";"AM";"AMAZONAS";40002532780;10;45;"Aplicação de renda fixa (CDB, RDB e outros)";"aplicação";"92671,50";"27/08/2026";"17:58:36"
"31/08/2026";"12:31:08";2026;2;"Eleição Ordinária";6259;"Eleições Gerais Estaduais 2026";"04/10/2026";"AM";"AM";"AMAZONAS";40002532780;11;49;"Outras aplicações e Investimentos";"aplicação";"3667,80";"27/08/2026";"17:58:36"
"31/08/2026";"12:31:08";2026;2;"Eleição Ordinária";6259;"Eleições Gerais Estaduais 2026";"04/10/2026";"AM";"AM";"AMAZONAS";40002532780;13;49;"Outras aplicações e Investimentos";"aplicação";"3667,80";"27/08/2026";"17:58:36"
"31/08/2026";"12:31:08";2026;2;"Eleição Ordinária";6259;"Eleições Gerais Estaduais 2026";"04/10/2026";"AM";"AM";"AMAZONAS";40002532780;12;41;"Caderneta de poupança";"caderneta de poupança";"35,14";"27/08/2026";"17:58:36"
"31/08/2026";"12:31:08";2026;2;"Eleição Ordinária";6259;"Eleições Gerais Estaduais 2026";"04/10/2026";"AM";"AM";"AMAZONAS";40002532780;16;99;"OUTROS BENS E DIREITOS";"créditos a receber oriundos de processos judiciais em fase de execução";"21000000,00";"27/08/2026";"17:58:36"
"31/08/2026";"12:31:08";2026;2;"Eleição Ordinária";6259;"Eleições Gerais Estaduais 2026";"04/10/2026";"AM";"AM";"AMAZONAS";40002532780;15;21;"Veículo automotor terrestre: caminhão, automóvel, moto, etc.";"automóvel";"45000,00";"27/08/2026";"17:58:36"
"31/08/2026";"12:31:08";2026;2;"Eleição Ordinária";6259;"Eleições Gerais Estaduais 2026";"04/10/2026";"AM";"AM";"AMAZONAS";40002532780;14;49;"Outras aplicações e Investimentos";"aplicação";"12878,00";"27/08/2026";"17:58:36"
"31/08/2026";"12:31:08";2026;2;"Eleição Ordinária";6259;"Eleições Gerais Estaduais 2026";"04/10/2026";"AM";"AM";"AMAZONAS";40002532782;2;99;"OUTROS BENS E DIREITOS";"PREVIDENCIA";"90200,00";"27/08/2026";"14:54:33"
"31/08/2026";"12:31:08";2026;2;"Eleição Ordinária";6259;"Eleições Gerais Estaduais 2026";"04/10/2026";"AM";"AM";"AMAZONAS";40002532782;1;59;"Outros créditos e poupança vinculados";"POUPANÇA";"2449,87";"27/08/2026";"14:54:33"
"31/08/2026";"12:31:08";2026;2;"Eleição Ordinária";6259;"Eleições Gerais Estaduais 2026";"04/10/2026";"AM";"AM";"AMAZONAS";40002532780;17;21;"Veículo automotor terrestre: caminhão, automóvel, moto, etc.";"automóvel";"65000,00";"27/08/2026";"17:58:36"
"31/08/2026";"12:31:08";2026;2;"Eleição Ordinária";6259;"Eleições Gerais Estaduais 2026";"04/10/2026";"AM";"AM";"AMAZONAS";40002532782;3;39;"Outras participações societárias";"CAPITAL";"50000,00";"27/08/2026";"14:54:33"
"31/08/2026";"12:31:08";2026;2;"Eleição Ordinária";6259;"Eleições Gerais Estaduais 2026";"04/10/2026";"AM";"AM";"AMAZONAS";40002532782;5;11;"Apartamento";"APARTAMENTO";"184000,00";"27/08/2026";"14:54:33"
"31/08/2026";"12:31:08";2026;2;"Eleição Ordinária";6259;"Eleições Gerais Estaduais 2026";"04/10/2026";"AM";"AM";"AMAZONAS";40002532782;4;45;"Aplicação de renda fixa (CDB, RDB e outros)";"TITULO DE CAPITALIZAÇÃO";"9510,42";"27/08/2026";"14:54:33"
"31/08/2026";"12:31:08";2026;2;"Eleição Ordinária";6259;"Eleições Gerais Estaduais 2026";"04/10/2026";"AM";"AM";"AMAZONAS";40002532785;1;21;"Veículo automotor terrestre: caminhão, automóvel, moto, etc.";"CARRO";"90000,00";"19/08/2026";"11:22:48"
"31/08/2026";"12:31:08";2026;2;"Eleição Ordinária";6259;"Eleições Gerais Estaduais 2026";"04/10/2026";"AM";"AM";"AMAZONAS";40002532785;2;11;"Apartamento";"APARTAMENTO";"400000,00";"19/08/2026";"11:22:48"
"31/08/2026";"12:31:08";2026;2;"Eleição Ordinária";6259;"Eleições Gerais Estaduais 2026";"04/10/2026";"AM";"AM";"AMAZONAS";40002532786;1;79;"Outros fundos";"CNPJ";"4248,25";"20/08/2026";"19:14:13"
"31/08/2026";"12:31:08";2026;2;"Eleição Ordinária";6259;"Eleições Gerais Estaduais 2026";"04/10/2026";"AM";"AM";"AMAZONAS";40002532787;1;99;"OUTROS BENS E DIREITOS";"INFORMADO POR CNPJ 00360305000104";"5,18";"25/08/2026";"18:25:15"
"31/08/2026";"12:31:08";2026;2;"Eleição Ordinária";6259;"Eleições Gerais Estaduais 2026";"04/10/2026";"AM";"AM";"AMAZONAS";40002532787;3;99;"OUTROS BENS E DIREITOS";"INFORMADO POR CNPJ 60746948000112";"5,69";"25/08/2026";"18:25:15"
"31/08/2026";"12:31:08";2026;2;"Eleição Ordinária";6259;"Eleições Gerais Estaduais 2026";"04/10/2026";"AM";"AM";"AMAZONAS";40002532787;2;99;"OUTROS BENS E DIREITOS";"INFORMADO POR CNPJ 000000000001-91";"34,43";"25/08/2026";"18:25:15"
"31/08/2026";"12:31:08";2026;2;"Eleição Ordinária";6259;"Eleições Gerais Estaduais 2026";"04/10/2026";"AM";"AM";"AMAZONAS";40002532787;4;99;"OUTROS BENS E DIREITOS";"INFORMADO POR CNPJ 00360305000104";"178,45";"25/08/2026";"18:25:15"
"31/08/2026";"12:31:08";2026;2;"Eleição Ordinária";6259;"Eleições Gerais Estaduais 2026";"04/10/2026";"AM";"AM";"AMAZONAS";40002532789;2;13;"Terreno";"TERRENO";"28082,51";"19/08/2026";"12:21:57"
"31/08/2026";"12:31:08";2026;2;"Eleição Ordinária";6259;"Eleições Gerais Estaduais 2026";"04/10/2026";"AM";"AM";"AMAZONAS";40002532789;1;12;"Casa";"CASA";"312375,00";"19/08/2026";"12:21:57"
"31/08/2026";"12:31:08";2026;2;"Eleição Ordinária";6259;"Eleições Gerais Estaduais 2026";"04/10/2026";"AM";"AM";"AMAZONAS";40002532789;3;99;"OUTROS BENS E DIREITOS";"ARMA DE FOGO";"5500,00";"19/08/2026";"12:21:57"
"31/08/2026";"12:31:08";2026;2;"Eleição Ordinária";6259;"Eleições Gerais Estaduais 2026";"04/10/2026";"AM";"AM";"AMAZONAS";40002532789;4;12;"Casa";"CASA";"72913,81";"19/08/2026";"12:21:57"
"31/08/2026";"12:31:08";2026;2;"Eleição Ordinária";6259;"Eleições Gerais Estaduais 2026";"04/10/2026";"AM";"AM";"AMAZONAS";40002532789;5;12;"Casa";"CASA";"22288,33";"19/08/2026";"12:21:57"
"31/08/2026";"12:31:08";2026;2;"Eleição Ordinária";6259;"Eleições Gerais Estaduais 2026";"04/10/2026";"AM";"AM";"AMAZONAS";40002532789;8;21;"Veículo automotor terrestre: caminhão, automóvel, moto, etc.";"CARRO";"162000,00";"19/08/2026";"12:21:57"
"31/08/2026";"12:31:08";2026;2;"Eleição Ordinária";6259;"Eleições Gerais Estaduais 2026";"04/10/2026";"AM";"AM";"AMAZONAS";40002532789;7;21;"Veículo automotor terrestre: caminhão, automóvel, moto, etc.";"CARRO";"144000,00";"19/08/2026";"12:21:57"
"31/08/2026";"12:31:08";2026;2;"Eleição Ordinária";6259;"Eleições Gerais Estaduais 2026";"04/10/2026";"AM";"AM";"AMAZONAS";40002532789;6;49;"Outras aplicações e Investimentos";"APLICACAO";"200,65";"19/08/2026";"12:21:57"
"31/08/2026";"12:31:08";2026;2;"Eleição Ordinária";6259;"Eleições Gerais Estaduais 2026";"04/10/2026";"AM";"AM";"AMAZONAS";40002532789;11;21;"Veículo automotor terrestre: caminhão, automóvel, moto, etc.";"CARRO";"0,00";"19/08/2026";"12:21:57"
"31/08/2026";"12:31:08";2026;2;"Eleição Ordinária";6259;"Eleições Gerais Estaduais 2026";"04/10/2026";"AM";"AM";"AMAZONAS";40002532789;10;12;"Casa";"CASA";"390200,00";"19/08/2026";"12:21:57"
"31/08/2026";"12:31:08";2026;2;"Eleição Ordinária";6259;"Eleições Gerais Estaduais 2026";"04/10/2026";"AM";"AM";"AMAZONAS";40002532789;9;12;"Casa";"IMOVEL URBANO";"200000,00";"19/08/2026";"12:21:57"
"31/08/2026";"12:31:08";2026;2;"Eleição Ordinária";6259;"Eleições Gerais Estaduais 2026";"04/10/2026";"AM";"AM";"AMAZONAS";40002532789;12;99;"OUTROS BENS E DIREITOS";"POUPANCA OURO";"16,38";"19/08/2026";"12:21:57"
"31/08/2026";"12:31:08";2026;2;"Eleição Ordinária";6259;"Eleições Gerais Estaduais 2026";"04/10/2026";"AM";"AM";"AMAZONAS";40002532789;14;12;"Casa";"CASA HERANCA PARTICIPACAO";"31516,66";"19/08/2026";"12:21:57"
"31/08/2026";"12:31:08";2026;2;"Eleição Ordinária";6259;"Eleições Gerais Estaduais 2026";"04/10/2026";"AM";"AM";"AMAZONAS";40002532789;13;2;"Prédio comercial";"PREDIO ESTILO COMERCIAL";"296000,00";"19/08/2026";"12:21:57"
"31/08/2026";"12:31:08";2026;2;"Eleição Ordinária";6259;"Eleições Gerais Estaduais 2026";"04/10/2026";"AM";"AM";"AMAZONAS";40002532789;15;99;"OUTROS BENS E DIREITOS";"SALDO CORRENTE";"1,00";"19/08/2026";"12:21:57"
"31/08/2026";"12:31:08";2026;2;"Eleição Ordinária";6259;"Eleições Gerais Estaduais 2026";"04/10/2026";"AM";"AM";"AMAZONAS";40002532789;16;11;"Apartamento";"APARTAMENTO";"348882,15";"19/08/2026";"12:21:57"
"31/08/2026";"12:31:08";2026;2;"Eleição Ordinária";6259;"Eleições Gerais Estaduais 2026";"04/10/2026";"AM";"AM";"AMAZONAS";40002532789;17;45;"Aplicação de renda fixa (CDB, RDB e outros)";"APLICACAO";"43621,32";"19/08/2026";"12:21:57"
"31/08/2026";"12:31:08";2026;2;"Eleição Ordinária";6259;"Eleições Gerais Estaduais 2026";"04/10/2026";"AM";"AM";"AMAZONAS";40002532789;19;11;"Apartamento";"APARTAMENTO";"38435,82";"19/08/2026";"12:21:57"
"31/08/2026";"12:31:08";2026;2;"Eleição Ordinária";6259;"Eleições Gerais Estaduais 2026";"04/10/2026";"AM";"AM";"AMAZONAS";40002532789;18;11;"Apartamento";"APARTAMENTO HERANCA PORCENTAGEM";"186666,67";"19/08/2026";"12:21:57"
"31/08/2026";"12:31:08";2026;2;"Eleição Ordinária";6259;"Eleições Gerais Estaduais 2026";"04/10/2026";"AM";"AM";"AMAZONAS";40002532789;20;11;"Apartamento";"APARTAMENTO HERANCA  PORCENTAGEM";"53333,33";"19/08/2026";"12:21:57"
"31/08/2026";"12:31:08";2026;2;"Eleição Ordinária";6259;"Eleições Gerais Estaduais 2026";"04/10/2026";"AM";"AM";"AMAZONAS";40002532791;1;99;"OUTROS BENS E DIREITOS";"RIPPLE ADQUIRIDO A CUSTO MEDIO";"2514640,25";"19/08/2026";"12:33:02"
"31/08/2026";"12:31:08";2026;2;"Eleição Ordinária";6259;"Eleições Gerais Estaduais 2026";"04/10/2026";"AM";"AM";"AMAZONAS";40002532790;1;21;"Veículo automotor terrestre: caminhão, automóvel, moto, etc.";"CARRO";"30000,00";"21/08/2026";"12:29:49"
"31/08/2026";"12:31:08";2026;2;"Eleição Ordinária";6259;"Eleições Gerais Estaduais 2026";"04/10/2026";"AM";"AM";"AMAZONAS";40002532789;21;45;"Aplicação de renda fixa (CDB, RDB e outros)";"APLICACAO";"535709,22";"19/08/2026";"12:21:57"
"31/08/2026";"12:31:08";2026;2;"Eleição Ordinária";6259;"Eleições Gerais Estaduais 2026";"04/10/2026";"AM";"AM";"AMAZONAS";40002532791;3;99;"OUTROS BENS E DIREITOS";"CONTA CORRENTE NO MERCADO PAGO";"64,51";"19/08/2026";"12:33:02"
"31/08/2026";"12:31:08";2026;2;"Eleição Ordinária";6259;"Eleições Gerais Estaduais 2026";"04/10/2026";"AM";"AM";"AMAZONAS";40002532791;4;12;"Casa";"CASA EM LOTEAMENTO PARQUE RESIDENCIAL";"880000,00";"19/08/2026";"12:33:02"
"31/08/2026";"12:31:08";2026;2;"Eleição Ordinária";6259;"Eleições Gerais Estaduais 2026";"04/10/2026";"AM";"AM";"AMAZONAS";40002532791;2;45;"Aplicação de renda fixa (CDB, RDB e outros)";"APLICACAO EM RENDA FIXA BANCO C6";"244000,00";"19/08/2026";"12:33:02"
"31/08/2026";"12:31:08";2026;2;"Eleição Ordinária";6259;"Eleições Gerais Estaduais 2026";"04/10/2026";"AM";"AM";"AMAZONAS";40002532791;6;99;"OUTROS BENS E DIREITOS";"SALDO EM MOEDA CORRENTE NACIONAL";"800000,00";"19/08/2026";"12:33:02"
"31/08/2026";"12:31:08";2026;2;"Eleição Ordinária";6259;"Eleições Gerais Estaduais 2026";"04/10/2026";"AM";"AM";"AMAZONAS";40002532791;7;79;"Outros fundos";"FUNDO DE INVESTIMENTOS MERCADO PAGO NIKOS";"334,97";"19/08/2026";"12:33:02"
"31/08/2026";"12:31:08";2026;2;"Eleição Ordinária";6259;"Eleições Gerais Estaduais 2026";"04/10/2026";"AM";"AM";"AMAZONAS";40002532791;5;45;"Aplicação de renda fixa (CDB, RDB e outros)";"APLICACAO EM RENDA FIXA MERCADO PAGO";"35000,00";"19/08/2026";"12:33:02"
"31/08/2026";"12:31:08";2026;2;"Eleição Ordinária";6259;"Eleições Gerais Estaduais 2026";"04/10/2026";"AM";"AM";"AMAZONAS";40002532791;9;72;"Fundo de Longo Prazo e Fundo de Investimentos em Direitos Creditórios (FIDC)";"APLICACAO EM RENDA FIXA";"37,80";"19/08/2026";"12:33:02"
"31/08/2026";"12:31:08";2026;2;"Eleição Ordinária";6259;"Eleições Gerais Estaduais 2026";"04/10/2026";"AM";"AM";"AMAZONAS";40002532791;8;49;"Outras aplicações e Investimentos";"APLICACAO EM TESOURO DIRETO";"243676,85";"19/08/2026";"12:33:02"
"31/08/2026";"12:31:08";2026;2;"Eleição Ordinária";6259;"Eleições Gerais Estaduais 2026";"04/10/2026";"AM";"AM";"AMAZONAS";40002532791;10;45;"Aplicação de renda fixa (CDB, RDB e outros)";"APLICACAO EM RENDA FIXA";"85000,00";"19/08/2026";"12:33:02"
"31/08/2026";"12:31:08";2026;2;"Eleição Ordinária";6259;"Eleições Gerais Estaduais 2026";"04/10/2026";"AM";"AM";"AMAZONAS";40002532791;13;99;"OUTROS BENS E DIREITOS";"LINK CHAINLINK ADQUIRIDO A CUSTO MEDIO";"15,59";"19/08/2026";"12:33:02"
"31/08/2026";"12:31:08";2026;2;"Eleição Ordinária";6259;"Eleições Gerais Estaduais 2026";"04/10/2026";"AM";"AM";"AMAZONAS";40002532791;12;99;"OUTROS BENS E DIREITOS";"CONTA CORRENTE C6";"394,61";"19/08/2026";"12:33:02"
"31/08/2026";"12:31:08";2026;2;"Eleição Ordinária";6259;"Eleições Gerais Estaduais 2026";"04/10/2026";"AM";"AM";"AMAZONAS";40002532791;11;45;"Aplicação de renda fixa (CDB, RDB e outros)";"APLICACAO EM RENDA FIXA CDB";"31000,00";"19/08/2026";"12:33:02"
"31/08/2026";"12:31:08";2026;2;"Eleição Ordinária";6259;"Eleições Gerais Estaduais 2026";"04/10/2026";"AM";"AM";"AMAZONAS";40002532791;15;39;"Outras participações societárias";"PARTICIPACAO SOCIETARIA NA EMPRESA NORTE REPRESENTACOES LTDA";"12500,00";"19/08/2026";"12:33:02"
"31/08/2026";"12:31:08";2026;2;"Eleição Ordinária";6259;"Eleições Gerais Estaduais 2026";"04/10/2026";"AM";"AM";"AMAZONAS";40002532791;14;99;"OUTROS BENS E DIREITOS";"CAPITAL SOCIAL INVESTIDO NA EMPRESA SDL SHOES LLC";"18714,24";"19/08/2026";"12:33:02"
"31/08/2026";"12:31:08";2026;2;"Eleição Ordinária";6259;"Eleições Gerais Estaduais 2026";"04/10/2026";"AM";"AM";"AMAZONAS";40002533202;1;63;"Dinheiro em espécie - moeda nacional";"EM ESPECIE - R$ 2.000,00";"2000,00";"21/08/2026";"12:02:44"
"31/08/2026";"12:31:08";2026;2;"Eleição Ordinária";6259;"Eleições Gerais Estaduais 2026";"04/10/2026";"AM";"AM";"AMAZONAS";40002533204;1;11;"Apartamento";"APARTAMENTO ADQUIRIDO EM 01/2005 DA EMPRESA EMBRACONT.  OBSERVAÇÃO: O IMÓVEL NÃO FOI ENTREGUE EM RAZÃO DE A EMPRESA  VENDEDORA TER ENTRADO EM CONCORDATA.";"106895,67";"20/08/2026";"18:18:52"
"31/08/2026";"12:31:08";2026;2;"Eleição Ordinária";6259;"Eleições Gerais Estaduais 2026";"04/10/2026";"AM";"AM";"AMAZONAS";40002533203;1;63;"Dinheiro em espécie - moeda nacional";"EM ESPECIE -  R$ 3.000,00";"3000,00";"28/08/2026";"19:06:58"
"31/08/2026";"12:31:08";2026;2;"Eleição Ordinária";6259;"Eleições Gerais Estaduais 2026";"04/10/2026";"AM";"AM";"AMAZONAS";40002533204;2;32;"Quotas ou quinhões de capital";"100% (CEM POR CENTO) DAS QUOTAS DO CAPITAL SOCIAL DA EMPRESA RESERVED  GASTRONOMIA E ALIMENTAÇÃO LTDA. (CNPJ N. 37.667.019/0001-04).";"75000,00";"20/08/2026";"18:18:52"
"31/08/2026";"12:31:08";2026;2;"Eleição Ordinária";6259;"Eleições Gerais Estaduais 2026";"04/10/2026";"AM";"AM";"AMAZONAS";40002533204;4;39;"Outras participações societárias";"50% (CINQUENTA POR CENTO) DO CAPITAL SOCIAL DA EMPRESA H.N. EVENTOS E FESTAS  (CNPJ N. 08.471.602/0001-39).";"300000,00";"20/08/2026";"18:18:52"
"31/08/2026";"12:31:08";2026;2;"Eleição Ordinária";6259;"Eleições Gerais Estaduais 2026";"04/10/2026";"AM";"AM";"AMAZONAS";40002533204;3;11;"Apartamento";"APARTAMENTO AQUARELLE N. 4475, TORRE MAGENTA, APARTAMENTO 1005. SITUAÇÃO: QUITADO";"270467,08";"20/08/2026";"18:18:52"
"31/08/2026";"12:31:08";2026;2;"Eleição Ordinária";6259;"Eleições Gerais Estaduais 2026";"04/10/2026";"AM";"AM";"AMAZONAS";40002533204;5;12;"Casa";"IMÓVEL RESIDENCIAL (CASA E TERRENO) SITUADO NO CONDOMÍNIO RESIDENCIAL MARINA RIO  BELO, LOTE 120/151, QUADRA E, BAIRRO TARUMÃ, MANAUS/AM";"980320,00";"20/08/2026";"18:18:52"
"31/08/2026";"12:31:08";2026;2;"Eleição Ordinária";6259;"Eleições Gerais Estaduais 2026";"04/10/2026";"AM";"AM";"AMAZONAS";40002533206;1;61;"Depósito bancário em conta corrente no País";"INFORMADO POR CNPJ 00.360.305/0001-04";"1234,77";"21/08/2026";"13:15:17"
"31/08/2026";"12:31:08";2026;2;"Eleição Ordinária";6259;"Eleições Gerais Estaduais 2026";"04/10/2026";"AM";"AM";"AMAZONAS";40002533205;1;63;"Dinheiro em espécie - moeda nacional";"EM ESPECIE - R$ 25.000,00";"25000,00";"24/08/2026";"17:14:18"
"31/08/2026";"12:31:08";2026;2;"Eleição Ordinária";6259;"Eleições Gerais Estaduais 2026";"04/10/2026";"AM";"AM";"AMAZONAS";40002533206;2;63;"Dinheiro em espécie - moeda nacional";"EM ESPECIE - R$ 20.000,00";"20000,00";"21/08/2026";"13:15:17"
"31/08/2026";"12:31:08";2026;2;"Eleição Ordinária";6259;"Eleições Gerais Estaduais 2026";"04/10/2026";"AM";"AM";"AMAZONAS";40002533207;1;21;"Veículo automotor terrestre: caminhão, automóvel, moto, etc.";"VEICULO DA MARCA BYD, MODELO DOLPHIN,";"103464,40";"21/08/2026";"18:56:59"
"31/08/2026";"12:31:08";2026;2;"Eleição Ordinária";6259;"Eleições Gerais Estaduais 2026";"04/10/2026";"AM";"AM";"AMAZONAS";40002533207;2;31;"Ações (inclusive as provenientes de linha telefônica)";"100 ACOES DA ABCB4 AO PRECO MEDIO DE R$13,55";"1355,00";"21/08/2026";"18:56:59"
"31/08/2026";"12:31:08";2026;2;"Eleição Ordinária";6259;"Eleições Gerais Estaduais 2026";"04/10/2026";"AM";"AM";"AMAZONAS";40002533207;3;31;"Ações (inclusive as provenientes de linha telefônica)";"200 ACOES DE BBAS3 AO PRECO MEDIO DE R$29,44";"5888,11";"21/08/2026";"18:56:59"
"31/08/2026";"12:31:08";2026;2;"Eleição Ordinária";6259;"Eleições Gerais Estaduais 2026";"04/10/2026";"AM";"AM";"AMAZONAS";40002533207;4;31;"Ações (inclusive as provenientes de linha telefônica)";"210 ACOES DE ITSA4 AO PRECO MEDIO DE R$9,48, SENDO 10 DELAS RECEBIDAS POR MEIO DE BONIFICACAO AO ACIONISTA";"1992,51";"21/08/2026";"18:56:59"
"31/08/2026";"12:31:08";2026;2;"Eleição Ordinária";6259;"Eleições Gerais Estaduais 2026";"04/10/2026";"AM";"AM";"AMAZONAS";40002533207;5;31;"Ações (inclusive as provenientes de linha telefônica)";"1,1735 ACOES DA MSFT ADQUIRIDAS EM 04/06/2020 ATRAVES DA CORRETORA AVENUE SECURITIES LLC";"1107,23";"21/08/2026";"18:56:59"
"31/08/2026";"12:31:08";2026;2;"Eleição Ordinária";6259;"Eleições Gerais Estaduais 2026";"04/10/2026";"AM";"AM";"AMAZONAS";40002533207;6;12;"Casa";"CASA NO CJ ELDORADO - ÁREA TOTAL 42,2";"270000,00";"21/08/2026";"18:56:59"
"31/08/2026";"12:31:08";2026;2;"Eleição Ordinária";6259;"Eleições Gerais Estaduais 2026";"04/10/2026";"AM";"AM";"AMAZONAS";40002533207;9;39;"Outras participações societárias";"PARTICIPACAO SOCIETARIA EM EMPRESA LDTA UNIPESSOAL (A. M. LINS FILHO E-COMM EQUIPAMENTOS DIGITAIS LTDA)";"10000,00";"21/08/2026";"18:56:59"
"31/08/2026";"12:31:08";2026;2;"Eleição Ordinária";6259;"Eleições Gerais Estaduais 2026";"04/10/2026";"AM";"AM";"AMAZONAS";40002533207;7;61;"Depósito bancário em conta corrente no País";"SALDO EM RDB NO NUBANK,";"507,91";"21/08/2026";"18:56:59"
"31/08/2026";"12:31:08";2026;2;"Eleição Ordinária";6259;"Eleições Gerais Estaduais 2026";"04/10/2026";"AM";"AM";"AMAZONAS";40002533207;8;62;"Depósito bancário em conta corrente no exterior";"SALDO DE U$ 2,07 DOLARES AMERICANOS NA CORRETORA AVENUE SECURITIES LLC";"10,76";"21/08/2026";"18:56:59"
"31/08/2026";"12:31:08";2026;2;"Eleição Ordinária";6259;"Eleições Gerais Estaduais 2026";"04/10/2026";"AM";"AM";"AMAZONAS";40002533207;11;61;"Depósito bancário em conta corrente no País";"INFORMADO POR CNPJ 02.332.886/0001-04";"769,00";"21/08/2026";"18:56:59"
"31/08/2026";"12:31:08";2026;2;"Eleição Ordinária";6259;"Eleições Gerais Estaduais 2026";"04/10/2026";"AM";"AM";"AMAZONAS";40002533207;12;61;"Depósito bancário em conta corrente no País";"SALDO EM CONTA DE PAGAMENTO NO BANCO 712 - BANCO 06 E 01 105 - BRASIL OURINVEST S.A., CNPJ 78.632.767/0001- 20,";"600,00";"21/08/2026";"18:56:59"
"31/08/2026";"12:31:08";2026;2;"Eleição Ordinária";6259;"Eleições Gerais Estaduais 2026";"04/10/2026";"AM";"AM";"AMAZONAS";40002533207;10;45;"Aplicação de renda fixa (CDB, RDB e outros)";"BB CDB RENDE FACIL (INVESTIMENTO AUTOMATICO DOS VALORES EM CONTA CORRENTE DO BANCO DO BRASIL)";"16112,34";"21/08/2026";"18:56:59"
"31/08/2026";"12:31:08";2026;2;"Eleição Ordinária";6259;"Eleições Gerais Estaduais 2026";"04/10/2026";"AM";"AM";"AMAZONAS";40002533207;13;61;"Depósito bancário em conta corrente no País";"SALDO EM CONTA NO BANCO INTER";"1109,00";"21/08/2026";"18:56:59"
"31/08/2026";"12:31:08";2026;2;"Eleição Ordinária";6259;"Eleições Gerais Estaduais 2026";"04/10/2026";"AM";"AM";"AMAZONAS";40002533207;14;61;"Depósito bancário em conta corrente no País";"SALDO EM CONTA NO BANCO DO BRASIL EM 31/12/2023";"16112,34";"21/08/2026";"18:56:59"
"31/08/2026";"12:31:08";2026;2;"Eleição Ordinária";6259;"Eleições Gerais Estaduais 2026";"04/10/2026";"AM";"AM";"AMAZONAS";40002533207;15;74;"Fundos: Ações, Mútuos de Privatização, Invest. Empresas Emergentes, Invest.Participação e Invest. Índice Mercado";"20 COTAS DE SMAL11 AO PRECO MEDIO DE R$86,27";"1725,39";"21/08/2026";"18:56:59"
"31/08/2026";"12:31:08";2026;2;"Eleição Ordinária";6259;"Eleições Gerais Estaduais 2026";"04/10/2026";"AM";"AM";"AMAZONAS";40002533207;18;21;"Veículo automotor terrestre: caminhão, automóvel, moto, etc.";"AQUISICAO DE VEICULO MODELO GOL 1.0 FLEX COM CAMBIO MANUAL E ANO 2021";"30000,00";"21/08/2026";"18:56:59"
"31/08/2026";"12:31:08";2026;2;"Eleição Ordinária";6259;"Eleições Gerais Estaduais 2026";"04/10/2026";"AM";"AM";"AMAZONAS";40002533207;16;74;"Fundos: Ações, Mútuos de Privatização, Invest. Empresas Emergentes, Invest.Participação e Invest. Índice Mercado";"2 COTAS DE BBSD11 AO PRECO MEDIO DE R$67,88";"135,76";"21/08/2026";"18:56:59"
"31/08/2026";"12:31:08";2026;2;"Eleição Ordinária";6259;"Eleições Gerais Estaduais 2026";"04/10/2026";"AM";"AM";"AMAZONAS";40002533207;17;31;"Ações (inclusive as provenientes de linha telefônica)";"23 ACOES DA TAEE11 AO PRECO MEDIO DE R$27,518";"632,93";"21/08/2026";"18:56:59"
"31/08/2026";"12:31:08";2026;2;"Eleição Ordinária";6259;"Eleições Gerais Estaduais 2026";"04/10/2026";"AM";"AM";"AMAZONAS";40002533208;1;21;"Veículo automotor terrestre: caminhão, automóvel, moto, etc.";"VEICULO JEEP COMPASS ANO/MODELO:2024/2025 COR PRATA, COM ALIENACAO FIDUCIARIA PELO BRADESCO. NO VALOR R$ 169.960,00.";"77809,09";"20/08/2026";"16:55:33"
"31/08/2026";"12:31:08";2026;2;"Eleição Ordinária";6259;"Eleições Gerais Estaduais 2026";"04/10/2026";"AM";"AM";"AMAZONAS";40002533209;1;63;"Dinheiro em espécie - moeda nacional";"EM ESPECIE - R$ 3.000,00";"3000,00";"20/08/2026";"16:55:16"
"31/08/2026";"12:31:08";2026;2;"Eleição Ordinária";6259;"Eleições Gerais Estaduais 2026";"04/10/2026";"AM";"AM";"AMAZONAS";40002533210;1;45;"Aplicação de renda fixa (CDB, RDB e outros)";"APLICACAO DE RENDA FIXA-BANCO SANTANDER";"1317819,71";"23/08/2026";"16:08:56"
"31/08/2026";"12:31:08";2026;2;"Eleição Ordinária";6259;"Eleições Gerais Estaduais 2026";"04/10/2026";"AM";"AM";"AMAZONAS";40002533210;3;21;"Veículo automotor terrestre: caminhão, automóvel, moto, etc.";"COMPRA 01 CARRETA COM SOM R/CARVEITEC CV1200- ANO 2007- EM 2021";"15000,00";"23/08/2026";"16:08:56"
"31/08/2026";"12:31:08";2026;2;"Eleição Ordinária";6259;"Eleições Gerais Estaduais 2026";"04/10/2026";"AM";"AM";"AMAZONAS";40002533210;2;11;"Apartamento";"COMPRA APARTAMENTO FINANCIADO SENSO ENGENHARIA E COMERCIO LTDA TITULO 000803,VR OAGO EM 2011";"200000,00";"23/08/2026";"16:08:56"
"31/08/2026";"12:31:08";2026;2;"Eleição Ordinária";6259;"Eleições Gerais Estaduais 2026";"04/10/2026";"AM";"AM";"AMAZONAS";40002533210;4;63;"Dinheiro em espécie - moeda nacional";"EM ESPECIE";"35000,00";"23/08/2026";"16:08:56"
"31/08/2026";"12:31:08";2026;2;"Eleição Ordinária";6259;"Eleições Gerais Estaduais 2026";"04/10/2026";"AM";"AM";"AMAZONAS";40002533210;6;13;"Terreno";"AQUISICAO DE UM TERRENO DENOMINADO CHACARA DAGUA - BAIRRO JORGE TEIXEIRA,";"150000,00";"23/08/2026";"16:08:56"
"31/08/2026";"12:31:08";2026;2;"Eleição Ordinária";6259;"Eleições Gerais Estaduais 2026";"04/10/2026";"AM";"AM";"AMAZONAS";40002533210;7;21;"Veículo automotor terrestre: caminhão, automóvel, moto, etc.";"UM VEICULO USADO MARCA MERCEDEZ BENZ ML 350 9- MODELO 2010-2011";"73700,00";"23/08/2026";"16:08:56"
"31/08/2026";"12:31:08";2026;2;"Eleição Ordinária";6259;"Eleições Gerais Estaduais 2026";"04/10/2026";"AM";"AM";"AMAZONAS";40002533210;5;45;"Aplicação de renda fixa (CDB, RDB e outros)";"BB RENDA FIXA LONGO PRAZO HIGH FUNDO DE INVESTIMENTO EM COTA";"9972,46";"23/08/2026";"16:08:56"
"31/08/2026";"12:31:08";2026;2;"Eleição Ordinária";6259;"Eleições Gerais Estaduais 2026";"04/10/2026";"AM";"AM";"AMAZONAS";40002533210;9;21;"Veículo automotor terrestre: caminhão, automóvel, moto, etc.";"VEICULO USADO MODELO TOYOTA COROLLA ALTIS HVMODELO 2023";"140000,00";"23/08/2026";"16:08:56"
"31/08/2026";"12:31:08";2026;2;"Eleição Ordinária";6259;"Eleições Gerais Estaduais 2026";"04/10/2026";"AM";"AM";"AMAZONAS";40002533210;10;11;"Apartamento";"COMPRA APARTAMENTO SENSO ENGENHARIA E COM.LTDATITULO 00802 PARCELADO";"200000,00";"23/08/2026";"16:08:56"
"31/08/2026";"12:31:08";2026;2;"Eleição Ordinária";6259;"Eleições Gerais Estaduais 2026";"04/10/2026";"AM";"AM";"AMAZONAS";40002533210;8;12;"Casa";"UMA CASA RESIDENCIAL SITO A - CJ.PQ.TROPICAL-BAIRRO PARQUE DEZ-MANAUS, REFORMADA";"600000,00";"23/08/2026";"16:08:56"
"31/08/2026";"12:31:08";2026;2;"Eleição Ordinária";6259;"Eleições Gerais Estaduais 2026";"04/10/2026";"AM";"AM";"AMAZONAS";40002533210;13;45;"Aplicação de renda fixa (CDB, RDB e outros)";"SANTANDER RENDA FIXA REFERENCIADO DI MASTER FUNDO DE INVESTIMENTO EM COTAS DE FUNDOS DE INVESTIMENTO - INFORMADO POR CNPJ 03.502.968/0001-04";"20260,72";"23/08/2026";"16:08:56"
"31/08/2026";"12:31:08";2026;2;"Eleição Ordinária";6259;"Eleições Gerais Estaduais 2026";"04/10/2026";"AM";"AM";"AMAZONAS";40002533210;12;45;"Aplicação de renda fixa (CDB, RDB e outros)";"SANTANDER PORTFOLIO ATIVO CRESCIMENTO MAX MULTIMERCADO CREDITO PRIVADO FUNDO DE INVESTIMENTO - INFORMADO POR CNPJ 03.502.968/0001-04";"20804,90";"23/08/2026";"16:08:56"
"31/08/2026";"12:31:08";2026;2;"Eleição Ordinária";6259;"Eleições Gerais Estaduais 2026";"04/10/2026";"AM";"AM";"AMAZONAS";40002533210;11;45;"Aplicação de renda fixa (CDB, RDB e outros)";"BB RENDA FIXA REFERENCIADO DI";"5308,79";"23/08/2026";"16:08:56"
"31/08/2026";"12:31:08";2026;2;"Eleição Ordinária";6259;"Eleições Gerais Estaduais 2026";"04/10/2026";"AM";"AM";"AMAZONAS";40002533210;14;39;"Outras participações societárias";"INFORMADO POR CNPJ 63.666.812/0001-90";"120000,00";"23/08/2026";"16:08:56"
"31/08/2026";"12:31:08";2026;2;"Eleição Ordinária";6259;"Eleições Gerais Estaduais 2026";"04/10/2026";"AM";"AM";"AMAZONAS";40002533210;16;45;"Aplicação de renda fixa (CDB, RDB e outros)";"BANCO SANTANDER (BRASIL) S.A.";"184482,81";"23/08/2026";"16:08:56"
"31/08/2026";"12:31:08";2026;2;"Eleição Ordinária";6259;"Eleições Gerais Estaduais 2026";"04/10/2026";"AM";"AM";"AMAZONAS";40002533210;15;45;"Aplicação de renda fixa (CDB, RDB e outros)";"RF REF DI PLUS AGIL-BANCO DO BRASIL SA";"88563,20";"23/08/2026";"16:08:56"
"31/08/2026";"12:31:08";2026;2;"Eleição Ordinária";6259;"Eleições Gerais Estaduais 2026";"04/10/2026";"AM";"AM";"AMAZONAS";40002533210;17;97;"VGBL - Vida Gerador de Benefício Livre";"SALDO VGBL BANCO DO BRASIL S/A";"180615,06";"23/08/2026";"16:08:56"
"31/08/2026";"12:31:08";2026;2;"Eleição Ordinária";6259;"Eleições Gerais Estaduais 2026";"04/10/2026";"AM";"AM";"AMAZONAS";40002534372;1;39;"Outras participações societárias";"SOCIO NA EMPRESA G C MORAIS LTDA COM 100% DO CAPITAL SOCIAL";"200000,00";"21/08/2026";"16:33:33"
"31/08/2026";"12:31:08";2026;2;"Eleição Ordinária";6259;"Eleições Gerais Estaduais 2026";"04/10/2026";"AM";"AM";"AMAZONAS";40002533210;18;64;"Dinheiro em espécie - moeda estrangeira";"EM ESPECIE- 2.000 EUROS E 2.000 DOLARES";"30000,00";"23/08/2026";"16:08:56"
"31/08/2026";"12:31:08";2026;2;"Eleição Ordinária";6259;"Eleições Gerais Estaduais 2026";"04/10/2026";"AM";"AM";"AMAZONAS";40002534377;1;61;"Depósito bancário em conta corrente no País";"Banco BMG S.A";"50000,00";"21/08/2026";"13:56:48"
"31/08/2026";"12:31:08";2026;2;"Eleição Ordinária";6259;"Eleições Gerais Estaduais 2026";"04/10/2026";"AM";"AM";"AMAZONAS";40002534376;1;63;"Dinheiro em espécie - moeda nacional";"EM ESPECIE - R$ 3.000,00";"3000,00";"24/08/2026";"19:54:25"
"31/08/2026";"12:31:08";2026;2;"Eleição Ordinária";6259;"Eleições Gerais Estaduais 2026";"04/10/2026";"AM";"AM";"AMAZONAS";40002534374;1;63;"Dinheiro em espécie - moeda nacional";"EM ESPECIE R$ 3.000,00";"3000,00";"22/08/2026";"16:59:00"
"31/08/2026";"12:31:08";2026;2;"Eleição Ordinária";6259;"Eleições Gerais Estaduais 2026";"04/10/2026";"AM";"AM";"AMAZONAS";40002534377;3;11;"Apartamento";"Splendore Residence";"850000,00";"21/08/2026";"13:56:48"
"31/08/2026";"12:31:08";2026;2;"Eleição Ordinária";6259;"Eleições Gerais Estaduais 2026";"04/10/2026";"AM";"AM";"AMAZONAS";40002534377;2;11;"Apartamento";"Ed. Mondrian";"501951,90";"21/08/2026";"13:56:48"
"31/08/2026";"12:31:08";2026;2;"Eleição Ordinária";6259;"Eleições Gerais Estaduais 2026";"04/10/2026";"AM";"AM";"AMAZONAS";40002534377;4;12;"Casa";"Casa (50% de herança)";"558600,00";"21/08/2026";"13:56:48"
"31/08/2026";"12:31:08";2026;2;"Eleição Ordinária";6259;"Eleições Gerais Estaduais 2026";"04/10/2026";"AM";"AM";"AMAZONAS";40002534377;5;39;"Outras participações societárias";"A.G. de Araújo Filho (participação societária)";"3333,33";"21/08/2026";"13:56:48"
"31/08/2026";"12:31:08";2026;2;"Eleição Ordinária";6259;"Eleições Gerais Estaduais 2026";"04/10/2026";"AM";"AM";"AMAZONAS";40002534377;6;79;"Outros fundos";"Tesouro Nacional";"25291,73";"21/08/2026";"13:56:48"
"31/08/2026";"12:31:08";2026;2;"Eleição Ordinária";6259;"Eleições Gerais Estaduais 2026";"04/10/2026";"AM";"AM";"AMAZONAS";40002534377;7;45;"Aplicação de renda fixa (CDB, RDB e outros)";"Banco Bradesco";"17688,88";"21/08/2026";"13:56:48"
"31/08/2026";"12:31:08";2026;2;"Eleição Ordinária";6259;"Eleições Gerais Estaduais 2026";"04/10/2026";"AM";"AM";"AMAZONAS";40002534377;8;49;"Outras aplicações e Investimentos";"XP Investimentos";"721306,29";"21/08/2026";"13:56:48"
"31/08/2026";"12:31:08";2026;2;"Eleição Ordinária";6259;"Eleições Gerais Estaduais 2026";"04/10/2026";"AM";"AM";"AMAZONAS";40002534377;9;45;"Aplicação de renda fixa (CDB, RDB e outros)";"Banco C6";"50000,00";"21/08/2026";"13:56:48"
"31/08/2026";"12:31:08";2026;2;"Eleição Ordinária";6259;"Eleições Gerais Estaduais 2026";"04/10/2026";"AM";"AM";"AMAZONAS";40002534377;10;45;"Aplicação de renda fixa (CDB, RDB e outros)";"PicPay Bank";"60000,00";"21/08/2026";"13:56:48"
"31/08/2026";"12:31:08";2026;2;"Eleição Ordinária";6259;"Eleições Gerais Estaduais 2026";"04/10/2026";"AM";"AM";"AMAZONAS";40002534377;12;61;"Depósito bancário em conta corrente no País";"Banco Bradesco";"1,00";"21/08/2026";"13:56:48"
"31/08/2026";"12:31:08";2026;2;"Eleição Ordinária";6259;"Eleições Gerais Estaduais 2026";"04/10/2026";"AM";"AM";"AMAZONAS";40002534377;13;61;"Depósito bancário em conta corrente no País";"XP Investimentos";"7256,51";"21/08/2026";"13:56:48"
"31/08/2026";"12:31:08";2026;2;"Eleição Ordinária";6259;"Eleições Gerais Estaduais 2026";"04/10/2026";"AM";"AM";"AMAZONAS";40002534377;11;49;"Outras aplicações e Investimentos";"LCD - BNDES";"51544,28";"21/08/2026";"13:56:48"
"31/08/2026";"12:31:08";2026;2;"Eleição Ordinária";6259;"Eleições Gerais Estaduais 2026";"04/10/2026";"AM";"AM";"AMAZONAS";40002534377;15;49;"Outras aplicações e Investimentos";"ARX HRFGR GIC Incentivado";"50000,00";"21/08/2026";"13:56:48"
"31/08/2026";"12:31:08";2026;2;"Eleição Ordinária";6259;"Eleições Gerais Estaduais 2026";"04/10/2026";"AM";"AM";"AMAZONAS";40002534377;16;49;"Outras aplicações e Investimentos";"Fundo de Investimento Bradesco Sky FIC FIRF Referenciado DI";"45750,24";"21/08/2026";"13:56:48"
"31/08/2026";"12:31:08";2026;2;"Eleição Ordinária";6259;"Eleições Gerais Estaduais 2026";"04/10/2026";"AM";"AM";"AMAZONAS";40002534377;14;73;"Fundo de Investimento Imobiliário";"TG Renda Urbana Feeder FII";"48893,48";"21/08/2026";"13:56:48"
"31/08/2026";"12:31:08";2026;2;"Eleição Ordinária";6259;"Eleições Gerais Estaduais 2026";"04/10/2026";"AM";"AM";"AMAZONAS";40002534377;17;97;"VGBL - Vida Gerador de Benefício Livre";"Previdência Privada Banco Bradesco";"50000,00";"21/08/2026";"13:56:48"
"31/08/2026";"12:31:08";2026;2;"Eleição Ordinária";6259;"Eleições Gerais Estaduais 2026";"04/10/2026";"AM";"AM";"AMAZONAS";40002534378;1;63;"Dinheiro em espécie - moeda nacional";"EM ESPÉCIE";"3000,00";"27/08/2026";"18:19:23"
"31/08/2026";"12:31:08";2026;2;"Eleição Ordinária";6259;"Eleições Gerais Estaduais 2026";"04/10/2026";"AM";"AM";"AMAZONAS";40002534379;1;63;"Dinheiro em espécie - moeda nacional";"EM ESPECIE R$ 2.000,00";"2000,00";"20/08/2026";"19:31:22"
"31/08/2026";"12:31:08";2026;2;"Eleição Ordinária";6259;"Eleições Gerais Estaduais 2026";"04/10/2026";"AM";"AM";"AMAZONAS";40002534381;2;13;"Terreno";"UM TERRENO";"60000,00";"23/08/2026";"17:51:03"
"31/08/2026";"12:31:08";2026;2;"Eleição Ordinária";6259;"Eleições Gerais Estaduais 2026";"04/10/2026";"AM";"AM";"AMAZONAS";40002534382;1;11;"Apartamento";"AQUISICAO DE UM APARTAMENTO FINANCIADO PELA CAIXA ECONOMICA FEDERAL NA AVENIDA GENARO DE CARVALHO, 2790 BLOCO 1 APARTAMENTO 303, NO BAIRRO RECREIO DOS BANDEIRANTES, RIO DE JANEIRO/RJ.";"580000,00";"22/08/2026";"14:59:46"
"31/08/2026";"12:31:08";2026;2;"Eleição Ordinária";6259;"Eleições Gerais Estaduais 2026";"04/10/2026";"AM";"AM";"AMAZONAS";40002534381;1;12;"Casa";"UMA CASA";"100000,00";"23/08/2026";"17:51:03"
"31/08/2026";"12:31:08";2026;2;"Eleição Ordinária";6259;"Eleições Gerais Estaduais 2026";"04/10/2026";"AM";"AM";"AMAZONAS";40002534382;4;61;"Depósito bancário em conta corrente no País";"SALDO EM CONTA CORRENTE";"170346,62";"22/08/2026";"14:59:46"
"31/08/2026";"12:31:08";2026;2;"Eleição Ordinária";6259;"Eleições Gerais Estaduais 2026";"04/10/2026";"AM";"AM";"AMAZONAS";40002534382;2;11;"Apartamento";"AQUISICAODE UM IMOVEL ADQUIRIDO NO RIO DE JANEIRO NA RUA VENANCIO VELOSO, 180 APTO. 102 NO CONDOMINIO MAZZA FRANCESCO POR FINANCIAMENTO IMOLIARIO DA EMPRESA BRADESCO SA, CNPJ: 60.746.948/0001-12";"700000,00";"22/08/2026";"14:59:46"
"31/08/2026";"12:31:08";2026;2;"Eleição Ordinária";6259;"Eleições Gerais Estaduais 2026";"04/10/2026";"AM";"AM";"AMAZONAS";40002534382;3;11;"Apartamento";"AQUISICAODE UM IMOVEL ADQUIRIDO EM POCOS DE CALDAS - MINAS GERAIS";"360000,00";"22/08/2026";"14:59:46"
"31/08/2026";"12:31:08";2026;2;"Eleição Ordinária";6259;"Eleições Gerais Estaduais 2026";"04/10/2026";"AM";"AM";"AMAZONAS";40002534387;1;21;"Veículo automotor terrestre: caminhão, automóvel, moto, etc.";"VEICULO MARCA PEUGEOT 206 ANO 2012";"46898,00";"24/08/2026";"17:46:02"
"31/08/2026";"12:31:08";2026;2;"Eleição Ordinária";6259;"Eleições Gerais Estaduais 2026";"04/10/2026";"AM";"AM";"AMAZONAS";40002534383;1;63;"Dinheiro em espécie - moeda nacional";"EM ESPÉCIE R$ 2.000,00";"2000,00";"23/08/2026";"16:15:01"
"31/08/2026";"12:31:08";2026;2;"Eleição Ordinária";6259;"Eleições Gerais Estaduais 2026";"04/10/2026";"AM";"AM";"AMAZONAS";40002534386;1;63;"Dinheiro em espécie - moeda nacional";"EM ESPECIE R$ 5.000,00";"5000,00";"23/08/2026";"16:36:34"
"31/08/2026";"12:31:08";2026;2;"Eleição Ordinária";6259;"Eleições Gerais Estaduais 2026";"04/10/2026";"AM";"AM";"AMAZONAS";40002534387;4;13;"Terreno";"TERRENO NO CONDOMINIO RESIDENCIAL PRAIA DOS PASSARINHO";"143776,30";"24/08/2026";"17:46:02"
"31/08/2026";"12:31:08";2026;2;"Eleição Ordinária";6259;"Eleições Gerais Estaduais 2026";"04/10/2026";"AM";"AM";"AMAZONAS";40002534387;3;12;"Casa";"CASA RESIDENCIAL - CONDOMINIO HOUSE HOUVE VILLE, BAIRRO N ESPERANCA";"336000,00";"24/08/2026";"17:46:02"
"31/08/2026";"12:31:08";2026;2;"Eleição Ordinária";6259;"Eleições Gerais Estaduais 2026";"04/10/2026";"AM";"AM";"AMAZONAS";40002534387;2;32;"Quotas ou quinhões de capital";"VALOR DAS QUOTAS DE CAPITAL INTEGRALIZADA DA UNIMED, CNPJ 04612990000170";"7081,14";"24/08/2026";"17:46:02"
"31/08/2026";"12:31:08";2026;2;"Eleição Ordinária";6259;"Eleições Gerais Estaduais 2026";"04/10/2026";"AM";"AM";"AMAZONAS";40002534387;5;39;"Outras participações societárias";"PROPRIETARIA DA FIRMA INDIVIDUAL JOSEPHA GOMES ABREU CNPJ 05.057.126000116";"10000,00";"24/08/2026";"17:46:02"
"31/08/2026";"12:31:08";2026;2;"Eleição Ordinária";6259;"Eleições Gerais Estaduais 2026";"04/10/2026";"AM";"AM";"AMAZONAS";40002534387;6;11;"Apartamento";"APTO RIO DE JANEIRO";"100000,00";"24/08/2026";"17:46:02"
"31/08/2026";"12:31:08";2026;2;"Eleição Ordinária";6259;"Eleições Gerais Estaduais 2026";"04/10/2026";"AM";"AM";"AMAZONAS";40002534387;7;63;"Dinheiro em espécie - moeda nacional";"EM ESPECIE R$ 10.000,00";"10000,00";"24/08/2026";"17:46:02"
"31/08/2026";"12:31:08";2026;2;"Eleição Ordinária";6259;"Eleições Gerais Estaduais 2026";"04/10/2026";"AM";"AM";"AMAZONAS";40002534389;1;23;"Embarcação";"UMA EMBARCAÇÃO, PO BOTE, REGISTRADA SOB O N. 0011478497";"150000,00";"22/08/2026";"15:35:14"
"31/08/2026";"12:31:08";2026;2;"Eleição Ordinária";6259;"Eleições Gerais Estaduais 2026";"04/10/2026";"AM";"AM";"AMAZONAS";40002534389;2;21;"Veículo automotor terrestre: caminhão, automóvel, moto, etc.";"UM VEÍCULO AUTOMOTOR CHEVROLET TRACKER 1.2T AT PR, NA COR BRANCA, ANO DE  FABRICAÇÃO/MODELO 2025/2026, PLACA TSF7J74, RENAVAM N. 01486823227 E CHASSI N.  9BGEY76T0TB130979";"150777,90";"22/08/2026";"15:35:14"
"31/08/2026";"12:31:08";2026;2;"Eleição Ordinária";6259;"Eleições Gerais Estaduais 2026";"04/10/2026";"AM";"AM";"AMAZONAS";40002534388;1;63;"Dinheiro em espécie - moeda nacional";"EM ESPECIE R$ 5.000,00";"5000,00";"22/08/2026";"15:19:42"
"31/08/2026";"12:31:08";2026;2;"Eleição Ordinária";6259;"Eleições Gerais Estaduais 2026";"04/10/2026";"AM";"AM";"AMAZONAS";40002534390;1;21;"Veículo automotor terrestre: caminhão, automóvel, moto, etc.";"VEICULO AUTOMOTOR TOYOTA HILUX, COR VERMELHA, DIESEL ANO 2022/2022";"215000,00";"22/08/2026";"17:20:16"
"31/08/2026";"12:31:08";2026;2;"Eleição Ordinária";6259;"Eleições Gerais Estaduais 2026";"04/10/2026";"AM";"AM";"AMAZONAS";40002534389;3;49;"Outras aplicações e Investimentos";"APLICAÇÃO FINANCEIRA NO BRADESCO FUNDO DE INVESMENTO EM COTAS DE FUNDOS DE  INVESMENTO REFERENCIADO DI ONIX";"210000,00";"22/08/2026";"15:35:14"
"31/08/2026";"12:31:08";2026;2;"Eleição Ordinária";6259;"Eleições Gerais Estaduais 2026";"04/10/2026";"AM";"AM";"AMAZONAS";40002534390;2;63;"Dinheiro em espécie - moeda nacional";"EM ESPÉCIE R$ 20.000,00";"20000,00";"22/08/2026";"17:20:16"
"31/08/2026";"12:31:08";2026;2;"Eleição Ordinária";6259;"Eleições Gerais Estaduais 2026";"04/10/2026";"AM";"AM";"AMAZONAS";40002534391;2;39;"Outras participações societárias";"8.000 COTAS DA EMPRESA KANZLER SERVICOS EMPRESARIAIS , EQUIVALENTE A 10% DO CAPITAL SOCIAL";"8000,00";"20/08/2026";"17:27:30"
"31/08/2026";"12:31:08";2026;2;"Eleição Ordinária";6259;"Eleições Gerais Estaduais 2026";"04/10/2026";"AM";"AM";"AMAZONAS";40002534391;3;99;"OUTROS BENS E DIREITOS";"1/6 (UM SEXTO) DO DOMINIO UTIL DO LOTE DE TERRAS AFORADO DO PATRIMONIO MUNICIPAL NO 08, DA QUADRA NO136-33, BAIRRO SAO FRANCISCO. BEM ORIUNDO DE HERANCA , CONFORME PROCESSO N. 0818794- 68.2015.8.23001";"100000,00";"20/08/2026";"17:27:30"
"31/08/2026";"12:31:08";2026;2;"Eleição Ordinária";6259;"Eleições Gerais Estaduais 2026";"04/10/2026";"AM";"AM";"AMAZONAS";40002534391;1;13;"Terreno";"TERRENO MURADO MEDINDO 12X27 METROS, LOCALIZADO NA RUA TOMODA, N. 06, QUADRA 09, PORTAL DO JAPAO - PARQUE 10.";"180000,00";"20/08/2026";"17:27:30"
"31/08/2026";"12:31:08";2026;2;"Eleição Ordinária";6259;"Eleições Gerais Estaduais 2026";"04/10/2026";"AM";"AM";"AMAZONAS";40002534393;1;39;"Outras participações societárias";"PARTICIPACAO DE 100% DO CAPITAL SOCIAL DA EMPRESA VIP SERVICOS ADMINISTRATIVOS LTDA, CONFORME CONTRATO SOCIAL EMPRESA UNIPESSOAL NIRE 24200844482 REGISTRADO NA JUCERN";"10000,00";"23/08/2026";"17:11:50"
"31/08/2026";"12:31:08";2026;2;"Eleição Ordinária";6259;"Eleições Gerais Estaduais 2026";"04/10/2026";"AM";"AM";"AMAZONAS";40002534391;4;13;"Terreno";"TERRENO NO MUNICIPIO DE NOVO AIRAO COM 511 M";"70000,00";"20/08/2026";"17:27:30"
"31/08/2026";"12:31:08";2026;2;"Eleição Ordinária";6259;"Eleições Gerais Estaduais 2026";"04/10/2026";"AM";"AM";"AMAZONAS";40002534392;1;63;"Dinheiro em espécie - moeda nacional";"EM ESPECIE R$ 5.000,00";"5000,00";"23/08/2026";"17:43:43"
"31/08/2026";"12:31:08";2026;2;"Eleição Ordinária";6259;"Eleições Gerais Estaduais 2026";"04/10/2026";"AM";"AM";"AMAZONAS";40002534393;2;39;"Outras participações societárias";"PARTICIPACAO DE 100% DO CAPITAL SOCIAL DA EMPRESA DAGOBERTO R DE BRITO, CONFORME REQUERIMENTO EMPRESARIO NIRE 24801141435 REGISTRADO NA JUCER";"10000,00";"23/08/2026";"17:11:50"
"31/08/2026";"12:31:08";2026;2;"Eleição Ordinária";6259;"Eleições Gerais Estaduais 2026";"04/10/2026";"AM";"AM";"AMAZONAS";40002534393;4;39;"Outras participações societárias";"PARTICIPACAO DE 50% DO CAPITAL SOCIAL DA EMPRESA BIG DOGS BRASIL LTDA, CONFORME CONTRATO SOCIAL NIRE 24200820087 REGISTRADO NA JUCERN";"10000,00";"23/08/2026";"17:11:50"
"31/08/2026";"12:31:08";2026;2;"Eleição Ordinária";6259;"Eleições Gerais Estaduais 2026";"04/10/2026";"AM";"AM";"AMAZONAS";40002534393;3;39;"Outras participações societárias";"PARTICIPACAO DE 100% DO CAPITAL SOCIAL DA EMPRESA D R B EVENTOS EIRELI, CONFORME ATO CONSTITUTIVO DE EMPRESA INDIVIDUAL EIRELI NIRE 24600136515 REGISTRADO NA JUCERN";"110000,00";"23/08/2026";"17:11:50"
"31/08/2026";"12:31:08";2026;2;"Eleição Ordinária";6259;"Eleições Gerais Estaduais 2026";"04/10/2026";"AM";"AM";"AMAZONAS";40002535266;1;11;"Apartamento";"APARTAMENTO RESIDENCIAL";"580000,00";"22/08/2026";"15:52:39"
"31/08/2026";"12:31:08";2026;2;"Eleição Ordinária";6259;"Eleições Gerais Estaduais 2026";"04/10/2026";"AM";"AM";"AMAZONAS";40002534877;2;32;"Quotas ou quinhões de capital";"QUOTAS DE 100% DE CAPITAL SOCIAL 14.165.626/0001-62";"1500000,00";"26/08/2026";"17:14:53"
"31/08/2026";"12:31:08";2026;2;"Eleição Ordinária";6259;"Eleições Gerais Estaduais 2026";"04/10/2026";"AM";"AM";"AMAZONAS";40002534877;1;32;"Quotas ou quinhões de capital";"QUOTAS DE 100% DE CAPITAL SOCIAL 32.423.065/0001-36";"2300000,00";"26/08/2026";"17:14:53"
"31/08/2026";"12:31:08";2026;2;"Eleição Ordinária";6259;"Eleições Gerais Estaduais 2026";"04/10/2026";"AM";"AM";"AMAZONAS";40002535266;2;13;"Terreno";"TERRENO";"80000,00";"22/08/2026";"15:52:39"
"31/08/2026";"12:31:08";2026;2;"Eleição Ordinária";6259;"Eleições Gerais Estaduais 2026";"04/10/2026";"AM";"AM";"AMAZONAS";40002535266;4;21;"Veículo automotor terrestre: caminhão, automóvel, moto, etc.";"CARRO";"109000,00";"22/08/2026";"15:52:39"
"31/08/2026";"12:31:08";2026;2;"Eleição Ordinária";6259;"Eleições Gerais Estaduais 2026";"04/10/2026";"AM";"AM";"AMAZONAS";40002535266;3;95;"Consórcio não contemplado";"CONSÓRCIO DE VEÍCULO";"11716,66";"22/08/2026";"15:52:39"
"31/08/2026";"12:31:08";2026;2;"Eleição Ordinária";6259;"Eleições Gerais Estaduais 2026";"04/10/2026";"AM";"AM";"AMAZONAS";40002535266;6;97;"VGBL - Vida Gerador de Benefício Livre";"PREVIDÊNCIA PRIVADA COMPLEMENTAR";"72205,00";"22/08/2026";"15:52:39"
"31/08/2026";"12:31:08";2026;2;"Eleição Ordinária";6259;"Eleições Gerais Estaduais 2026";"04/10/2026";"AM";"AM";"AMAZONAS";40002535268;1;21;"Veículo automotor terrestre: caminhão, automóvel, moto, etc.";"CARRO";"25000,00";"28/08/2026";"10:04:57"
"31/08/2026";"12:31:08";2026;2;"Eleição Ordinária";6259;"Eleições Gerais Estaduais 2026";"04/10/2026";"AM";"AM";"AMAZONAS";40002535266;5;45;"Aplicação de renda fixa (CDB, RDB e outros)";"RENDA FIXA SIMPLES RESERVA FUNDO DE INVESTIMENTO";"1216,58";"22/08/2026";"15:52:39"
"31/08/2026";"12:31:08";2026;2;"Eleição Ordinária";6259;"Eleições Gerais Estaduais 2026";"04/10/2026";"AM";"AM";"AMAZONAS";40002535269;1;21;"Veículo automotor terrestre: caminhão, automóvel, moto, etc.";"CARRO ECO SPORT";"40000,00";"28/08/2026";"09:56:47"
"31/08/2026";"12:31:08";2026;2;"Eleição Ordinária";6259;"Eleições Gerais Estaduais 2026";"04/10/2026";"AM";"AM";"AMAZONAS";40002535269;2;21;"Veículo automotor terrestre: caminhão, automóvel, moto, etc.";"CARRO RENAULT/KWID";"60000,00";"28/08/2026";"09:56:47"
"31/08/2026";"12:31:08";2026;2;"Eleição Ordinária";6259;"Eleições Gerais Estaduais 2026";"04/10/2026";"AM";"AM";"AMAZONAS";40002535270;1;21;"Veículo automotor terrestre: caminhão, automóvel, moto, etc.";"MOTOCLICLETA";"7000,00";"22/08/2026";"16:53:32"
"31/08/2026";"12:31:08";2026;2;"Eleição Ordinária";6259;"Eleições Gerais Estaduais 2026";"04/10/2026";"AM";"AM";"AMAZONAS";40002535272;1;97;"VGBL - Vida Gerador de Benefício Livre";"PREMIO ACUMULADO EM VGBL";"479,50";"28/08/2026";"11:12:48"
"31/08/2026";"12:31:08";2026;2;"Eleição Ordinária";6259;"Eleições Gerais Estaduais 2026";"04/10/2026";"AM";"AM";"AMAZONAS";40002535272;2;21;"Veículo automotor terrestre: caminhão, automóvel, moto, etc.";"CARRO";"109000,00";"28/08/2026";"11:12:48"
"31/08/2026";"12:31:08";2026;2;"Eleição Ordinária";6259;"Eleições Gerais Estaduais 2026";"04/10/2026";"AM";"AM";"AMAZONAS";40002535272;3;45;"Aplicação de renda fixa (CDB, RDB e outros)";"CDB";"5497,70";"28/08/2026";"11:12:48"
"31/08/2026";"12:31:08";2026;2;"Eleição Ordinária";6259;"Eleições Gerais Estaduais 2026";"04/10/2026";"AM";"AM";"AMAZONAS";40002535274;1;12;"Casa";"CASA";"50000,00";"30/08/2026";"17:05:19"
"31/08/2026";"12:31:08";2026;2;"Eleição Ordinária";6259;"Eleições Gerais Estaduais 2026";"04/10/2026";"AM";"AM";"AMAZONAS";40002535389;1;32;"Quotas ou quinhões de capital";"QUOTAS DE CAPITAL (PARTICIPAÇÃO) EM EMPRESA";"500000,00";"20/08/2026";"11:38:13"
"31/08/2026";"12:31:08";2026;2;"Eleição Ordinária";6259;"Eleições Gerais Estaduais 2026";"04/10/2026";"AM";"AM";"AMAZONAS";40002535389;2;32;"Quotas ou quinhões de capital";"QUOTAS DE CAPITAL (PARTICIPAÇÃO) EM EMPRESA";"600000,00";"20/08/2026";"11:38:13"
"31/08/2026";"12:31:08";2026;2;"Eleição Ordinária";6259;"Eleições Gerais Estaduais 2026";"04/10/2026";"AM";"AM";"AMAZONAS";40002535390;2;21;"Veículo automotor terrestre: caminhão, automóvel, moto, etc.";"UMA MOTOCICLETA";"11078,00";"20/08/2026";"11:42:27"
"31/08/2026";"12:31:08";2026;2;"Eleição Ordinária";6259;"Eleições Gerais Estaduais 2026";"04/10/2026";"AM";"AM";"AMAZONAS";40002535390;3;21;"Veículo automotor terrestre: caminhão, automóvel, moto, etc.";"UMA MOTOCICLETA";"20946,00";"20/08/2026";"11:42:27"
"31/08/2026";"12:31:08";2026;2;"Eleição Ordinária";6259;"Eleições Gerais Estaduais 2026";"04/10/2026";"AM";"AM";"AMAZONAS";40002535390;1;32;"Quotas ou quinhões de capital";"QUOTAS DE CAPITAL (PARTICIPAÇÃO) EM EMPRESA";"10000,00";"20/08/2026";"11:42:27"
"31/08/2026";"12:31:08";2026;2;"Eleição Ordinária";6259;"Eleições Gerais Estaduais 2026";"04/10/2026";"AM";"AM";"AMAZONAS";40002536077;2;21;"Veículo automotor terrestre: caminhão, automóvel, moto, etc.";"UM VEÍCULO";"84979,00";"28/08/2026";"11:47:56"
"31/08/2026";"12:31:08";2026;2;"Eleição Ordinária";6259;"Eleições Gerais Estaduais 2026";"04/10/2026";"AM";"AM";"AMAZONAS";40002536077;1;12;"Casa";"UMA CASA";"61099,77";"28/08/2026";"11:47:56"
"31/08/2026";"12:31:08";2026;2;"Eleição Ordinária";6259;"Eleições Gerais Estaduais 2026";"04/10/2026";"AM";"AM";"AMAZONAS";40002536077;3;2;"Prédio comercial";"UM TERRENO COM PONTO COMERCIAL";"398752,74";"28/08/2026";"11:47:56"
"31/08/2026";"12:31:08";2026;2;"Eleição Ordinária";6259;"Eleições Gerais Estaduais 2026";"04/10/2026";"AM";"AM";"AMAZONAS";40002536079;1;11;"Apartamento";"UM APARTAMENTO";"320000,00";"20/08/2026";"11:47:38"
"31/08/2026";"12:31:08";2026;2;"Eleição Ordinária";6259;"Eleições Gerais Estaduais 2026";"04/10/2026";"AM";"AM";"AMAZONAS";40002536078;1;32;"Quotas ou quinhões de capital";"QUOTAS DE CAPITAL (PARTICIPAÇÃO) EM EMPRESA";"100000,00";"20/08/2026";"12:12:32"
"31/08/2026";"12:31:08";2026;2;"Eleição Ordinária";6259;"Eleições Gerais Estaduais 2026";"04/10/2026";"AM";"AM";"AMAZONAS";40002536080;1;32;"Quotas ou quinhões de capital";"QUOTAS DE CAPITAL (PARTICIPAÇÃO) EM EMPRESA";"1000,00";"20/08/2026";"12:35:29"
"31/08/2026";"12:31:08";2026;2;"Eleição Ordinária";6259;"Eleições Gerais Estaduais 2026";"04/10/2026";"AM";"AM";"AMAZONAS";40002536081;1;21;"Veículo automotor terrestre: caminhão, automóvel, moto, etc.";"UMA MOTOCICLETA";"17280,00";"20/08/2026";"11:59:56"
"31/08/2026";"12:31:08";2026;2;"Eleição Ordinária";6259;"Eleições Gerais Estaduais 2026";"04/10/2026";"AM";"AM";"AMAZONAS";40002536084;1;12;"Casa";"UMA CASA";"1000,00";"21/08/2026";"12:48:28"
"31/08/2026";"12:31:08";2026;2;"Eleição Ordinária";6259;"Eleições Gerais Estaduais 2026";"04/10/2026";"AM";"AM";"AMAZONAS";40002536083;1;32;"Quotas ou quinhões de capital";"QUOTAS DE CAPITAL (PARTICIPAÇÃO) EM EMPRESA";"10000,00";"20/08/2026";"11:54:06"
"31/08/2026";"12:31:08";2026;2;"Eleição Ordinária";6259;"Eleições Gerais Estaduais 2026";"04/10/2026";"AM";"AM";"AMAZONAS";40002536086;2;11;"Apartamento";"MANAUS";"510000,00";"31/08/2026";"11:25:15"
"31/08/2026";"12:31:08";2026;2;"Eleição Ordinária";6259;"Eleições Gerais Estaduais 2026";"04/10/2026";"AM";"AM";"AMAZONAS";40002536086;1;63;"Dinheiro em espécie - moeda nacional";"MOEDA NACIONAL";"80000,00";"31/08/2026";"11:25:15"
"31/08/2026";"12:31:08";2026;2;"Eleição Ordinária";6259;"Eleições Gerais Estaduais 2026";"04/10/2026";"AM";"AM";"AMAZONAS";40002536086;3;12;"Casa";"MORRO DA LIBERDADE";"290000,00";"31/08/2026";"11:25:15"
"31/08/2026";"12:31:08";2026;2;"Eleição Ordinária";6259;"Eleições Gerais Estaduais 2026";"04/10/2026";"AM";"AM";"AMAZONAS";40002536086;4;13;"Terreno";"TERRENO";"350000,00";"31/08/2026";"11:25:15"
"31/08/2026";"12:31:08";2026;2;"Eleição Ordinária";6259;"Eleições Gerais Estaduais 2026";"04/10/2026";"AM";"AM";"AMAZONAS";40002536086;5;21;"Veículo automotor terrestre: caminhão, automóvel, moto, etc.";"VEÍCULO";"180000,00";"31/08/2026";"11:25:15"
"31/08/2026";"12:31:08";2026;2;"Eleição Ordinária";6259;"Eleições Gerais Estaduais 2026";"04/10/2026";"AM";"AM";"AMAZONAS";40002536086;6;45;"Aplicação de renda fixa (CDB, RDB e outros)";"RENDA FIXA";"22848,40";"31/08/2026";"11:25:15"
"31/08/2026";"12:31:08";2026;2;"Eleição Ordinária";6259;"Eleições Gerais Estaduais 2026";"04/10/2026";"AM";"AM";"AMAZONAS";40002536087;2;12;"Casa";"CASA";"200000,00";"20/08/2026";"12:29:39"
"31/08/2026";"12:31:08";2026;2;"Eleição Ordinária";6259;"Eleições Gerais Estaduais 2026";"04/10/2026";"AM";"AM";"AMAZONAS";40002536087;1;32;"Quotas ou quinhões de capital";"PARTICIPAÇÃO EM EMPRESA";"5000,00";"20/08/2026";"12:29:39"
"31/08/2026";"12:31:08";2026;2;"Eleição Ordinária";6259;"Eleições Gerais Estaduais 2026";"04/10/2026";"AM";"AM";"AMAZONAS";40002536087;3;45;"Aplicação de renda fixa (CDB, RDB e outros)";"CDB";"225917,54";"20/08/2026";"12:29:39"
"31/08/2026";"12:31:08";2026;2;"Eleição Ordinária";6259;"Eleições Gerais Estaduais 2026";"04/10/2026";"AM";"AM";"AMAZONAS";40002536087;5;97;"VGBL - Vida Gerador de Benefício Livre";"PREVIDENCIA";"539446,26";"20/08/2026";"12:29:39"
"31/08/2026";"12:31:08";2026;2;"Eleição Ordinária";6259;"Eleições Gerais Estaduais 2026";"04/10/2026";"AM";"AM";"AMAZONAS";40002536432;1;21;"Veículo automotor terrestre: caminhão, automóvel, moto, etc.";"50% VEÍCULO";"61800,00";"28/08/2026";"16:28:50"
"31/08/2026";"12:31:08";2026;2;"Eleição Ordinária";6259;"Eleições Gerais Estaduais 2026";"04/10/2026";"AM";"AM";"AMAZONAS";40002536087;4;32;"Quotas ou quinhões de capital";"PARTICIPAÇÃO 0,3521% EMPRESA";"7200,00";"20/08/2026";"12:29:39"
"31/08/2026";"12:31:08";2026;2;"Eleição Ordinária";6259;"Eleições Gerais Estaduais 2026";"04/10/2026";"AM";"AM";"AMAZONAS";40002536432;2;21;"Veículo automotor terrestre: caminhão, automóvel, moto, etc.";"50% VEÍCULO";"202500,00";"28/08/2026";"16:28:50"
"31/08/2026";"12:31:08";2026;2;"Eleição Ordinária";6259;"Eleições Gerais Estaduais 2026";"04/10/2026";"AM";"AM";"AMAZONAS";40002536432;3;45;"Aplicação de renda fixa (CDB, RDB e outros)";"50% APLICAÇÃO";"476512,00";"28/08/2026";"16:28:50"
"31/08/2026";"12:31:08";2026;2;"Eleição Ordinária";6259;"Eleições Gerais Estaduais 2026";"04/10/2026";"AM";"AM";"AMAZONAS";40002536433;1;45;"Aplicação de renda fixa (CDB, RDB e outros)";"POUPANÇA";"536,12";"21/08/2026";"11:18:25"
"31/08/2026";"12:31:08";2026;2;"Eleição Ordinária";6259;"Eleições Gerais Estaduais 2026";"04/10/2026";"AM";"AM";"AMAZONAS";40002536433;3;51;"Crédito decorrente de empréstimo";"EMPRESTIMO PESSOA FISICA";"1000000,00";"21/08/2026";"11:18:25"
"31/08/2026";"12:31:08";2026;2;"Eleição Ordinária";6259;"Eleições Gerais Estaduais 2026";"04/10/2026";"AM";"AM";"AMAZONAS";40002536433;2;59;"Outros créditos e poupança vinculados";"POUPEX";"4794,24";"21/08/2026";"11:18:25"
"31/08/2026";"12:31:08";2026;2;"Eleição Ordinária";6259;"Eleições Gerais Estaduais 2026";"04/10/2026";"AM";"AM";"AMAZONAS";40002536433;4;32;"Quotas ou quinhões de capital";"1. PARTICIPAÇÃO SOCIETÁRIA CORRESPONDENTE A 50%";"2464980,00";"21/08/2026";"11:18:25"
"31/08/2026";"12:31:08";2026;2;"Eleição Ordinária";6259;"Eleições Gerais Estaduais 2026";"04/10/2026";"AM";"AM";"AMAZONAS";40002536433;5;51;"Crédito decorrente de empréstimo";"EMPRESTIMO PESSOA JURÍDICA";"1589764,46";"21/08/2026";"11:18:25"
"31/08/2026";"12:31:08";2026;2;"Eleição Ordinária";6259;"Eleições Gerais Estaduais 2026";"04/10/2026";"AM";"AM";"AMAZONAS";40002536433;7;45;"Aplicação de renda fixa (CDB, RDB e outros)";"DI PLUS - BB";"3110,96";"21/08/2026";"11:18:25"
"31/08/2026";"12:31:08";2026;2;"Eleição Ordinária";6259;"Eleições Gerais Estaduais 2026";"04/10/2026";"AM";"AM";"AMAZONAS";40002536433;6;45;"Aplicação de renda fixa (CDB, RDB e outros)";"CDB";"1270,25";"21/08/2026";"11:18:25"
"31/08/2026";"12:31:08";2026;2;"Eleição Ordinária";6259;"Eleições Gerais Estaduais 2026";"04/10/2026";"AM";"AM";"AMAZONAS";40002536433;10;97;"VGBL - Vida Gerador de Benefício Livre";"VGBL";"9215,26";"21/08/2026";"11:18:25"
"31/08/2026";"12:31:08";2026;2;"Eleição Ordinária";6259;"Eleições Gerais Estaduais 2026";"04/10/2026";"AM";"AM";"AMAZONAS";40002536433;8;63;"Dinheiro em espécie - moeda nacional";"ESPÉCIE";"50000,00";"21/08/2026";"11:18:25"
"31/08/2026";"12:31:08";2026;2;"Eleição Ordinária";6259;"Eleições Gerais Estaduais 2026";"04/10/2026";"AM";"AM";"AMAZONAS";40002536433;9;45;"Aplicação de renda fixa (CDB, RDB e outros)";"RENDE FÁCIL";"8026,94";"21/08/2026";"11:18:25"
"31/08/2026";"12:31:08";2026;2;"Eleição Ordinária";6259;"Eleições Gerais Estaduais 2026";"04/10/2026";"AM";"AM";"AMAZONAS";40002536434;2;19;"Outros bens imóveis";"CHACARA";"500000,00";"21/08/2026";"11:19:22"
"31/08/2026";"12:31:08";2026;2;"Eleição Ordinária";6259;"Eleições Gerais Estaduais 2026";"04/10/2026";"AM";"AM";"AMAZONAS";40002536434;1;21;"Veículo automotor terrestre: caminhão, automóvel, moto, etc.";"TOYOTA HILUX";"210000,00";"21/08/2026";"11:19:22"
"31/08/2026";"12:31:08";2026;2;"Eleição Ordinária";6259;"Eleições Gerais Estaduais 2026";"04/10/2026";"AM";"AM";"AMAZONAS";40002536434;3;15;"Sala ou conjunto";"IMÓVEL COMERCIAL";"700000,00";"21/08/2026";"11:19:22"
"31/08/2026";"12:31:08";2026;2;"Eleição Ordinária";6259;"Eleições Gerais Estaduais 2026";"04/10/2026";"AM";"AM";"AMAZONAS";40002536434;4;21;"Veículo automotor terrestre: caminhão, automóvel, moto, etc.";"TOYOTA - FINANCIADO";"300000,00";"21/08/2026";"11:19:22"
"31/08/2026";"12:31:08";2026;2;"Eleição Ordinária";6259;"Eleições Gerais Estaduais 2026";"04/10/2026";"AM";"AM";"AMAZONAS";40002536434;5;21;"Veículo automotor terrestre: caminhão, automóvel, moto, etc.";"MOTO HONDA";"8000,00";"21/08/2026";"11:19:22"
"31/08/2026";"12:31:08";2026;2;"Eleição Ordinária";6259;"Eleições Gerais Estaduais 2026";"04/10/2026";"AM";"AM";"AMAZONAS";40002536435;1;12;"Casa";"50% PONTA NEGRA";"160323,51";"21/08/2026";"11:24:20"
"31/08/2026";"12:31:08";2026;2;"Eleição Ordinária";6259;"Eleições Gerais Estaduais 2026";"04/10/2026";"AM";"AM";"AMAZONAS";40002536435;4;63;"Dinheiro em espécie - moeda nacional";"ESPÉCIE";"32500,00";"21/08/2026";"11:24:20"
"31/08/2026";"12:31:08";2026;2;"Eleição Ordinária";6259;"Eleições Gerais Estaduais 2026";"04/10/2026";"AM";"AM";"AMAZONAS";40002536435;3;12;"Casa";"COMPENSA";"110000,00";"21/08/2026";"11:24:20"
"31/08/2026";"12:31:08";2026;2;"Eleição Ordinária";6259;"Eleições Gerais Estaduais 2026";"04/10/2026";"AM";"AM";"AMAZONAS";40002536435;2;45;"Aplicação de renda fixa (CDB, RDB e outros)";"CDB";"3267,62";"21/08/2026";"11:24:20"
"31/08/2026";"12:31:08";2026;2;"Eleição Ordinária";6259;"Eleições Gerais Estaduais 2026";"04/10/2026";"AM";"AM";"AMAZONAS";40002536436;1;13;"Terreno";"REDENÇÃO";"130000,00";"20/08/2026";"11:55:30"
"31/08/2026";"12:31:08";2026;2;"Eleição Ordinária";6259;"Eleições Gerais Estaduais 2026";"04/10/2026";"AM";"AM";"AMAZONAS";40002536435;5;11;"Apartamento";"PONTA NEGRA";"296890,56";"21/08/2026";"11:24:20"
"31/08/2026";"12:31:08";2026;2;"Eleição Ordinária";6259;"Eleições Gerais Estaduais 2026";"04/10/2026";"AM";"AM";"AMAZONAS";40002536436;2;12;"Casa";"PLANALTO";"420000,00";"20/08/2026";"11:55:30"
"31/08/2026";"12:31:08";2026;2;"Eleição Ordinária";6259;"Eleições Gerais Estaduais 2026";"04/10/2026";"AM";"AM";"AMAZONAS";40002536437;1;63;"Dinheiro em espécie - moeda nacional";"Moeda nacional em espécie";"200000,00";"29/08/2026";"13:25:49"
"31/08/2026";"12:31:08";2026;2;"Eleição Ordinária";6259;"Eleições Gerais Estaduais 2026";"04/10/2026";"AM";"AM";"AMAZONAS";40002536438;2;45;"Aplicação de renda fixa (CDB, RDB e outros)";"FUNDO BB";"130221,11";"21/08/2026";"11:20:58"
"31/08/2026";"12:31:08";2026;2;"Eleição Ordinária";6259;"Eleições Gerais Estaduais 2026";"04/10/2026";"AM";"AM";"AMAZONAS";40002536438;1;45;"Aplicação de renda fixa (CDB, RDB e outros)";"APLICAÇÃO RENDA FIXA BB";"16840,10";"21/08/2026";"11:20:58"
"31/08/2026";"12:31:08";2026;2;"Eleição Ordinária";6259;"Eleições Gerais Estaduais 2026";"04/10/2026";"AM";"AM";"AMAZONAS";40002536438;3;97;"VGBL - Vida Gerador de Benefício Livre";"VGBL";"93901,41";"21/08/2026";"11:20:58"
"31/08/2026";"12:31:08";2026;2;"Eleição Ordinária";6259;"Eleições Gerais Estaduais 2026";"04/10/2026";"AM";"AM";"AMAZONAS";40002536438;5;59;"Outros créditos e poupança vinculados";"POUPANÇA";"1773,64";"21/08/2026";"11:20:58"
"31/08/2026";"12:31:08";2026;2;"Eleição Ordinária";6259;"Eleições Gerais Estaduais 2026";"04/10/2026";"AM";"AM";"AMAZONAS";40002536438;4;12;"Casa";"CASA ESTRADA DOS FRANCESES";"550000,00";"21/08/2026";"11:20:58"
"31/08/2026";"12:31:08";2026;2;"Eleição Ordinária";6259;"Eleições Gerais Estaduais 2026";"04/10/2026";"AM";"AM";"AMAZONAS";40002536438;7;61;"Depósito bancário em conta corrente no País";"DEPOSITO";"13732,59";"21/08/2026";"11:20:58"
"31/08/2026";"12:31:08";2026;2;"Eleição Ordinária";6259;"Eleições Gerais Estaduais 2026";"04/10/2026";"AM";"AM";"AMAZONAS";40002536438;8;59;"Outros créditos e poupança vinculados";"POUPANÇA BB";"50937,25";"21/08/2026";"11:20:58"
"31/08/2026";"12:31:08";2026;2;"Eleição Ordinária";6259;"Eleições Gerais Estaduais 2026";"04/10/2026";"AM";"AM";"AMAZONAS";40002536438;6;45;"Aplicação de renda fixa (CDB, RDB e outros)";"TESOURO PREFIXADO";"18433,30";"21/08/2026";"11:20:58"
"31/08/2026";"12:31:08";2026;2;"Eleição Ordinária";6259;"Eleições Gerais Estaduais 2026";"04/10/2026";"AM";"AM";"AMAZONAS";40002536438;9;21;"Veículo automotor terrestre: caminhão, automóvel, moto, etc.";"TOYOTA";"153000,00";"21/08/2026";"11:20:58"
"31/08/2026";"12:31:08";2026;2;"Eleição Ordinária";6259;"Eleições Gerais Estaduais 2026";"04/10/2026";"AM";"AM";"AMAZONAS";40002536438;10;11;"Apartamento";"PONTA NEGRA";"347016,85";"21/08/2026";"11:20:58"
"31/08/2026";"12:31:08";2026;2;"Eleição Ordinária";6259;"Eleições Gerais Estaduais 2026";"04/10/2026";"AM";"AM";"AMAZONAS";40002536438;11;11;"Apartamento";"PONTA NEGRA 2";"300000,00";"21/08/2026";"11:20:58"
"31/08/2026";"12:31:08";2026;2;"Eleição Ordinária";6259;"Eleições Gerais Estaduais 2026";"04/10/2026";"AM";"AM";"AMAZONAS";40002536439;2;63;"Dinheiro em espécie - moeda nacional";"DINHEIRO";"15000,00";"24/08/2026";"15:28:27"
"31/08/2026";"12:31:08";2026;2;"Eleição Ordinária";6259;"Eleições Gerais Estaduais 2026";"04/10/2026";"AM";"AM";"AMAZONAS";40002536447;1;12;"Casa";"CASA";"800000,00";"26/08/2026";"11:41:52"
"31/08/2026";"12:31:08";2026;2;"Eleição Ordinária";6259;"Eleições Gerais Estaduais 2026";"04/10/2026";"AM";"AM";"AMAZONAS";40002536439;1;32;"Quotas ou quinhões de capital";"PARTICIPAÇÃO EMPRESARIAL";"150000,00";"24/08/2026";"15:28:27"
"31/08/2026";"12:31:08";2026;2;"Eleição Ordinária";6259;"Eleições Gerais Estaduais 2026";"04/10/2026";"AM";"AM";"AMAZONAS";40002536449;2;21;"Veículo automotor terrestre: caminhão, automóvel, moto, etc.";"VEÍCULO AUTOMOTOR TERRESTRE: CAMINHÃO, AUTOMÓVEL, MOTO, ETC.";"60000,00";"27/08/2026";"12:08:35"
"31/08/2026";"12:31:08";2026;2;"Eleição Ordinária";6259;"Eleições Gerais Estaduais 2026";"04/10/2026";"AM";"AM";"AMAZONAS";40002536449;3;21;"Veículo automotor terrestre: caminhão, automóvel, moto, etc.";"VEÍCULO AUTOMOTOR TERRESTRE: CAMINHÃO, AUTOMÓVEL, MOTO, ETC.";"40000,00";"27/08/2026";"12:08:35"
"31/08/2026";"12:31:08";2026;2;"Eleição Ordinária";6259;"Eleições Gerais Estaduais 2026";"04/10/2026";"AM";"AM";"AMAZONAS";40002536449;1;11;"Apartamento";"APARTAMENTO";"250000,00";"27/08/2026";"12:08:35"
"31/08/2026";"12:31:08";2026;2;"Eleição Ordinária";6259;"Eleições Gerais Estaduais 2026";"04/10/2026";"AM";"AM";"AMAZONAS";40002536450;2;21;"Veículo automotor terrestre: caminhão, automóvel, moto, etc.";"VEÍCULO AUTOMOTOR TERRESTRE: CAMINHÃO, AUTOMÓVEL, MOTO, ETC.";"55000,00";"27/08/2026";"12:17:07"
"31/08/2026";"12:31:08";2026;2;"Eleição Ordinária";6259;"Eleições Gerais Estaduais 2026";"04/10/2026";"AM";"AM";"AMAZONAS";40002536450;1;11;"Apartamento";"APARTAMENTO";"132000,00";"27/08/2026";"12:17:07"
"31/08/2026";"12:31:08";2026;2;"Eleição Ordinária";6259;"Eleições Gerais Estaduais 2026";"04/10/2026";"AM";"AM";"AMAZONAS";40002536450;3;41;"Caderneta de poupança";"CADERNETA DE POUPANÇA";"60000,00";"27/08/2026";"12:17:07"
"31/08/2026";"12:31:08";2026;2;"Eleição Ordinária";6259;"Eleições Gerais Estaduais 2026";"04/10/2026";"AM";"AM";"AMAZONAS";40002536454;1;29;"Outros bens móveis";"CARRO PARTICULAR";"15000,00";"27/08/2026";"12:23:43"
"31/08/2026";"12:31:08";2026;2;"Eleição Ordinária";6259;"Eleições Gerais Estaduais 2026";"04/10/2026";"AM";"AM";"AMAZONAS";40002536454;2;13;"Terreno";"TERRENO";"500000,00";"27/08/2026";"12:23:43"
"31/08/2026";"12:31:08";2026;2;"Eleição Ordinária";6259;"Eleições Gerais Estaduais 2026";"04/10/2026";"AM";"AM";"AMAZONAS";40002536453;1;12;"Casa";"CASA";"50000,00";"27/08/2026";"12:18:21"
"31/08/2026";"12:31:08";2026;2;"Eleição Ordinária";6259;"Eleições Gerais Estaduais 2026";"04/10/2026";"AM";"AM";"AMAZONAS";40002536476;1;61;"Depósito bancário em conta corrente no País";"DEPÓSITO EM CONTA CORRENTE";"2228,05";"24/08/2026";"20:02:24"
"31/08/2026";"12:31:08";2026;2;"Eleição Ordinária";6259;"Eleições Gerais Estaduais 2026";"04/10/2026";"AM";"AM";"AMAZONAS";40002536475;1;41;"Caderneta de poupança";"CONTA POUPANÇA";"6926,53";"27/08/2026";"20:48:37"
"31/08/2026";"12:31:08";2026;2;"Eleição Ordinária";6259;"Eleições Gerais Estaduais 2026";"04/10/2026";"AM";"AM";"AMAZONAS";40002536474;1;32;"Quotas ou quinhões de capital";"QUOTAS DE CAPITAL (PARTICIPAÇÃO) EM EMPRESA";"2000000,00";"24/08/2026";"21:00:42"
"31/08/2026";"12:31:08";2026;2;"Eleição Ordinária";6259;"Eleições Gerais Estaduais 2026";"04/10/2026";"AM";"AM";"AMAZONAS";40002536476;2;11;"Apartamento";"UM APARTAMENTO";"840000,00";"24/08/2026";"20:02:24"
"31/08/2026";"12:31:08";2026;2;"Eleição Ordinária";6259;"Eleições Gerais Estaduais 2026";"04/10/2026";"AM";"AM";"AMAZONAS";40002536476;3;41;"Caderneta de poupança";"CONTA POUPANÇA";"1577,84";"24/08/2026";"20:02:24"
"31/08/2026";"12:31:08";2026;2;"Eleição Ordinária";6259;"Eleições Gerais Estaduais 2026";"04/10/2026";"AM";"AM";"AMAZONAS";40002536476;4;41;"Caderneta de poupança";"CONTA POUPANÇA";"0,55";"24/08/2026";"20:02:24"
"31/08/2026";"12:31:08";2026;2;"Eleição Ordinária";6259;"Eleições Gerais Estaduais 2026";"04/10/2026";"AM";"AM";"AMAZONAS";40002536479;2;41;"Caderneta de poupança";"CONTA POUPANÇA";"608,41";"26/08/2026";"20:28:31"
"31/08/2026";"12:31:08";2026;2;"Eleição Ordinária";6259;"Eleições Gerais Estaduais 2026";"04/10/2026";"AM";"AM";"AMAZONAS";40002536479;3;32;"Quotas ou quinhões de capital";"QUOTAS DE CAPITAL (PARTICIPAÇÃO) EM EMPRESA";"200000,00";"26/08/2026";"20:28:31"
"31/08/2026";"12:31:08";2026;2;"Eleição Ordinária";6259;"Eleições Gerais Estaduais 2026";"04/10/2026";"AM";"AM";"AMAZONAS";40002536479;1;32;"Quotas ou quinhões de capital";"QUOTAS DE CAPITAL (PARTICIPAÇÃO) EM EMPRESA";"100000,00";"26/08/2026";"20:28:31"
"31/08/2026";"12:31:08";2026;2;"Eleição Ordinária";6259;"Eleições Gerais Estaduais 2026";"04/10/2026";"AM";"AM";"AMAZONAS";40002536479;6;61;"Depósito bancário em conta corrente no País";"DEPÓSITO EM CONTA CORRENTE";"13304,47";"26/08/2026";"20:28:31"
"31/08/2026";"12:31:08";2026;2;"Eleição Ordinária";6259;"Eleições Gerais Estaduais 2026";"04/10/2026";"AM";"AM";"AMAZONAS";40002536479;5;13;"Terreno";"UM TERRENO";"100000,00";"26/08/2026";"20:28:31"
"31/08/2026";"12:31:08";2026;2;"Eleição Ordinária";6259;"Eleições Gerais Estaduais 2026";"04/10/2026";"AM";"AM";"AMAZONAS";40002536479;4;32;"Quotas ou quinhões de capital";"QUOTAS DE CAPITAL (PARTICIPAÇÃO) EM EMPRESA";"50000,00";"26/08/2026";"20:28:31"
"31/08/2026";"12:31:08";2026;2;"Eleição Ordinária";6259;"Eleições Gerais Estaduais 2026";"04/10/2026";"AM";"AM";"AMAZONAS";40002536479;7;11;"Apartamento";"APARTAMENTO";"407211,82";"26/08/2026";"20:28:31"
"31/08/2026";"12:31:08";2026;2;"Eleição Ordinária";6259;"Eleições Gerais Estaduais 2026";"04/10/2026";"AM";"AM";"AMAZONAS";40002536479;8;11;"Apartamento";"APARTAMENTO";"478000,00";"26/08/2026";"20:28:31"
"31/08/2026";"12:31:08";2026;2;"Eleição Ordinária";6259;"Eleições Gerais Estaduais 2026";"04/10/2026";"AM";"AM";"AMAZONAS";40002536480;1;11;"Apartamento";"UM APARTAMENTO";"120000,00";"26/08/2026";"19:26:43"
"31/08/2026";"12:31:08";2026;2;"Eleição Ordinária";6259;"Eleições Gerais Estaduais 2026";"04/10/2026";"AM";"AM";"AMAZONAS";40002536481;1;32;"Quotas ou quinhões de capital";"QUOTAS DE CAPITAL (PARTICIPAÇÃO) EM EMPRESA";"1500000,00";"27/08/2026";"20:48:38"
"31/08/2026";"12:31:08";2026;2;"Eleição Ordinária";6259;"Eleições Gerais Estaduais 2026";"04/10/2026";"AM";"AM";"AMAZONAS";40002536482;2;32;"Quotas ou quinhões de capital";"QUOTAS DE CAPITAL (PARTICIPAÇÃO) EM EMPRESA";"180000,00";"26/08/2026";"19:55:29"
"31/08/2026";"12:31:08";2026;2;"Eleição Ordinária";6259;"Eleições Gerais Estaduais 2026";"04/10/2026";"AM";"AM";"AMAZONAS";40002536482;1;45;"Aplicação de renda fixa (CDB, RDB e outros)";"APLICAÇÃO DE RENDA FIXA CDB";"303,69";"26/08/2026";"19:55:29"
"31/08/2026";"12:31:08";2026;2;"Eleição Ordinária";6259;"Eleições Gerais Estaduais 2026";"04/10/2026";"AM";"AM";"AMAZONAS";40002536482;4;95;"Consórcio não contemplado";"CONSÓRCIO DE IMÓVEL";"162217,32";"26/08/2026";"19:55:29"
"31/08/2026";"12:31:08";2026;2;"Eleição Ordinária";6259;"Eleições Gerais Estaduais 2026";"04/10/2026";"AM";"AM";"AMAZONAS";40002536482;3;41;"Caderneta de poupança";"CONTA POUPANÇA";"615,72";"26/08/2026";"19:55:29"
"31/08/2026";"12:31:08";2026;2;"Eleição Ordinária";6259;"Eleições Gerais Estaduais 2026";"04/10/2026";"AM";"AM";"AMAZONAS";40002536482;5;12;"Casa";"UMA CASA";"614578,25";"26/08/2026";"19:55:29"
"31/08/2026";"12:31:08";2026;2;"Eleição Ordinária";6259;"Eleições Gerais Estaduais 2026";"04/10/2026";"AM";"AM";"AMAZONAS";40002536482;6;99;"OUTROS BENS E DIREITOS";"TÍTULO DE CAPITALIZAÇÃO";"6709,74";"26/08/2026";"19:55:29"
"31/08/2026";"12:31:08";2026;2;"Eleição Ordinária";6259;"Eleições Gerais Estaduais 2026";"04/10/2026";"AM";"AM";"AMAZONAS";40002536483;1;32;"Quotas ou quinhões de capital";"QUOTAS DE CAPITAL (PARTICIPAÇÃO) EM EMPRESA";"10000,00";"26/08/2026";"20:28:31"
"31/08/2026";"12:31:08";2026;2;"Eleição Ordinária";6259;"Eleições Gerais Estaduais 2026";"04/10/2026";"AM";"AM";"AMAZONAS";40002536482;7;32;"Quotas ou quinhões de capital";"QUOTAS DE CAPITAL (PARTICIPAÇÃO) EM EMPRESA";"550000,00";"26/08/2026";"19:55:29"
"31/08/2026";"12:31:08";2026;2;"Eleição Ordinária";6259;"Eleições Gerais Estaduais 2026";"04/10/2026";"AM";"AM";"AMAZONAS";40002536484;1;21;"Veículo automotor terrestre: caminhão, automóvel, moto, etc.";"UM VEÍCULO";"97685,00";"28/08/2026";"15:54:21"
"31/08/2026";"12:31:08";2026;2;"Eleição Ordinária";6259;"Eleições Gerais Estaduais 2026";"04/10/2026";"AM";"AM";"AMAZONAS";40002536484;2;21;"Veículo automotor terrestre: caminhão, automóvel, moto, etc.";"UM VEÍCULO";"157385,00";"28/08/2026";"15:54:21"
"31/08/2026";"12:31:08";2026;2;"Eleição Ordinária";6259;"Eleições Gerais Estaduais 2026";"04/10/2026";"AM";"AM";"AMAZONAS";40002536484;3;21;"Veículo automotor terrestre: caminhão, automóvel, moto, etc.";"UM VEÍCULO";"47804,00";"28/08/2026";"15:54:21"
"31/08/2026";"12:31:08";2026;2;"Eleição Ordinária";6259;"Eleições Gerais Estaduais 2026";"04/10/2026";"AM";"AM";"AMAZONAS";40002536486;3;61;"Depósito bancário em conta corrente no País";"DEPÓSITO EM CONTA CORRENTE";"1,00";"24/08/2026";"20:04:24"
"31/08/2026";"12:31:08";2026;2;"Eleição Ordinária";6259;"Eleições Gerais Estaduais 2026";"04/10/2026";"AM";"AM";"AMAZONAS";40002536486;1;12;"Casa";"UMA CASA";"800000,00";"24/08/2026";"20:04:24"
"31/08/2026";"12:31:08";2026;2;"Eleição Ordinária";6259;"Eleições Gerais Estaduais 2026";"04/10/2026";"AM";"AM";"AMAZONAS";40002536486;2;32;"Quotas ou quinhões de capital";"QUOTAS DE CAPITAL (PARTICIPAÇÃO) EM EMPRESA";"50000,00";"24/08/2026";"20:04:24"
"31/08/2026";"12:31:08";2026;2;"Eleição Ordinária";6259;"Eleições Gerais Estaduais 2026";"04/10/2026";"AM";"AM";"AMAZONAS";40002536486;4;61;"Depósito bancário em conta corrente no País";"DEPÓSITO EM CONTA CORRENTE";"342,39";"24/08/2026";"20:04:24"
"31/08/2026";"12:31:08";2026;2;"Eleição Ordinária";6259;"Eleições Gerais Estaduais 2026";"04/10/2026";"AM";"AM";"AMAZONAS";40002536486;5;61;"Depósito bancário em conta corrente no País";"DEPÓSITO EM CONTA CORRENTE";"3891,90";"24/08/2026";"20:04:24"
"31/08/2026";"12:31:08";2026;2;"Eleição Ordinária";6259;"Eleições Gerais Estaduais 2026";"04/10/2026";"AM";"AM";"AMAZONAS";40002536486;6;32;"Quotas ou quinhões de capital";"QUOTAS DE CAPITAL (PARTICIPAÇÃO) EM EMPRESA";"492500,00";"24/08/2026";"20:04:24"
"31/08/2026";"12:31:08";2026;2;"Eleição Ordinária";6259;"Eleições Gerais Estaduais 2026";"04/10/2026";"AM";"AM";"AMAZONAS";40002536488;2;25;"Jóia, quadro, objeto de arte, de coleção, antiguidade, etc.";"UM QUADRO DE PINTURA";"30000,00";"28/08/2026";"17:47:02"
"31/08/2026";"12:31:08";2026;2;"Eleição Ordinária";6259;"Eleições Gerais Estaduais 2026";"04/10/2026";"AM";"AM";"AMAZONAS";40002536487;1;21;"Veículo automotor terrestre: caminhão, automóvel, moto, etc.";"UM VEÍCULO";"113201,00";"28/08/2026";"15:48:44"
"31/08/2026";"12:31:08";2026;2;"Eleição Ordinária";6259;"Eleições Gerais Estaduais 2026";"04/10/2026";"AM";"AM";"AMAZONAS";40002536488;1;21;"Veículo automotor terrestre: caminhão, automóvel, moto, etc.";"UM VEÍCULO";"33771,00";"28/08/2026";"17:47:02"
"31/08/2026";"12:31:08";2026;2;"Eleição Ordinária";6259;"Eleições Gerais Estaduais 2026";"04/10/2026";"AM";"AM";"AMAZONAS";40002536488;4;25;"Jóia, quadro, objeto de arte, de coleção, antiguidade, etc.";"UM QUADRO DE PINTURA";"40000,00";"28/08/2026";"17:47:02"
"31/08/2026";"12:31:08";2026;2;"Eleição Ordinária";6259;"Eleições Gerais Estaduais 2026";"04/10/2026";"AM";"AM";"AMAZONAS";40002536488;3;13;"Terreno";"UM LOTE DE TERRAS COM CASA EDIFICADA";"1100000,00";"28/08/2026";"17:47:02"
"31/08/2026";"12:31:08";2026;2;"Eleição Ordinária";6259;"Eleições Gerais Estaduais 2026";"04/10/2026";"AM";"AM";"AMAZONAS";40002536488;5;13;"Terreno";"UM LOTE DE TERRAS";"300000,00";"28/08/2026";"17:47:02"
"31/08/2026";"12:31:08";2026;2;"Eleição Ordinária";6259;"Eleições Gerais Estaduais 2026";"04/10/2026";"AM";"AM";"AMAZONAS";40002536488;6;13;"Terreno";"UM LOTE DE TERRAS COM CASA EDIFICADA";"900000,00";"28/08/2026";"17:47:02"
"31/08/2026";"12:31:08";2026;2;"Eleição Ordinária";6259;"Eleições Gerais Estaduais 2026";"04/10/2026";"AM";"AM";"AMAZONAS";40002536488;7;13;"Terreno";"UM TERRENO";"850000,00";"28/08/2026";"17:47:02"
"31/08/2026";"12:31:08";2026;2;"Eleição Ordinária";6259;"Eleições Gerais Estaduais 2026";"04/10/2026";"AM";"AM";"AMAZONAS";40002536488;8;13;"Terreno";"UM LOTE DE TERRAS";"200000,00";"28/08/2026";"17:47:02"
"31/08/2026";"12:31:08";2026;2;"Eleição Ordinária";6259;"Eleições Gerais Estaduais 2026";"04/10/2026";"AM";"AM";"AMAZONAS";40002536488;10;25;"Jóia, quadro, objeto de arte, de coleção, antiguidade, etc.";"UM QUADRO DE PINTURA";"50000,00";"28/08/2026";"17:47:02"
"31/08/2026";"12:31:08";2026;2;"Eleição Ordinária";6259;"Eleições Gerais Estaduais 2026";"04/10/2026";"AM";"AM";"AMAZONAS";40002536488;11;79;"Outros fundos";"Previdência Privada ¿ Vida Gerador de Benefício Livre ¿ PGBL";"541852,41";"28/08/2026";"17:47:02"
"31/08/2026";"12:31:08";2026;2;"Eleição Ordinária";6259;"Eleições Gerais Estaduais 2026";"04/10/2026";"AM";"AM";"AMAZONAS";40002536488;9;41;"Caderneta de poupança";"CONTA POUPANÇA";"285,27";"28/08/2026";"17:47:02"
"31/08/2026";"12:31:08";2026;2;"Eleição Ordinária";6259;"Eleições Gerais Estaduais 2026";"04/10/2026";"AM";"AM";"AMAZONAS";40002536490;1;13;"Terreno";"UM IMÓVEL RURAL";"50000,00";"26/08/2026";"20:28:31"
"31/08/2026";"12:31:08";2026;2;"Eleição Ordinária";6259;"Eleições Gerais Estaduais 2026";"04/10/2026";"AM";"AM";"AMAZONAS";40002536490;2;12;"Casa";"UM IMÓVEL RESIDENCIAL";"550000,00";"26/08/2026";"20:28:31"
"31/08/2026";"12:31:08";2026;2;"Eleição Ordinária";6259;"Eleições Gerais Estaduais 2026";"04/10/2026";"AM";"AM";"AMAZONAS";40002536489;1;32;"Quotas ou quinhões de capital";"QUOTAS DE CAPITAL (PARTICIPAÇÃO) EM EMPRESA";"100000,00";"26/08/2026";"20:28:31"
"31/08/2026";"12:31:08";2026;2;"Eleição Ordinária";6259;"Eleições Gerais Estaduais 2026";"04/10/2026";"AM";"AM";"AMAZONAS";40002536491;2;19;"Outros bens imóveis";"UM SÍTIO/CHÁCARA";"40000,00";"23/08/2026";"14:13:41"
"31/08/2026";"12:31:08";2026;2;"Eleição Ordinária";6259;"Eleições Gerais Estaduais 2026";"04/10/2026";"AM";"AM";"AMAZONAS";40002536491;1;12;"Casa";"UMA CASA";"360000,00";"23/08/2026";"14:13:41"
"31/08/2026";"12:31:08";2026;2;"Eleição Ordinária";6259;"Eleições Gerais Estaduais 2026";"04/10/2026";"AM";"AM";"AMAZONAS";40002536491;3;32;"Quotas ou quinhões de capital";"QUOTAS DE CAPITAL (PARTICIPAÇÃO) EM EMPRESA";"380000,00";"23/08/2026";"14:13:41"
"31/08/2026";"12:31:08";2026;2;"Eleição Ordinária";6259;"Eleições Gerais Estaduais 2026";"04/10/2026";"AM";"AM";"AMAZONAS";40002536491;4;61;"Depósito bancário em conta corrente no País";"DEPÓSITO EM CONTA CORRENTE";"5428,01";"23/08/2026";"14:13:41"
"31/08/2026";"12:31:08";2026;2;"Eleição Ordinária";6259;"Eleições Gerais Estaduais 2026";"04/10/2026";"AM";"AM";"AMAZONAS";40002536491;5;19;"Outros bens imóveis";"UM SÍTIO/CHÁCARA";"30000,00";"23/08/2026";"14:13:41"
"31/08/2026";"12:31:08";2026;2;"Eleição Ordinária";6259;"Eleições Gerais Estaduais 2026";"04/10/2026";"AM";"AM";"AMAZONAS";40002536491;6;45;"Aplicação de renda fixa (CDB, RDB e outros)";"FUNDO DE INVESTIMENTO FINANCEIRO MULTIMERCADO";"24598,42";"23/08/2026";"14:13:41"
"31/08/2026";"12:31:08";2026;2;"Eleição Ordinária";6259;"Eleições Gerais Estaduais 2026";"04/10/2026";"AM";"AM";"AMAZONAS";40002536491;8;72;"Fundo de Longo Prazo e Fundo de Investimentos em Direitos Creditórios (FIDC)";"RENDA FIXA LONGO PRAZO FUNDO DE INVESTIMENTO EM COTAS DE FIF";"286,56";"23/08/2026";"14:13:41"
"31/08/2026";"12:31:08";2026;2;"Eleição Ordinária";6259;"Eleições Gerais Estaduais 2026";"04/10/2026";"AM";"AM";"AMAZONAS";40002536491;7;61;"Depósito bancário em conta corrente no País";"DEPÓSITO EM CONTA CORRENTE";"94,15";"23/08/2026";"14:13:41"
"31/08/2026";"12:31:08";2026;2;"Eleição Ordinária";6259;"Eleições Gerais Estaduais 2026";"04/10/2026";"AM";"AM";"AMAZONAS";40002536492;1;12;"Casa";"UMA CASA";"250000,00";"26/08/2026";"20:28:31"
"31/08/2026";"12:31:08";2026;2;"Eleição Ordinária";6259;"Eleições Gerais Estaduais 2026";"04/10/2026";"AM";"AM";"AMAZONAS";40002536496;1;21;"Veículo automotor terrestre: caminhão, automóvel, moto, etc.";"UM VEÍCULO";"200000,00";"28/08/2026";"16:03:28"
"31/08/2026";"12:31:08";2026;2;"Eleição Ordinária";6259;"Eleições Gerais Estaduais 2026";"04/10/2026";"AM";"AM";"AMAZONAS";40002536493;1;41;"Caderneta de poupança";"CONTA POUPANÇA";"65,75";"24/08/2026";"19:27:18"
"31/08/2026";"12:31:08";2026;2;"Eleição Ordinária";6259;"Eleições Gerais Estaduais 2026";"04/10/2026";"AM";"AM";"AMAZONAS";40002536496;2;41;"Caderneta de poupança";"CONTA POUPANÇA";"35258,11";"28/08/2026";"16:03:28"
"31/08/2026";"12:31:08";2026;2;"Eleição Ordinária";6259;"Eleições Gerais Estaduais 2026";"04/10/2026";"AM";"AM";"AMAZONAS";40002536496;5;25;"Jóia, quadro, objeto de arte, de coleção, antiguidade, etc.";"UM CORDÃO EM OURO";"18000,00";"28/08/2026";"16:03:28"
"31/08/2026";"12:31:08";2026;2;"Eleição Ordinária";6259;"Eleições Gerais Estaduais 2026";"04/10/2026";"AM";"AM";"AMAZONAS";40002536496;4;22;"Aeronave";"UMA AERONAVE";"400000,00";"28/08/2026";"16:03:28"
"31/08/2026";"12:31:08";2026;2;"Eleição Ordinária";6259;"Eleições Gerais Estaduais 2026";"04/10/2026";"AM";"AM";"AMAZONAS";40002536496;3;12;"Casa";"UMA CASA";"700000,00";"28/08/2026";"16:03:28"
"31/08/2026";"12:31:08";2026;2;"Eleição Ordinária";6259;"Eleições Gerais Estaduais 2026";"04/10/2026";"AM";"AM";"AMAZONAS";40002536496;7;92;"Título de clube e assemelhado";"DOIS CHALÉS";"200000,00";"28/08/2026";"16:03:28"
"31/08/2026";"12:31:08";2026;2;"Eleição Ordinária";6259;"Eleições Gerais Estaduais 2026";"04/10/2026";"AM";"AM";"AMAZONAS";40002536496;6;13;"Terreno";"UM TERRENO";"150000,00";"28/08/2026";"16:03:28"
"31/08/2026";"12:31:08";2026;2;"Eleição Ordinária";6259;"Eleições Gerais Estaduais 2026";"04/10/2026";"AM";"AM";"AMAZONAS";40002536496;8;63;"Dinheiro em espécie - moeda nacional";"DINHEIRO EM ESPÉCIE";"400000,00";"28/08/2026";"16:03:28"
"31/08/2026";"12:31:08";2026;2;"Eleição Ordinária";6259;"Eleições Gerais Estaduais 2026";"04/10/2026";"AM";"AM";"AMAZONAS";40002536891;2;21;"Veículo automotor terrestre: caminhão, automóvel, moto, etc.";"VEÍCULO AUTOMOTOR TERRESTRE: CAMINHÃO, AUTOMÓVEL, MOTO, ETC.";"25000,00";"30/08/2026";"14:50:26"
"31/08/2026";"12:31:08";2026;2;"Eleição Ordinária";6259;"Eleições Gerais Estaduais 2026";"04/10/2026";"AM";"AM";"AMAZONAS";40002536891;1;12;"Casa";"CASA";"150000,00";"30/08/2026";"14:50:26"
"31/08/2026";"12:31:08";2026;2;"Eleição Ordinária";6259;"Eleições Gerais Estaduais 2026";"04/10/2026";"AM";"AM";"AMAZONAS";40002536496;9;32;"Quotas ou quinhões de capital";"QUOTAS DE CAPITAL (PARTICIPAÇÃO) EM EMPRESA";"100000,00";"28/08/2026";"16:03:28"
"31/08/2026";"12:31:08";2026;2;"Eleição Ordinária";6259;"Eleições Gerais Estaduais 2026";"04/10/2026";"AM";"AM";"AMAZONAS";40002536891;3;13;"Terreno";"TERRENO";"45000,00";"30/08/2026";"14:50:26"
"31/08/2026";"12:31:08";2026;2;"Eleição Ordinária";6259;"Eleições Gerais Estaduais 2026";"04/10/2026";"AM";"AM";"AMAZONAS";40002536892;2;21;"Veículo automotor terrestre: caminhão, automóvel, moto, etc.";"VEÍCULO AUTOMOTOR TERRESTRE: CAMINHÃO, AUTOMÓVEL, MOTO, ETC.";"80000,00";"27/08/2026";"12:48:27"
"31/08/2026";"12:31:08";2026;2;"Eleição Ordinária";6259;"Eleições Gerais Estaduais 2026";"04/10/2026";"AM";"AM";"AMAZONAS";40002536892;1;12;"Casa";"CASA";"120000,00";"27/08/2026";"12:48:27"
"31/08/2026";"12:31:08";2026;2;"Eleição Ordinária";6259;"Eleições Gerais Estaduais 2026";"04/10/2026";"AM";"AM";"AMAZONAS";40002536895;1;13;"Terreno";"TERRENO NA COSTA DO IRANDUBA";"150000,00";"21/08/2026";"15:48:35"
"31/08/2026";"12:31:08";2026;2;"Eleição Ordinária";6259;"Eleições Gerais Estaduais 2026";"04/10/2026";"AM";"AM";"AMAZONAS";40002536894;1;11;"Apartamento";"APARTAMENTO";"250000,00";"30/08/2026";"14:42:56"
"31/08/2026";"12:31:08";2026;2;"Eleição Ordinária";6259;"Eleições Gerais Estaduais 2026";"04/10/2026";"AM";"AM";"AMAZONAS";40002536895;2;12;"Casa";"CASA NO BAIRRO NOVO AMANHECER";"70000,00";"21/08/2026";"15:48:35"
"31/08/2026";"12:31:08";2026;2;"Eleição Ordinária";6259;"Eleições Gerais Estaduais 2026";"04/10/2026";"AM";"AM";"AMAZONAS";40002536897;1;21;"Veículo automotor terrestre: caminhão, automóvel, moto, etc.";"VEÍCULO AUTOMOTOR TERRESTRE: CAMINHÃO, AUTOMÓVEL, MOTO, ETC.";"88000,00";"30/08/2026";"14:38:44"
"31/08/2026";"12:31:08";2026;2;"Eleição Ordinária";6259;"Eleições Gerais Estaduais 2026";"04/10/2026";"AM";"AM";"AMAZONAS";40002536898;2;21;"Veículo automotor terrestre: caminhão, automóvel, moto, etc.";"VEÍCULO AUTOMOTOR TERRESTRE: CAMINHÃO, AUTOMÓVEL, MOTO, ETC.";"5000,00";"30/08/2026";"14:35:42"
"31/08/2026";"12:31:08";2026;2;"Eleição Ordinária";6259;"Eleições Gerais Estaduais 2026";"04/10/2026";"AM";"AM";"AMAZONAS";40002536898;1;12;"Casa";"CASA";"100000,00";"30/08/2026";"14:35:42"
"31/08/2026";"12:31:08";2026;2;"Eleição Ordinária";6259;"Eleições Gerais Estaduais 2026";"04/10/2026";"AM";"AM";"AMAZONAS";40002536905;1;21;"Veículo automotor terrestre: caminhão, automóvel, moto, etc.";"VEÍCULO AUTOMOTOR TERRESTRE: CAMINHÃO, AUTOMÓVEL, MOTO, ETC.";"15000,00";"27/08/2026";"12:46:37"
"31/08/2026";"12:31:08";2026;2;"Eleição Ordinária";6259;"Eleições Gerais Estaduais 2026";"04/10/2026";"AM";"AM";"AMAZONAS";40002536905;2;21;"Veículo automotor terrestre: caminhão, automóvel, moto, etc.";"VEÍCULO AUTOMOTOR TERRESTRE: CAMINHÃO, AUTOMÓVEL, MOTO, ETC.";"10000,00";"27/08/2026";"12:46:37"
"31/08/2026";"12:31:08";2026;2;"Eleição Ordinária";6259;"Eleições Gerais Estaduais 2026";"04/10/2026";"AM";"AM";"AMAZONAS";40002536898;3;31;"Ações (inclusive as provenientes de linha telefônica)";"AÇÕES E INVESTIMENTOS";"13000,00";"30/08/2026";"14:35:42"
"31/08/2026";"12:31:08";2026;2;"Eleição Ordinária";6259;"Eleições Gerais Estaduais 2026";"04/10/2026";"AM";"AM";"AMAZONAS";40002536907;1;13;"Terreno";"TERRENO";"127000,00";"30/08/2026";"14:48:23"
"31/08/2026";"12:31:08";2026;2;"Eleição Ordinária";6259;"Eleições Gerais Estaduais 2026";"04/10/2026";"AM";"AM";"AMAZONAS";40002536907;2;13;"Terreno";"TERRENO";"13000,00";"30/08/2026";"14:48:23"
"31/08/2026";"12:31:08";2026;2;"Eleição Ordinária";6259;"Eleições Gerais Estaduais 2026";"04/10/2026";"AM";"AM";"AMAZONAS";40002536907;3;21;"Veículo automotor terrestre: caminhão, automóvel, moto, etc.";"VEÍCULO AUTOMOTOR TERRESTRE: CAMINHÃO, AUTOMÓVEL, MOTO, ETC.";"75000,00";"30/08/2026";"14:48:23"
"31/08/2026";"12:31:08";2026;2;"Eleição Ordinária";6259;"Eleições Gerais Estaduais 2026";"04/10/2026";"AM";"AM";"AMAZONAS";40002536910;2;63;"Dinheiro em espécie - moeda nacional";"DINHEIRO EM ESPÉCIE - MOEDA NACIONAL";"70000,00";"30/08/2026";"14:33:20"
"31/08/2026";"12:31:08";2026;2;"Eleição Ordinária";6259;"Eleições Gerais Estaduais 2026";"04/10/2026";"AM";"AM";"AMAZONAS";40002536907;4;41;"Caderneta de poupança";"CADERNETA DE POUPANÇA";"300000,00";"30/08/2026";"14:48:23"
"31/08/2026";"12:31:08";2026;2;"Eleição Ordinária";6259;"Eleições Gerais Estaduais 2026";"04/10/2026";"AM";"AM";"AMAZONAS";40002536910;1;12;"Casa";"CASA";"180000,00";"30/08/2026";"14:33:20"
"31/08/2026";"12:31:08";2026;2;"Eleição Ordinária";6259;"Eleições Gerais Estaduais 2026";"04/10/2026";"AM";"AM";"AMAZONAS";40002536912;2;13;"Terreno";"TERRENO";"250000,00";"30/08/2026";"15:09:33"
"31/08/2026";"12:31:08";2026;2;"Eleição Ordinária";6259;"Eleições Gerais Estaduais 2026";"04/10/2026";"AM";"AM";"AMAZONAS";40002536912;1;12;"Casa";"CASA";"450000,00";"30/08/2026";"15:09:33"
"31/08/2026";"12:31:08";2026;2;"Eleição Ordinária";6259;"Eleições Gerais Estaduais 2026";"04/10/2026";"AM";"AM";"AMAZONAS";40002536911;1;2;"Prédio comercial";"PRÉDIO COMERCIAL";"500000,00";"30/08/2026";"14:37:36"
"31/08/2026";"12:31:08";2026;2;"Eleição Ordinária";6259;"Eleições Gerais Estaduais 2026";"04/10/2026";"AM";"AM";"AMAZONAS";40002536913;1;21;"Veículo automotor terrestre: caminhão, automóvel, moto, etc.";"MOTOCLICLETA BROS ANO 2010";"10000,00";"27/08/2026";"12:43:42"
"31/08/2026";"12:31:08";2026;2;"Eleição Ordinária";6259;"Eleições Gerais Estaduais 2026";"04/10/2026";"AM";"AM";"AMAZONAS";40002536913;2;21;"Veículo automotor terrestre: caminhão, automóvel, moto, etc.";"CARRO PRISMA CHEVROLET 2008";"20000,00";"27/08/2026";"12:43:42"
"31/08/2026";"12:31:08";2026;2;"Eleição Ordinária";6259;"Eleições Gerais Estaduais 2026";"04/10/2026";"AM";"AM";"AMAZONAS";40002537343;1;21;"Veículo automotor terrestre: caminhão, automóvel, moto, etc.";"VEICULO VOLKSWAGEN T-CROSS";"150000,00";"27/08/2026";"15:52:37"
"31/08/2026";"12:31:08";2026;2;"Eleição Ordinária";6259;"Eleições Gerais Estaduais 2026";"04/10/2026";"AM";"AM";"AMAZONAS";40002537344;1;21;"Veículo automotor terrestre: caminhão, automóvel, moto, etc.";"VEICULO IMPORTADO ALFA ROMEO";"8000,00";"27/08/2026";"15:57:13"
"31/08/2026";"12:31:08";2026;2;"Eleição Ordinária";6259;"Eleições Gerais Estaduais 2026";"04/10/2026";"AM";"AM";"AMAZONAS";40002537344;2;21;"Veículo automotor terrestre: caminhão, automóvel, moto, etc.";"MOTO AQUATICA- JETSKI";"25000,00";"27/08/2026";"15:57:13"
"31/08/2026";"12:31:08";2026;2;"Eleição Ordinária";6259;"Eleições Gerais Estaduais 2026";"04/10/2026";"AM";"AM";"AMAZONAS";40002537344;3;49;"Outras aplicações e Investimentos";"INFORMADO POR CNPJ";"124938,17";"27/08/2026";"15:57:13"
"31/08/2026";"12:31:08";2026;2;"Eleição Ordinária";6259;"Eleições Gerais Estaduais 2026";"04/10/2026";"AM";"AM";"AMAZONAS";40002537344;5;21;"Veículo automotor terrestre: caminhão, automóvel, moto, etc.";"VEICULO FIAT 500/2013/2014";"65190,00";"27/08/2026";"15:57:13"
"31/08/2026";"12:31:08";2026;2;"Eleição Ordinária";6259;"Eleições Gerais Estaduais 2026";"04/10/2026";"AM";"AM";"AMAZONAS";40002537344;4;45;"Aplicação de renda fixa (CDB, RDB e outros)";"APLICAÇÃO EM RENDA FIXA CDB";"10000,00";"27/08/2026";"15:57:13"
"31/08/2026";"12:31:08";2026;2;"Eleição Ordinária";6259;"Eleições Gerais Estaduais 2026";"04/10/2026";"AM";"AM";"AMAZONAS";40002537344;6;45;"Aplicação de renda fixa (CDB, RDB e outros)";"CDB DI EMITIDO PELO BANCO DO BRASIL";"98000,00";"27/08/2026";"15:57:13"
"31/08/2026";"12:31:08";2026;2;"Eleição Ordinária";6259;"Eleições Gerais Estaduais 2026";"04/10/2026";"AM";"AM";"AMAZONAS";40002537344;9;29;"Outros bens móveis";"CASCO DE ALUMINIO NAVAL";"4000,00";"27/08/2026";"15:57:13"
"31/08/2026";"12:31:08";2026;2;"Eleição Ordinária";6259;"Eleições Gerais Estaduais 2026";"04/10/2026";"AM";"AM";"AMAZONAS";40002537344;7;19;"Outros bens imóveis";"FRAÇÃO UNIDADE HABITACIONAL";"56580,57";"27/08/2026";"15:57:13"
"31/08/2026";"12:31:08";2026;2;"Eleição Ordinária";6259;"Eleições Gerais Estaduais 2026";"04/10/2026";"AM";"AM";"AMAZONAS";40002537344;8;11;"Apartamento";"APARTAMENTO";"370636,42";"27/08/2026";"15:57:13"
"31/08/2026";"12:31:08";2026;2;"Eleição Ordinária";6259;"Eleições Gerais Estaduais 2026";"04/10/2026";"AM";"AM";"AMAZONAS";40002537344;10;23;"Embarcação";"LANCHA ATLETA 22";"10000,00";"27/08/2026";"15:57:13"
"31/08/2026";"12:31:08";2026;2;"Eleição Ordinária";6259;"Eleições Gerais Estaduais 2026";"04/10/2026";"AM";"AM";"AMAZONAS";40002537344;12;13;"Terreno";"TERRENO COMUNIDADE";"55000,00";"27/08/2026";"15:57:13"
"31/08/2026";"12:31:08";2026;2;"Eleição Ordinária";6259;"Eleições Gerais Estaduais 2026";"04/10/2026";"AM";"AM";"AMAZONAS";40002537344;11;13;"Terreno";"TERRENO- BR 174";"30000,00";"27/08/2026";"15:57:13"
"31/08/2026";"12:31:08";2026;2;"Eleição Ordinária";6259;"Eleições Gerais Estaduais 2026";"04/10/2026";"AM";"AM";"AMAZONAS";40002537344;13;97;"VGBL - Vida Gerador de Benefício Livre";"FUNDO DE INVESTIMENTO";"555072,91";"27/08/2026";"15:57:13"
"31/08/2026";"12:31:08";2026;2;"Eleição Ordinária";6259;"Eleições Gerais Estaduais 2026";"04/10/2026";"AM";"AM";"AMAZONAS";40002537344;14;13;"Terreno";"TERRENO- LOTEAMENTO 01";"228046,00";"27/08/2026";"15:57:13"
"31/08/2026";"12:31:08";2026;2;"Eleição Ordinária";6259;"Eleições Gerais Estaduais 2026";"04/10/2026";"AM";"AM";"AMAZONAS";40002537344;15;13;"Terreno";"TERRENO- LOTEAMENTO 03";"124080,00";"27/08/2026";"15:57:13"
"31/08/2026";"12:31:08";2026;2;"Eleição Ordinária";6259;"Eleições Gerais Estaduais 2026";"04/10/2026";"AM";"AM";"AMAZONAS";40002537344;17;41;"Caderneta de poupança";"DEPOSITO EM CONTA  POUPANÇA";"329,14";"27/08/2026";"15:57:13"
"31/08/2026";"12:31:08";2026;2;"Eleição Ordinária";6259;"Eleições Gerais Estaduais 2026";"04/10/2026";"AM";"AM";"AMAZONAS";40002537344;18;41;"Caderneta de poupança";"POUPANÇA- BANCO DO BRASIL";"475209,22";"27/08/2026";"15:57:13"
"31/08/2026";"12:31:08";2026;2;"Eleição Ordinária";6259;"Eleições Gerais Estaduais 2026";"04/10/2026";"AM";"AM";"AMAZONAS";40002537344;16;73;"Fundo de Investimento Imobiliário";"LETRA DE CREDITO IMOBILIARIO BANCO BRADESCO";"110000,00";"27/08/2026";"15:57:13"
"31/08/2026";"12:31:08";2026;2;"Eleição Ordinária";6259;"Eleições Gerais Estaduais 2026";"04/10/2026";"AM";"AM";"AMAZONAS";40002537344;20;29;"Outros bens móveis";"MOTOR DE POLPA DE EXPLOSÃO-GASOLINA";"26894,04";"27/08/2026";"15:57:13"
"31/08/2026";"12:31:08";2026;2;"Eleição Ordinária";6259;"Eleições Gerais Estaduais 2026";"04/10/2026";"AM";"AM";"AMAZONAS";40002537344;19;21;"Veículo automotor terrestre: caminhão, automóvel, moto, etc.";"CAMINHONETE IMPORTADA FORD";"123154,74";"27/08/2026";"15:57:13"
"31/08/2026";"12:31:08";2026;2;"Eleição Ordinária";6259;"Eleições Gerais Estaduais 2026";"04/10/2026";"AM";"AM";"AMAZONAS";40002537344;21;41;"Caderneta de poupança";"POUPANÇA CAIXA";"510047,30";"27/08/2026";"15:57:13"
"31/08/2026";"12:31:08";2026;2;"Eleição Ordinária";6259;"Eleições Gerais Estaduais 2026";"04/10/2026";"AM";"AM";"AMAZONAS";40002537344;23;13;"Terreno";"TERRENO- LOTEAMENTO 02";"66954,00";"27/08/2026";"15:57:13"
"31/08/2026";"12:31:08";2026;2;"Eleição Ordinária";6259;"Eleições Gerais Estaduais 2026";"04/10/2026";"AM";"AM";"AMAZONAS";40002537344;22;79;"Outros fundos";"LCA EMITIDA PELO BANCO DO BRASIL";"450000,00";"27/08/2026";"15:57:13"
"31/08/2026";"12:31:08";2026;2;"Eleição Ordinária";6259;"Eleições Gerais Estaduais 2026";"04/10/2026";"AM";"AM";"AMAZONAS";40002537345;1;79;"Outros fundos";"PARTICIPAÇÃO SOCIETARIA";"2857,93";"27/08/2026";"15:54:59"
"31/08/2026";"12:31:08";2026;2;"Eleição Ordinária";6259;"Eleições Gerais Estaduais 2026";"04/10/2026";"AM";"AM";"AMAZONAS";40002537345;2;13;"Terreno";"LOTE RESIDENCIAL";"80424,80";"27/08/2026";"15:54:59"
"31/08/2026";"12:31:08";2026;2;"Eleição Ordinária";6259;"Eleições Gerais Estaduais 2026";"04/10/2026";"AM";"AM";"AMAZONAS";40002537345;3;21;"Veículo automotor terrestre: caminhão, automóvel, moto, etc.";"CAMINHONETE CHEVROLET S/10";"176203,16";"27/08/2026";"15:54:59"
"31/08/2026";"12:31:08";2026;2;"Eleição Ordinária";6259;"Eleições Gerais Estaduais 2026";"04/10/2026";"AM";"AM";"AMAZONAS";40002537345;4;79;"Outros fundos";"PARTICIPAÇÃO SOCIETARIA";"58354,35";"27/08/2026";"15:54:59"
"31/08/2026";"12:31:08";2026;2;"Eleição Ordinária";6259;"Eleições Gerais Estaduais 2026";"04/10/2026";"AM";"AM";"AMAZONAS";40002537345;5;13;"Terreno";"LOTE DE CHACARA";"37773,82";"27/08/2026";"15:54:59"
"31/08/2026";"12:31:08";2026;2;"Eleição Ordinária";6259;"Eleições Gerais Estaduais 2026";"04/10/2026";"AM";"AM";"AMAZONAS";40002537345;7;79;"Outros fundos";"PARTICIPAÇÃO SOCIETARIA";"342,20";"27/08/2026";"15:54:59"
"31/08/2026";"12:31:08";2026;2;"Eleição Ordinária";6259;"Eleições Gerais Estaduais 2026";"04/10/2026";"AM";"AM";"AMAZONAS";40002537345;6;12;"Casa";"CASA ALVENARIA";"280000,00";"27/08/2026";"15:54:59"
"31/08/2026";"12:31:08";2026;2;"Eleição Ordinária";6259;"Eleições Gerais Estaduais 2026";"04/10/2026";"AM";"AM";"AMAZONAS";40002537346;1;63;"Dinheiro em espécie - moeda nacional";"ESPECIE - DECLARAÇÕES DE AJUSTE ANUAL DO IRPF";"300000,00";"27/08/2026";"18:19:49"
"31/08/2026";"12:31:08";2026;2;"Eleição Ordinária";6259;"Eleições Gerais Estaduais 2026";"04/10/2026";"AM";"AM";"AMAZONAS";40002537346;2;32;"Quotas ou quinhões de capital";"PARTICIPAÇÃO EMPRESARIAL";"2200000,00";"27/08/2026";"18:19:49"
"31/08/2026";"12:31:08";2026;2;"Eleição Ordinária";6259;"Eleições Gerais Estaduais 2026";"04/10/2026";"AM";"AM";"AMAZONAS";40002537346;3;32;"Quotas ou quinhões de capital";"2. PARTICIPAÇÃO SOCIETÁRIA CORRESPONDENTE A 100% DAS QUOTAS";"800000,00";"27/08/2026";"18:19:49"
"31/08/2026";"12:31:08";2026;2;"Eleição Ordinária";6259;"Eleições Gerais Estaduais 2026";"04/10/2026";"AM";"AM";"AMAZONAS";40002537346;4;21;"Veículo automotor terrestre: caminhão, automóvel, moto, etc.";"LAND ROVER";"260000,00";"27/08/2026";"18:19:49"
"31/08/2026";"12:31:08";2026;2;"Eleição Ordinária";6259;"Eleições Gerais Estaduais 2026";"04/10/2026";"AM";"AM";"AMAZONAS";40002537346;5;21;"Veículo automotor terrestre: caminhão, automóvel, moto, etc.";"S10 LTZ";"132000,00";"27/08/2026";"18:19:49"
"31/08/2026";"12:31:08";2026;2;"Eleição Ordinária";6259;"Eleições Gerais Estaduais 2026";"04/10/2026";"AM";"AM";"AMAZONAS";40002537346;6;21;"Veículo automotor terrestre: caminhão, automóvel, moto, etc.";"S10 MID";"136095,00";"27/08/2026";"18:19:49"
"31/08/2026";"12:31:08";2026;2;"Eleição Ordinária";6259;"Eleições Gerais Estaduais 2026";"04/10/2026";"AM";"AM";"AMAZONAS";40002537347;3;29;"Outros bens móveis";"RELOGIO MANN";"16172,80";"29/08/2026";"13:25:05"
"31/08/2026";"12:31:08";2026;2;"Eleição Ordinária";6259;"Eleições Gerais Estaduais 2026";"04/10/2026";"AM";"AM";"AMAZONAS";40002537347;1;12;"Casa";"CASA - BAIRRO CHAPADA";"1512522,06";"29/08/2026";"13:25:05"
"31/08/2026";"12:31:08";2026;2;"Eleição Ordinária";6259;"Eleições Gerais Estaduais 2026";"04/10/2026";"AM";"AM";"AMAZONAS";40002537347;2;45;"Aplicação de renda fixa (CDB, RDB e outros)";"RENDA FIXA BRADESCO";"11511,42";"29/08/2026";"13:25:05"
"31/08/2026";"12:31:08";2026;2;"Eleição Ordinária";6259;"Eleições Gerais Estaduais 2026";"04/10/2026";"AM";"AM";"AMAZONAS";40002537347;5;29;"Outros bens móveis";"RELOGIO BREITLING";"8000,00";"29/08/2026";"13:25:05"
"31/08/2026";"12:31:08";2026;2;"Eleição Ordinária";6259;"Eleições Gerais Estaduais 2026";"04/10/2026";"AM";"AM";"AMAZONAS";40002537347;4;29;"Outros bens móveis";"RELOGIO HSTERN";"24143,00";"29/08/2026";"13:25:05"
"31/08/2026";"12:31:08";2026;2;"Eleição Ordinária";6259;"Eleições Gerais Estaduais 2026";"04/10/2026";"AM";"AM";"AMAZONAS";40002537347;6;21;"Veículo automotor terrestre: caminhão, automóvel, moto, etc.";"CHEVROLET";"188160,19";"29/08/2026";"13:25:05"
"31/08/2026";"12:31:08";2026;2;"Eleição Ordinária";6259;"Eleições Gerais Estaduais 2026";"04/10/2026";"AM";"AM";"AMAZONAS";40002537348;1;21;"Veículo automotor terrestre: caminhão, automóvel, moto, etc.";"HONDA";"260000,00";"29/08/2026";"13:23:25"
"31/08/2026";"12:31:08";2026;2;"Eleição Ordinária";6259;"Eleições Gerais Estaduais 2026";"04/10/2026";"AM";"AM";"AMAZONAS";40002537347;7;21;"Veículo automotor terrestre: caminhão, automóvel, moto, etc.";"Motocicleta BMW/F 900, 2026/2026";"90000,00";"29/08/2026";"13:25:05"
"31/08/2026";"12:31:08";2026;2;"Eleição Ordinária";6259;"Eleições Gerais Estaduais 2026";"04/10/2026";"AM";"AM";"AMAZONAS";40002537349;1;12;"Casa";"CACHOEIRINHA";"300000,00";"28/08/2026";"15:38:22"
"31/08/2026";"12:31:08";2026;2;"Eleição Ordinária";6259;"Eleições Gerais Estaduais 2026";"04/10/2026";"AM";"AM";"AMAZONAS";40002537350;2;13;"Terreno";"NOVO REINO";"130000,00";"26/08/2026";"15:24:45"
"31/08/2026";"12:31:08";2026;2;"Eleição Ordinária";6259;"Eleições Gerais Estaduais 2026";"04/10/2026";"AM";"AM";"AMAZONAS";40002537350;1;13;"Terreno";"NOVO ALEIXO 1";"150000,00";"26/08/2026";"15:24:45"
"31/08/2026";"12:31:08";2026;2;"Eleição Ordinária";6259;"Eleições Gerais Estaduais 2026";"04/10/2026";"AM";"AM";"AMAZONAS";40002537350;3;13;"Terreno";"NOVO REINO 2";"100000,00";"26/08/2026";"15:24:45"
"31/08/2026";"12:31:08";2026;2;"Eleição Ordinária";6259;"Eleições Gerais Estaduais 2026";"04/10/2026";"AM";"AM";"AMAZONAS";40002537351;1;61;"Depósito bancário em conta corrente no País";"BANCO 069";"132257,68";"27/08/2026";"18:25:51"
"31/08/2026";"12:31:08";2026;2;"Eleição Ordinária";6259;"Eleições Gerais Estaduais 2026";"04/10/2026";"AM";"AM";"AMAZONAS";40002537351;2;11;"Apartamento";"PARQUE DEZ";"320000,00";"27/08/2026";"18:25:51"
"31/08/2026";"12:31:08";2026;2;"Eleição Ordinária";6259;"Eleições Gerais Estaduais 2026";"04/10/2026";"AM";"AM";"AMAZONAS";40002537353;1;12;"Casa";"TARUMÃ";"100000,00";"26/08/2026";"15:22:48"
"31/08/2026";"12:31:08";2026;2;"Eleição Ordinária";6259;"Eleições Gerais Estaduais 2026";"04/10/2026";"AM";"AM";"AMAZONAS";40002537615;2;61;"Depósito bancário em conta corrente no País";"BRADESCO";"31758,57";"29/08/2026";"13:24:00"
"31/08/2026";"12:31:08";2026;2;"Eleição Ordinária";6259;"Eleições Gerais Estaduais 2026";"04/10/2026";"AM";"AM";"AMAZONAS";40002537615;3;13;"Terreno";"COMPRA DE TERRENO/FRACAO";"343536,86";"29/08/2026";"13:24:00"
"31/08/2026";"12:31:08";2026;2;"Eleição Ordinária";6259;"Eleições Gerais Estaduais 2026";"04/10/2026";"AM";"AM";"AMAZONAS";40002537615;1;12;"Casa";"CASA - FINANCIAMENTO";"600000,00";"29/08/2026";"13:24:00"
"31/08/2026";"12:31:08";2026;2;"Eleição Ordinária";6259;"Eleições Gerais Estaduais 2026";"04/10/2026";"AM";"AM";"AMAZONAS";40002537616;1;12;"Casa";"MORADA DOS PASSOS";"200000,00";"27/08/2026";"18:21:26"
"31/08/2026";"12:31:08";2026;2;"Eleição Ordinária";6259;"Eleições Gerais Estaduais 2026";"04/10/2026";"AM";"AM";"AMAZONAS";40002537615;4;32;"Quotas ou quinhões de capital";"QUOTAS EM EMPRESA";"400000,00";"29/08/2026";"13:24:00"
"31/08/2026";"12:31:08";2026;2;"Eleição Ordinária";6259;"Eleições Gerais Estaduais 2026";"04/10/2026";"AM";"AM";"AMAZONAS";40002537616;2;32;"Quotas ou quinhões de capital";"50% EMPRESA";"30000,00";"27/08/2026";"18:21:26"
"31/08/2026";"12:31:08";2026;2;"Eleição Ordinária";6259;"Eleições Gerais Estaduais 2026";"04/10/2026";"AM";"AM";"AMAZONAS";40002537617;1;99;"OUTROS BENS E DIREITOS";"Empresa PORRUDINHA STORE LTDA, inscrita no CNPJ n. 50.459.573/0001-56, de propriedade exclusiva da requerente, atuante no ramo de comércio varejista de calçados, artigos de relojoaria, suvenires, biju";"100000,00";"27/08/2026";"18:28:21"
"31/08/2026";"12:31:08";2026;2;"Eleição Ordinária";6259;"Eleições Gerais Estaduais 2026";"04/10/2026";"AM";"AM";"AMAZONAS";40002537618;2;12;"Casa";"JAPIIM";"400000,00";"27/08/2026";"18:20:35"
"31/08/2026";"12:31:08";2026;2;"Eleição Ordinária";6259;"Eleições Gerais Estaduais 2026";"04/10/2026";"AM";"AM";"AMAZONAS";40002537618;1;63;"Dinheiro em espécie - moeda nacional";"ESPECIE - IMPOSTO DE RENDA";"150000,00";"27/08/2026";"18:20:35"
"31/08/2026";"12:31:08";2026;2;"Eleição Ordinária";6259;"Eleições Gerais Estaduais 2026";"04/10/2026";"AM";"AM";"AMAZONAS";40002537618;4;21;"Veículo automotor terrestre: caminhão, automóvel, moto, etc.";"SD";"207000,00";"27/08/2026";"18:20:35"
"31/08/2026";"12:31:08";2026;2;"Eleição Ordinária";6259;"Eleições Gerais Estaduais 2026";"04/10/2026";"AM";"AM";"AMAZONAS";40002537618;3;12;"Casa";"PONTA NEGRA";"950000,00";"27/08/2026";"18:20:35"
"31/08/2026";"12:31:08";2026;2;"Eleição Ordinária";6259;"Eleições Gerais Estaduais 2026";"04/10/2026";"AM";"AM";"AMAZONAS";40002537620;1;32;"Quotas ou quinhões de capital";"PARTICIPAÇÃO SOCIETÁRIA";"1500000,00";"26/08/2026";"15:23:48"
"31/08/2026";"12:31:08";2026;2;"Eleição Ordinária";6259;"Eleições Gerais Estaduais 2026";"04/10/2026";"AM";"AM";"AMAZONAS";40002537620;2;59;"Outros créditos e poupança vinculados";"POUPANÇA";"265,15";"26/08/2026";"15:23:48"
"31/08/2026";"12:31:08";2026;2;"Eleição Ordinária";6259;"Eleições Gerais Estaduais 2026";"04/10/2026";"AM";"AM";"AMAZONAS";40002537620;3;49;"Outras aplicações e Investimentos";"BRADESCO";"443,85";"26/08/2026";"15:23:48"
"31/08/2026";"12:31:08";2026;2;"Eleição Ordinária";6259;"Eleições Gerais Estaduais 2026";"04/10/2026";"AM";"AM";"AMAZONAS";40002537621;1;12;"Casa";"CASA TEFÉ";"188937,25";"27/08/2026";"18:22:38"
"31/08/2026";"12:31:08";2026;2;"Eleição Ordinária";6259;"Eleições Gerais Estaduais 2026";"04/10/2026";"AM";"AM";"AMAZONAS";40002537621;3;13;"Terreno";"FONTE BOA - TEFÉ";"130000,00";"27/08/2026";"18:22:38"
"31/08/2026";"12:31:08";2026;2;"Eleição Ordinária";6259;"Eleições Gerais Estaduais 2026";"04/10/2026";"AM";"AM";"AMAZONAS";40002537621;4;13;"Terreno";"TEFÉ";"170000,00";"27/08/2026";"18:22:38"
"31/08/2026";"12:31:08";2026;2;"Eleição Ordinária";6259;"Eleições Gerais Estaduais 2026";"04/10/2026";"AM";"AM";"AMAZONAS";40002537621;2;63;"Dinheiro em espécie - moeda nacional";"ESPÉCIE";"300000,00";"27/08/2026";"18:22:38"
"31/08/2026";"12:31:08";2026;2;"Eleição Ordinária";6259;"Eleições Gerais Estaduais 2026";"04/10/2026";"AM";"AM";"AMAZONAS";40002537622;2;13;"Terreno";"CHÁCARA - IRANDUBA";"60000,00";"29/08/2026";"13:58:13"
"31/08/2026";"12:31:08";2026;2;"Eleição Ordinária";6259;"Eleições Gerais Estaduais 2026";"04/10/2026";"AM";"AM";"AMAZONAS";40002537622;1;21;"Veículo automotor terrestre: caminhão, automóvel, moto, etc.";"PICK UP NISSAN FRONTIER 2019/2020";"150000,00";"29/08/2026";"13:58:13"
"31/08/2026";"12:31:08";2026;2;"Eleição Ordinária";6259;"Eleições Gerais Estaduais 2026";"04/10/2026";"AM";"AM";"AMAZONAS";40002537622;3;21;"Veículo automotor terrestre: caminhão, automóvel, moto, etc.";"HYUNDAI";"90000,00";"29/08/2026";"13:58:13"
"31/08/2026";"12:31:08";2026;2;"Eleição Ordinária";6259;"Eleições Gerais Estaduais 2026";"04/10/2026";"AM";"AM";"AMAZONAS";40002537623;2;21;"Veículo automotor terrestre: caminhão, automóvel, moto, etc.";"PAJERO";"220000,00";"27/08/2026";"18:25:04"
"31/08/2026";"12:31:08";2026;2;"Eleição Ordinária";6259;"Eleições Gerais Estaduais 2026";"04/10/2026";"AM";"AM";"AMAZONAS";40002537625;1;21;"Veículo automotor terrestre: caminhão, automóvel, moto, etc.";"TOYOTA";"160000,00";"27/08/2026";"18:26:48"
"31/08/2026";"12:31:08";2026;2;"Eleição Ordinária";6259;"Eleições Gerais Estaduais 2026";"04/10/2026";"AM";"AM";"AMAZONAS";40002537623;1;12;"Casa";"CASA CIDADE NOVA";"400000,00";"27/08/2026";"18:25:04"
"31/08/2026";"12:31:08";2026;2;"Eleição Ordinária";6259;"Eleições Gerais Estaduais 2026";"04/10/2026";"AM";"AM";"AMAZONAS";40002537626;1;21;"Veículo automotor terrestre: caminhão, automóvel, moto, etc.";"TOYOTA";"243000,00";"26/08/2026";"15:27:37"
"31/08/2026";"12:31:08";2026;2;"Eleição Ordinária";6259;"Eleições Gerais Estaduais 2026";"04/10/2026";"AM";"AM";"AMAZONAS";40002537626;2;95;"Consórcio não contemplado";"BRADESCO";"58728,92";"26/08/2026";"15:27:37"
"31/08/2026";"12:31:08";2026;2;"Eleição Ordinária";6259;"Eleições Gerais Estaduais 2026";"04/10/2026";"AM";"AM";"AMAZONAS";40002537626;3;95;"Consórcio não contemplado";"COTA 363 E 37 - BRADESCO";"90184,83";"26/08/2026";"15:27:37"
"31/08/2026";"12:31:08";2026;2;"Eleição Ordinária";6259;"Eleições Gerais Estaduais 2026";"04/10/2026";"AM";"AM";"AMAZONAS";40002537626;4;12;"Casa";"PARQUE 10 DE NOVEMBRO";"487346,81";"26/08/2026";"15:27:37"
"31/08/2026";"12:31:08";2026;2;"Eleição Ordinária";6259;"Eleições Gerais Estaduais 2026";"04/10/2026";"AM";"AM";"AMAZONAS";40002537626;5;32;"Quotas ou quinhões de capital";"50% EMPRESA";"25000,00";"26/08/2026";"15:27:37"
"31/08/2026";"12:31:08";2026;2;"Eleição Ordinária";6259;"Eleições Gerais Estaduais 2026";"04/10/2026";"AM";"AM";"AMAZONAS";40002537626;6;45;"Aplicação de renda fixa (CDB, RDB e outros)";"CDB";"2096,70";"26/08/2026";"15:27:37"
"31/08/2026";"12:31:08";2026;2;"Eleição Ordinária";6259;"Eleições Gerais Estaduais 2026";"04/10/2026";"AM";"AM";"AMAZONAS";40002537626;8;12;"Casa";"BECO RIBEIRO - PQRQUE 10";"113617,73";"26/08/2026";"15:27:37"
"31/08/2026";"12:31:08";2026;2;"Eleição Ordinária";6259;"Eleições Gerais Estaduais 2026";"04/10/2026";"AM";"AM";"AMAZONAS";40002537626;7;12;"Casa";"STENIO - PARQUE 10";"44781,55";"26/08/2026";"15:27:37"
"31/08/2026";"12:31:08";2026;2;"Eleição Ordinária";6259;"Eleições Gerais Estaduais 2026";"04/10/2026";"AM";"AM";"AMAZONAS";40002537627;1;12;"Casa";"ALEIXO";"550000,00";"21/08/2026";"10:06:25"
"31/08/2026";"12:31:08";2026;2;"Eleição Ordinária";6259;"Eleições Gerais Estaduais 2026";"04/10/2026";"AM";"AM";"AMAZONAS";40002537627;2;61;"Depósito bancário em conta corrente no País";"BANCO 237";"4165,18";"21/08/2026";"10:06:25"
"31/08/2026";"12:31:08";2026;2;"Eleição Ordinária";6259;"Eleições Gerais Estaduais 2026";"04/10/2026";"AM";"AM";"AMAZONAS";40002537628;2;12;"Casa";"IRANDUBA";"700000,00";"28/08/2026";"17:10:30"
"31/08/2026";"12:31:08";2026;2;"Eleição Ordinária";6259;"Eleições Gerais Estaduais 2026";"04/10/2026";"AM";"AM";"AMAZONAS";40002537628;1;32;"Quotas ou quinhões de capital";"70% EMPRESA";"910000,00";"28/08/2026";"17:10:30"
"31/08/2026";"12:31:08";2026;2;"Eleição Ordinária";6259;"Eleições Gerais Estaduais 2026";"04/10/2026";"AM";"AM";"AMAZONAS";40002539046;1;21;"Veículo automotor terrestre: caminhão, automóvel, moto, etc.";"HIUNDAY HB-20 2014";"33780,00";"31/08/2026";"10:24:07"
"31/08/2026";"12:31:08";2026;2;"Eleição Ordinária";6259;"Eleições Gerais Estaduais 2026";"04/10/2026";"AM";"AM";"AMAZONAS";40002539046;2;74;"Fundos: Ações, Mútuos de Privatização, Invest. Empresas Emergentes, Invest.Participação e Invest. Índice Mercado";"FUNDOS DE INVESTIMENTO (AÇÕES, OURO) E CONTA CORRENTE";"37800,00";"31/08/2026";"10:24:07"
"31/08/2026";"12:31:08";2026;2;"Eleição Ordinária";6259;"Eleições Gerais Estaduais 2026";"04/10/2026";"AM";"AM";"AMAZONAS";40002539048;1;31;"Ações (inclusive as provenientes de linha telefônica)";"3 AÇÕES EMITIDAS PELA EMPRESA COMPANHIA DE SANEAMENTO DO PARANA SANEPAR (SANEPAR) CNPJ: 76.484.013/0001-45";"86,55";"31/08/2026";"10:19:59"
"31/08/2026";"12:31:08";2026;2;"Eleição Ordinária";6259;"Eleições Gerais Estaduais 2026";"04/10/2026";"AM";"AM";"AMAZONAS";40002539049;2;21;"Veículo automotor terrestre: caminhão, automóvel, moto, etc.";"GEELY EX2 2026";"129000,00";"31/08/2026";"10:11:55"
"31/08/2026";"12:31:08";2026;2;"Eleição Ordinária";6259;"Eleições Gerais Estaduais 2026";"04/10/2026";"AM";"AM";"AMAZONAS";40002539049;1;12;"Casa";"CASA DOIS PAVIMENTOS EM CONDOMINIO";"800000,00";"31/08/2026";"10:11:55"
"31/08/2026";"12:31:08";2026;2;"Eleição Ordinária";6259;"Eleições Gerais Estaduais 2026";"04/10/2026";"AM";"AM";"AMAZONAS";40002539048;2;31;"Ações (inclusive as provenientes de linha telefônica)";"3 AÇÕES EMITIDAS PELA EMPRESA BANCO DO BRASIL S.A CNPJ: 00.000.000/0001-91";"11,61";"31/08/2026";"10:19:59"
"31/08/2026";"12:31:08";2026;2;"Eleição Ordinária";6259;"Eleições Gerais Estaduais 2026";"04/10/2026";"AM";"AM";"AMAZONAS";40002539049;4;21;"Veículo automotor terrestre: caminhão, automóvel, moto, etc.";"HYUNDAI HB20S 2014";"25000,00";"31/08/2026";"10:11:55"
"31/08/2026";"12:31:08";2026;2;"Eleição Ordinária";6259;"Eleições Gerais Estaduais 2026";"04/10/2026";"AM";"AM";"AMAZONAS";40002539049;3;21;"Veículo automotor terrestre: caminhão, automóvel, moto, etc.";"NISSAN VERSA ADVANCED 2026";"108000,00";"31/08/2026";"10:11:55"
"31/08/2026";"12:31:08";2026;2;"Eleição Ordinária";6259;"Eleições Gerais Estaduais 2026";"04/10/2026";"AM";"AM";"AMAZONAS";40002539049;5;45;"Aplicação de renda fixa (CDB, RDB e outros)";"RENDA FIXA";"180000,00";"31/08/2026";"10:11:55"
"31/08/2026";"12:31:08";2026;2;"Eleição Ordinária";6259;"Eleições Gerais Estaduais 2026";"04/10/2026";"AM";"AM";"AMAZONAS";40002540479;2;21;"Veículo automotor terrestre: caminhão, automóvel, moto, etc.";"ONIX/PRATA-2025";"89000,00";"24/08/2026";"13:17:26"
"31/08/2026";"12:31:08";2026;2;"Eleição Ordinária";6259;"Eleições Gerais Estaduais 2026";"04/10/2026";"AM";"AM";"AMAZONAS";40002540480;1;11;"Apartamento";"APARTAMENTO FINANCIADO - R. SÃO JUDAS TADEU, FLORES";"290000,00";"23/08/2026";"14:27:59"
"31/08/2026";"12:31:08";2026;2;"Eleição Ordinária";6259;"Eleições Gerais Estaduais 2026";"04/10/2026";"AM";"AM";"AMAZONAS";40002540479;1;32;"Quotas ou quinhões de capital";"50% DAS QUOTAS DO CNPJ 41.450.452/0001-52";"50000,00";"24/08/2026";"13:17:26"
"31/08/2026";"12:31:08";2026;2;"Eleição Ordinária";6259;"Eleições Gerais Estaduais 2026";"04/10/2026";"AM";"AM";"AMAZONAS";40002540480;4;21;"Veículo automotor terrestre: caminhão, automóvel, moto, etc.";"VEICULO VOLKSWAGEM NICUS PLACA FINAL 06";"119000,00";"23/08/2026";"14:27:59"
"31/08/2026";"12:31:08";2026;2;"Eleição Ordinária";6259;"Eleições Gerais Estaduais 2026";"04/10/2026";"AM";"AM";"AMAZONAS";40002540480;3;21;"Veículo automotor terrestre: caminhão, automóvel, moto, etc.";"VEICULO VOLKSWAGEM GOL, PLACA FINAL 78";"42000,00";"23/08/2026";"14:27:59"
"31/08/2026";"12:31:08";2026;2;"Eleição Ordinária";6259;"Eleições Gerais Estaduais 2026";"04/10/2026";"AM";"AM";"AMAZONAS";40002540480;2;12;"Casa";"CASA FINANCIADA COND. RESERVA DOS PARQUES";"1700000,00";"23/08/2026";"14:27:59"
"31/08/2026";"12:31:08";2026;2;"Eleição Ordinária";6259;"Eleições Gerais Estaduais 2026";"04/10/2026";"AM";"AM";"AMAZONAS";40002540480;5;39;"Outras participações societárias";"QUOTAS DE EMP. ESCUDEIRO 25%";"25000,00";"23/08/2026";"14:27:59"
"31/08/2026";"12:31:08";2026;2;"Eleição Ordinária";6259;"Eleições Gerais Estaduais 2026";"04/10/2026";"AM";"AM";"AMAZONAS";40002540480;6;21;"Veículo automotor terrestre: caminhão, automóvel, moto, etc.";"VEICULO CHEVROLET CELTA, PLACA FINAL 71";"30000,00";"23/08/2026";"14:27:59"
"31/08/2026";"12:31:08";2026;2;"Eleição Ordinária";6259;"Eleições Gerais Estaduais 2026";"04/10/2026";"AM";"AM";"AMAZONAS";40002540481;1;41;"Caderneta de poupança";"POUPANÇA OURO BANCO DO BRASIL";"174490,31";"25/08/2026";"11:46:19"
"31/08/2026";"12:31:08";2026;2;"Eleição Ordinária";6259;"Eleições Gerais Estaduais 2026";"04/10/2026";"AM";"AM";"AMAZONAS";40002540481;2;21;"Veículo automotor terrestre: caminhão, automóvel, moto, etc.";"CHEVROLET S10 LTZ AN 2024/2025 COR AZUL";"230000,00";"25/08/2026";"11:46:19"
"31/08/2026";"12:31:08";2026;2;"Eleição Ordinária";6259;"Eleições Gerais Estaduais 2026";"04/10/2026";"AM";"AM";"AMAZONAS";40002540481;4;11;"Apartamento";"APARTAMENTO";"170000,00";"25/08/2026";"11:46:19"
"31/08/2026";"12:31:08";2026;2;"Eleição Ordinária";6259;"Eleições Gerais Estaduais 2026";"04/10/2026";"AM";"AM";"AMAZONAS";40002540481;3;12;"Casa";"CONDOMINIO VIVENDA VERDE";"27740,31";"25/08/2026";"11:46:19"
"31/08/2026";"12:31:08";2026;2;"Eleição Ordinária";6259;"Eleições Gerais Estaduais 2026";"04/10/2026";"AM";"AM";"AMAZONAS";40002540481;5;21;"Veículo automotor terrestre: caminhão, automóvel, moto, etc.";"JEEP MODELO WANGLER ANO 1996";"30000,00";"25/08/2026";"11:46:19"
"31/08/2026";"12:31:08";2026;2;"Eleição Ordinária";6259;"Eleições Gerais Estaduais 2026";"04/10/2026";"AM";"AM";"AMAZONAS";40002540481;6;49;"Outras aplicações e Investimentos";"LCA/LCA  ORIGINAL BANCO DO BRASIL";"11000,00";"25/08/2026";"11:46:19"
"31/08/2026";"12:31:08";2026;2;"Eleição Ordinária";6259;"Eleições Gerais Estaduais 2026";"04/10/2026";"AM";"AM";"AMAZONAS";40002540481;7;49;"Outras aplicações e Investimentos";"PLANO VGBL BRASILPREV";"2658514,29";"25/08/2026";"11:46:19"
"31/08/2026";"12:31:08";2026;2;"Eleição Ordinária";6259;"Eleições Gerais Estaduais 2026";"04/10/2026";"AM";"AM";"AMAZONAS";40002540481;10;49;"Outras aplicações e Investimentos";"BB RF REF DI PLUSA AGIL";"17430,37";"25/08/2026";"11:46:19"
"31/08/2026";"12:31:08";2026;2;"Eleição Ordinária";6259;"Eleições Gerais Estaduais 2026";"04/10/2026";"AM";"AM";"AMAZONAS";40002540481;8;49;"Outras aplicações e Investimentos";"BB CDC RENDE FACIL BANCO DO BRASIL";"4328,10";"25/08/2026";"11:46:19"
"31/08/2026";"12:31:08";2026;2;"Eleição Ordinária";6259;"Eleições Gerais Estaduais 2026";"04/10/2026";"AM";"AM";"AMAZONAS";40002540481;9;12;"Casa";"CASA COND. PARQUE RESIDENCIAS";"300000,00";"25/08/2026";"11:46:19"
"31/08/2026";"12:31:08";2026;2;"Eleição Ordinária";6259;"Eleições Gerais Estaduais 2026";"04/10/2026";"AM";"AM";"AMAZONAS";40002540481;11;21;"Veículo automotor terrestre: caminhão, automóvel, moto, etc.";"VEICULO MARCA TOYOTA MODELO HILUX ANO 2019/2019";"170000,00";"25/08/2026";"11:46:19"
"31/08/2026";"12:31:08";2026;2;"Eleição Ordinária";6259;"Eleições Gerais Estaduais 2026";"04/10/2026";"AM";"AM";"AMAZONAS";40002540481;12;21;"Veículo automotor terrestre: caminhão, automóvel, moto, etc.";"I/BYD SONG PLUS GS 2023/2024 CORE PRETA";"226944,00";"25/08/2026";"11:46:19"
"31/08/2026";"12:31:08";2026;2;"Eleição Ordinária";6259;"Eleições Gerais Estaduais 2026";"04/10/2026";"AM";"AM";"AMAZONAS";40002540481;13;11;"Apartamento";"APARTAMENTO";"170000,00";"25/08/2026";"11:46:19"
"31/08/2026";"12:31:08";2026;2;"Eleição Ordinária";6259;"Eleições Gerais Estaduais 2026";"04/10/2026";"AM";"AM";"AMAZONAS";40002540482;1;61;"Depósito bancário em conta corrente no País";"SALDO CONTA ITAU AGENCIA 0334 CONTA 73472-0";"4822,89";"29/08/2026";"13:48:57"
"31/08/2026";"12:31:08";2026;2;"Eleição Ordinária";6259;"Eleições Gerais Estaduais 2026";"04/10/2026";"AM";"AM";"AMAZONAS";40002540482;2;61;"Depósito bancário em conta corrente no País";"SALDO CONTA CAIXA AGENCIA 1549 CONTA 000828583571-3";"158,10";"29/08/2026";"13:48:57"
"31/08/2026";"12:31:08";2026;2;"Eleição Ordinária";6259;"Eleições Gerais Estaduais 2026";"04/10/2026";"AM";"AM";"AMAZONAS";40002540482;3;61;"Depósito bancário em conta corrente no País";"SALDO CONTA ITAU AGENCIA 0334 CONTA 73472-0";"4823,11";"29/08/2026";"13:48:57"
"31/08/2026";"12:31:08";2026;2;"Eleição Ordinária";6259;"Eleições Gerais Estaduais 2026";"04/10/2026";"AM";"AM";"AMAZONAS";40002540483;3;21;"Veículo automotor terrestre: caminhão, automóvel, moto, etc.";"CHEVROLET S10 LTDD4A";"160000,00";"23/08/2026";"14:34:46"
"31/08/2026";"12:31:08";2026;2;"Eleição Ordinária";6259;"Eleições Gerais Estaduais 2026";"04/10/2026";"AM";"AM";"AMAZONAS";40002540483;2;49;"Outras aplicações e Investimentos";"BB ESPELHO MULTIMERCADO CANVAS VECTOR FI EM COTAS DE FUNDO DE INVESTIMENTO";"3160,39";"23/08/2026";"14:34:46"
"31/08/2026";"12:31:08";2026;2;"Eleição Ordinária";6259;"Eleições Gerais Estaduais 2026";"04/10/2026";"AM";"AM";"AMAZONAS";40002540483;1;45;"Aplicação de renda fixa (CDB, RDB e outros)";"BB RENDA FIXA LONGO PRAZO TESOURO PREFIXADO FUNDO DE INVESTIMENTO";"736,94";"23/08/2026";"14:34:46"
"31/08/2026";"12:31:08";2026;2;"Eleição Ordinária";6259;"Eleições Gerais Estaduais 2026";"04/10/2026";"AM";"AM";"AMAZONAS";40002540483;6;21;"Veículo automotor terrestre: caminhão, automóvel, moto, etc.";"LAND ROVER DISCOVERY SPORT HSE";"169730,02";"23/08/2026";"14:34:46"
"31/08/2026";"12:31:08";2026;2;"Eleição Ordinária";6259;"Eleições Gerais Estaduais 2026";"04/10/2026";"AM";"AM";"AMAZONAS";40002540483;5;63;"Dinheiro em espécie - moeda nacional";"EM ESPECIE";"120000,00";"23/08/2026";"14:34:46"
"31/08/2026";"12:31:08";2026;2;"Eleição Ordinária";6259;"Eleições Gerais Estaduais 2026";"04/10/2026";"AM";"AM";"AMAZONAS";40002540483;4;45;"Aplicação de renda fixa (CDB, RDB e outros)";"BB RENDA FIXA REF LONGO PRAZO TESOURO INFLAÇÃO FUNDO DE INVESTIMENTO";"6796,11";"23/08/2026";"14:34:46"
"31/08/2026";"12:31:08";2026;2;"Eleição Ordinária";6259;"Eleições Gerais Estaduais 2026";"04/10/2026";"AM";"AM";"AMAZONAS";40002540483;7;61;"Depósito bancário em conta corrente no País";"SALDO CONTA BANCO DO BRASIL AGENCIA 1870 CC 763531-4";"12975,60";"23/08/2026";"14:34:46"
"31/08/2026";"12:31:08";2026;2;"Eleição Ordinária";6259;"Eleições Gerais Estaduais 2026";"04/10/2026";"AM";"AM";"AMAZONAS";40002540483;8;49;"Outras aplicações e Investimentos";"BB ESPELHO AÇOES TRIGONO DELPHOS INCOME FUNDO DE INVESTIMENTO EM COTAS DE FUNDOS DE INVESTIMENTO";"5594,00";"23/08/2026";"14:34:46"
"31/08/2026";"12:31:08";2026;2;"Eleição Ordinária";6259;"Eleições Gerais Estaduais 2026";"04/10/2026";"AM";"AM";"AMAZONAS";40002540483;9;45;"Aplicação de renda fixa (CDB, RDB e outros)";"BB RENDA FIXA ATIVA PLUS LONGO PRAZO FUNDO DE INVESTIMENTO EM COTAS DE FUNDO DE IVESTIMENTO";"42343,20";"23/08/2026";"14:34:46"
"31/08/2026";"12:31:08";2026;2;"Eleição Ordinária";6259;"Eleições Gerais Estaduais 2026";"04/10/2026";"AM";"AM";"AMAZONAS";40002540483;10;49;"Outras aplicações e Investimentos";"BB MULTIMERCADO MULTIGESTOR FIC FIF  RESPONSABILIDADE LTDA";"1787,59";"23/08/2026";"14:34:46"
"31/08/2026";"12:31:08";2026;2;"Eleição Ordinária";6259;"Eleições Gerais Estaduais 2026";"04/10/2026";"AM";"AM";"AMAZONAS";40002540483;12;11;"Apartamento";"APARTAMENTO";"140000,00";"23/08/2026";"14:34:46"
"31/08/2026";"12:31:08";2026;2;"Eleição Ordinária";6259;"Eleições Gerais Estaduais 2026";"04/10/2026";"AM";"AM";"AMAZONAS";40002540483;11;45;"Aplicação de renda fixa (CDB, RDB e outros)";"BB RENDA FIXA ATIVA REFERENCIADO DI 50 FUNDO DE INVESTIMENTO EM COTAS DE FUNDO DE IVESTIMENTO";"2341,34";"23/08/2026";"14:34:46"
"31/08/2026";"12:31:08";2026;2;"Eleição Ordinária";6259;"Eleições Gerais Estaduais 2026";"04/10/2026";"AM";"AM";"AMAZONAS";40002540483;13;61;"Depósito bancário em conta corrente no País";"SALDO CONTA BANCO DO BRASIL AGENCIA 1870 CC 5107635314";"515,66";"23/08/2026";"14:34:46"
"31/08/2026";"12:31:08";2026;2;"Eleição Ordinária";6259;"Eleições Gerais Estaduais 2026";"04/10/2026";"AM";"AM";"AMAZONAS";40002540483;14;61;"Depósito bancário em conta corrente no País";"SALDO CONTA CAIXA AGENCIA 2853 CC 0007992332556";"17615,37";"23/08/2026";"14:34:46"
"31/08/2026";"12:31:08";2026;2;"Eleição Ordinária";6259;"Eleições Gerais Estaduais 2026";"04/10/2026";"AM";"AM";"AMAZONAS";40002540483;15;61;"Depósito bancário em conta corrente no País";"SALDO CONTA INTER AGENCIA 0001 CC 16336050-2";"294,71";"23/08/2026";"14:34:46"
"31/08/2026";"12:31:08";2026;2;"Eleição Ordinária";6259;"Eleições Gerais Estaduais 2026";"04/10/2026";"AM";"AM";"AMAZONAS";40002540483;16;49;"Outras aplicações e Investimentos";"BB AÇOES FUNDO DE INVESTIMENTO CNPJ 30822936/0001-69";"11000,00";"23/08/2026";"14:34:46"
"31/08/2026";"12:31:08";2026;2;"Eleição Ordinária";6259;"Eleições Gerais Estaduais 2026";"04/10/2026";"AM";"AM";"AMAZONAS";40002540483;17;49;"Outras aplicações e Investimentos";"BB ESPELHO AÇOES BRASIL CAPITAL";"2000,00";"23/08/2026";"14:34:46"
"31/08/2026";"12:31:08";2026;2;"Eleição Ordinária";6259;"Eleições Gerais Estaduais 2026";"04/10/2026";"AM";"AM";"AMAZONAS";40002540483;18;45;"Aplicação de renda fixa (CDB, RDB e outros)";"BB RENDA FIXA REF DI PLUS AGIL FUNDO DE INVESTIMENTO";"184255,95";"23/08/2026";"14:34:46"
"31/08/2026";"12:31:08";2026;2;"Eleição Ordinária";6259;"Eleições Gerais Estaduais 2026";"04/10/2026";"AM";"AM";"AMAZONAS";40002540483;19;49;"Outras aplicações e Investimentos";"BB MULTIMERCADO OURO FUNDO DE INVESTIMENTO";"152191,76";"23/08/2026";"14:34:46"
"31/08/2026";"12:31:08";2026;2;"Eleição Ordinária";6259;"Eleições Gerais Estaduais 2026";"04/10/2026";"AM";"AM";"AMAZONAS";40002540483;20;45;"Aplicação de renda fixa (CDB, RDB e outros)";"BB RENDA FIXA ATIVA PLUS LONGO PRAZO HIGH FUNDO DE INVESTIMENTO EM COTAS DE FUNDO DE IVESTIMENTO";"11191,16";"23/08/2026";"14:34:46"
"31/08/2026";"12:31:08";2026;2;"Eleição Ordinária";6259;"Eleições Gerais Estaduais 2026";"04/10/2026";"AM";"AM";"AMAZONAS";40002540483;21;62;"Depósito bancário em conta corrente no exterior";"ECONOMIAS PESSOAIS";"112400,00";"23/08/2026";"14:34:46"
"31/08/2026";"12:31:08";2026;2;"Eleição Ordinária";6259;"Eleições Gerais Estaduais 2026";"04/10/2026";"AM";"AM";"AMAZONAS";40002540483;22;49;"Outras aplicações e Investimentos";"BB ESPELHO REGIA EQUILIBRIO FIC FIF IS RENDA FIXA";"10919,80";"23/08/2026";"14:34:46"
"31/08/2026";"12:31:08";2026;2;"Eleição Ordinária";6259;"Eleições Gerais Estaduais 2026";"04/10/2026";"AM";"AM";"AMAZONAS";40002540483;24;49;"Outras aplicações e Investimentos";"BB ESPELHO MULTIMERCADO ACE CAPITAL DE INVESTIMENTO";"2643,05";"23/08/2026";"14:34:46"
"31/08/2026";"12:31:08";2026;2;"Eleição Ordinária";6259;"Eleições Gerais Estaduais 2026";"04/10/2026";"AM";"AM";"AMAZONAS";40002540483;23;49;"Outras aplicações e Investimentos";"BB ESPELHO SULAMERICA CREDITO ASG FIC DE FIFI RENDA FIXA CREDITO IS RESPONSABILIDADE";"5422,84";"23/08/2026";"14:34:46"
"31/08/2026";"12:31:08";2026;2;"Eleição Ordinária";6259;"Eleições Gerais Estaduais 2026";"04/10/2026";"AM";"AM";"AMAZONAS";40002540483;25;49;"Outras aplicações e Investimentos";"BB ESPELHO AÇOES TRIGONO DELPHOS INCOME FUNDO DE INVESTIMENTO EM COTAS DE FUNDOS DE INVESTIMENTO";"5594,00";"23/08/2026";"14:34:46"
"31/08/2026";"12:31:08";2026;2;"Eleição Ordinária";6259;"Eleições Gerais Estaduais 2026";"04/10/2026";"AM";"AM";"AMAZONAS";40002540483;26;49;"Outras aplicações e Investimentos";"BB MULTIMERCADO LONGO PRAZO ARBITRAGEM  FUNDO DE INVESTIMENTO EM COTAS";"10633,68";"23/08/2026";"14:34:46"
"31/08/2026";"12:31:08";2026;2;"Eleição Ordinária";6259;"Eleições Gerais Estaduais 2026";"04/10/2026";"AM";"AM";"AMAZONAS";40002540483;27;45;"Aplicação de renda fixa (CDB, RDB e outros)";"VGBL";"200000,00";"23/08/2026";"14:34:46"
"31/08/2026";"12:31:08";2026;2;"Eleição Ordinária";6259;"Eleições Gerais Estaduais 2026";"04/10/2026";"AM";"AM";"AMAZONAS";40002540483;30;49;"Outras aplicações e Investimentos";"BB MULTIMERCADO MACRO LP FUNDO DE INVESTIMENTO EM COTAS DE FUNDO DE INVESTIMENTO";"1152,36";"23/08/2026";"14:34:46"
"31/08/2026";"12:31:08";2026;2;"Eleição Ordinária";6259;"Eleições Gerais Estaduais 2026";"04/10/2026";"AM";"AM";"AMAZONAS";40002540483;28;49;"Outras aplicações e Investimentos";"FUNDO DE INVESTIMENTO EM COTAS DE FUNDOS DE INVESTIMENTO";"43361,06";"23/08/2026";"14:34:46"
"31/08/2026";"12:31:08";2026;2;"Eleição Ordinária";6259;"Eleições Gerais Estaduais 2026";"04/10/2026";"AM";"AM";"AMAZONAS";40002540483;29;45;"Aplicação de renda fixa (CDB, RDB e outros)";"BB RENDA FIXA ATIVA PLUS LONGO PRAZO FUNDO DE INVESTIMENTO EM COTAS DE FUNDO DE INVESTIMENTO";"32475,35";"23/08/2026";"14:34:46"
"31/08/2026";"12:31:08";2026;2;"Eleição Ordinária";6259;"Eleições Gerais Estaduais 2026";"04/10/2026";"AM";"AM";"AMAZONAS";40002540483;31;49;"Outras aplicações e Investimentos";"BB AÇOES PETROBRAS FUNDO DE INVESTIMENTO";"2000,00";"23/08/2026";"14:34:46"
"31/08/2026";"12:31:08";2026;2;"Eleição Ordinária";6259;"Eleições Gerais Estaduais 2026";"04/10/2026";"AM";"AM";"AMAZONAS";40002540483;33;49;"Outras aplicações e Investimentos";"BB AÇÕES BOLSAS GLOBAIS ATIVO FIC FIF RESPONSABILIDADE LTDA";"1100,00";"23/08/2026";"14:34:46"
"31/08/2026";"12:31:08";2026;2;"Eleição Ordinária";6259;"Eleições Gerais Estaduais 2026";"04/10/2026";"AM";"AM";"AMAZONAS";40002540483;32;45;"Aplicação de renda fixa (CDB, RDB e outros)";"BB RENDA FIXA ULTRA HIGH FIC FIF CREDITO PRIVADO LONGO PRAZO RESPONSABILIDADE LIMITADA";"24005,08";"23/08/2026";"14:34:46"
"31/08/2026";"12:31:08";2026;2;"Eleição Ordinária";6259;"Eleições Gerais Estaduais 2026";"04/10/2026";"AM";"AM";"AMAZONAS";40002540483;36;49;"Outras aplicações e Investimentos";"BB AÇOES SETOR IMOBILIARIO FUNDO DE INVESTIMENTO EM COTAS DE FIF";"10000,00";"23/08/2026";"14:34:46"
"31/08/2026";"12:31:08";2026;2;"Eleição Ordinária";6259;"Eleições Gerais Estaduais 2026";"04/10/2026";"AM";"AM";"AMAZONAS";40002540483;35;49;"Outras aplicações e Investimentos";"BB AÇÕES EQUIDADE IS FUNDO DE INVESTIMENTO EM COTA DE FIF RESPONSABILIDADE LIMITADA";"2000,00";"23/08/2026";"14:34:46"
"31/08/2026";"12:31:08";2026;2;"Eleição Ordinária";6259;"Eleições Gerais Estaduais 2026";"04/10/2026";"AM";"AM";"AMAZONAS";40002540483;34;45;"Aplicação de renda fixa (CDB, RDB e outros)";"BB RENDA FIXA REF DI PLUS AGIL FUNDO DE INVESTIMENTO";"6081,01";"23/08/2026";"14:34:46"
"31/08/2026";"12:31:08";2026;2;"Eleição Ordinária";6259;"Eleições Gerais Estaduais 2026";"04/10/2026";"AM";"AM";"AMAZONAS";40002540484;1;21;"Veículo automotor terrestre: caminhão, automóvel, moto, etc.";"TOYOTA HILUX";"236430,00";"23/08/2026";"15:06:42"
"31/08/2026";"12:31:08";2026;2;"Eleição Ordinária";6259;"Eleições Gerais Estaduais 2026";"04/10/2026";"AM";"AM";"AMAZONAS";40002540483;37;49;"Outras aplicações e Investimentos";"BB AÇOES BOLSA BRASILEIRA FUNDO DE INVESTIMENTO EM COTAS FIFI RESPONSABILIDADE LTDA";"1206,00";"23/08/2026";"14:34:46"
"31/08/2026";"12:31:08";2026;2;"Eleição Ordinária";6259;"Eleições Gerais Estaduais 2026";"04/10/2026";"AM";"AM";"AMAZONAS";40002540484;2;45;"Aplicação de renda fixa (CDB, RDB e outros)";"CONTA POUPANÇA - BRANCO BRADESCO";"0,00";"23/08/2026";"15:06:42"
"31/08/2026";"12:31:08";2026;2;"Eleição Ordinária";6259;"Eleições Gerais Estaduais 2026";"04/10/2026";"AM";"AM";"AMAZONAS";40002540484;5;13;"Terreno";"TERRENO LOTE 03, QUADRA 02 - CENTRAL PARK QUARTA ETAPA PARQUE DAS LARANJEIRAS";"30000,00";"23/08/2026";"15:06:42"
"31/08/2026";"12:31:08";2026;2;"Eleição Ordinária";6259;"Eleições Gerais Estaduais 2026";"04/10/2026";"AM";"AM";"AMAZONAS";40002540484;4;21;"Veículo automotor terrestre: caminhão, automóvel, moto, etc.";"MOTO HARLEY-DAVIDSON FLHXSE";"120000,00";"23/08/2026";"15:06:42"
"31/08/2026";"12:31:08";2026;2;"Eleição Ordinária";6259;"Eleições Gerais Estaduais 2026";"04/10/2026";"AM";"AM";"AMAZONAS";40002540484;3;12;"Casa";"CASA NO LOTE 2378, CONDOMINIO RESIDENCIAL LARANJEIRAS";"500000,00";"23/08/2026";"15:06:42"
"31/08/2026";"12:31:08";2026;2;"Eleição Ordinária";6259;"Eleições Gerais Estaduais 2026";"04/10/2026";"AM";"AM";"AMAZONAS";40002540484;6;13;"Terreno";"TERRENO LOTE 05, QUADRA 02 - CENTRAL PARK QUARTA ETAPA PARQUE DAS LARANJEIRAS";"30000,00";"23/08/2026";"15:06:42"
"31/08/2026";"12:31:08";2026;2;"Eleição Ordinária";6259;"Eleições Gerais Estaduais 2026";"04/10/2026";"AM";"AM";"AMAZONAS";40002540484;7;13;"Terreno";"TERRENO LOTE 04, QUADRA 02 - CENTRAL PARK QUARTA ETAPA PARQUE DAS LARANJEIRAS";"30000,00";"23/08/2026";"15:06:42"
"31/08/2026";"12:31:08";2026;2;"Eleição Ordinária";6259;"Eleições Gerais Estaduais 2026";"04/10/2026";"AM";"AM";"AMAZONAS";40002540484;8;13;"Terreno";"TERRENO LOTE 07, QUADRA 02 - CENTRAL PARK QUARTA ETAPA PARQUE DAS LARANJEIRAS";"80000,00";"23/08/2026";"15:06:42"
"31/08/2026";"12:31:08";2026;2;"Eleição Ordinária";6259;"Eleições Gerais Estaduais 2026";"04/10/2026";"AM";"AM";"AMAZONAS";40002540484;9;24;"Bem relacionado com o exercício da atividade autônoma";"100% DA EMPRESA INDIVIDUA (UBIRAJARA ROSSES DO NASCIMENTO JUNIOR)";"80000,00";"23/08/2026";"15:06:42"
"31/08/2026";"12:31:08";2026;2;"Eleição Ordinária";6259;"Eleições Gerais Estaduais 2026";"04/10/2026";"AM";"AM";"AMAZONAS";40002540485;2;21;"Veículo automotor terrestre: caminhão, automóvel, moto, etc.";"BYD SEAL AWD GS 590EV";"276000,00";"23/08/2026";"15:05:29"
"31/08/2026";"12:31:08";2026;2;"Eleição Ordinária";6259;"Eleições Gerais Estaduais 2026";"04/10/2026";"AM";"AM";"AMAZONAS";40002540485;1;12;"Casa";"IMOVEL RESIDENCIAL";"1330000,00";"23/08/2026";"15:05:29"
"31/08/2026";"12:31:08";2026;2;"Eleição Ordinária";6259;"Eleições Gerais Estaduais 2026";"04/10/2026";"AM";"AM";"AMAZONAS";40002540485;4;45;"Aplicação de renda fixa (CDB, RDB e outros)";"Banco BRADESCO";"36000,00";"23/08/2026";"15:05:29"
"31/08/2026";"12:31:08";2026;2;"Eleição Ordinária";6259;"Eleições Gerais Estaduais 2026";"04/10/2026";"AM";"AM";"AMAZONAS";40002540485;5;45;"Aplicação de renda fixa (CDB, RDB e outros)";"Banco Daycoval";"48000,00";"23/08/2026";"15:05:29"
"31/08/2026";"12:31:08";2026;2;"Eleição Ordinária";6259;"Eleições Gerais Estaduais 2026";"04/10/2026";"AM";"AM";"AMAZONAS";40002540485;3;32;"Quotas ou quinhões de capital";"COTA 50% DE JETSKI SEADOO 130 GTI";"90000,00";"23/08/2026";"15:05:29"
"31/08/2026";"12:31:08";2026;2;"Eleição Ordinária";6259;"Eleições Gerais Estaduais 2026";"04/10/2026";"AM";"AM";"AMAZONAS";40002541584;1;21;"Veículo automotor terrestre: caminhão, automóvel, moto, etc.";"CAMINHAO  M  BENZ  PH0  9005";"150000,00";"26/08/2026";"16:31:26"
"31/08/2026";"12:31:08";2026;2;"Eleição Ordinária";6259;"Eleições Gerais Estaduais 2026";"04/10/2026";"AM";"AM";"AMAZONAS";40002540485;6;79;"Outros fundos";"TÍTULO PÚBLICO TESOURO SELIC 2013";"30000,00";"23/08/2026";"15:05:29"
"31/08/2026";"12:31:08";2026;2;"Eleição Ordinária";6259;"Eleições Gerais Estaduais 2026";"04/10/2026";"AM";"AM";"AMAZONAS";40002540485;7;41;"Caderneta de poupança";"Banco BRADESCO";"2055,00";"23/08/2026";"15:05:29"
"31/08/2026";"12:31:08";2026;2;"Eleição Ordinária";6259;"Eleições Gerais Estaduais 2026";"04/10/2026";"AM";"AM";"AMAZONAS";40002541584;3;21;"Veículo automotor terrestre: caminhão, automóvel, moto, etc.";"VEICULO  MODELO  SAVEIBO  PHK2814";"60000,00";"26/08/2026";"16:31:26"
"31/08/2026";"12:31:08";2026;2;"Eleição Ordinária";6259;"Eleições Gerais Estaduais 2026";"04/10/2026";"AM";"AM";"AMAZONAS";40002541586;1;12;"Casa";"CASA NA RUA SECUNDARIA V, N.14, QUADRA 281, CONJ.NOVA CIDADE. BAIPPO CIDADE NOVA.";"350000,00";"26/08/2026";"16:28:00"
"31/08/2026";"12:31:08";2026;2;"Eleição Ordinária";6259;"Eleições Gerais Estaduais 2026";"04/10/2026";"AM";"AM";"AMAZONAS";40002541584;2;32;"Quotas ou quinhões de capital";"DETENTOP  DE  100°/A  DO  CAPITAL  SOCIAL  DA  EMPRESA MAURO  TEIXEIPA PIRES  JUNIOR, CNPJ  40.974.554/0001-04";"30000,00";"26/08/2026";"16:31:26"
"31/08/2026";"12:31:08";2026;2;"Eleição Ordinária";6259;"Eleições Gerais Estaduais 2026";"04/10/2026";"AM";"AM";"AMAZONAS";40002541593;2;97;"VGBL - Vida Gerador de Benefício Livre";"PREMIO VGBL VIDA E PREVIDENCIA - BRADESCO";"387106,63";"27/08/2026";"11:26:21"
"31/08/2026";"12:31:08";2026;2;"Eleição Ordinária";6259;"Eleições Gerais Estaduais 2026";"04/10/2026";"AM";"AM";"AMAZONAS";40002541587;1;21;"Veículo automotor terrestre: caminhão, automóvel, moto, etc.";"PALIO FIRE 2011 - 2012 PLACA (NOT 3685)";"28000,00";"26/08/2026";"16:05:11"
"31/08/2026";"12:31:08";2026;2;"Eleição Ordinária";6259;"Eleições Gerais Estaduais 2026";"04/10/2026";"AM";"AM";"AMAZONAS";40002541593;1;11;"Apartamento";"APTO - COND CEARA CJ ELISA MIRANDA";"120000,00";"27/08/2026";"11:26:21"
"31/08/2026";"12:31:08";2026;2;"Eleição Ordinária";6259;"Eleições Gerais Estaduais 2026";"04/10/2026";"AM";"AM";"AMAZONAS";40002541593;4;19;"Outros bens imóveis";"CASA NO CONDOMINIO RESIDENCIAL HAIFA - (ESPOLIO DE LUIZ MANOEL SANTOS DE SOUZA)";"455000,00";"27/08/2026";"11:26:21"
"31/08/2026";"12:31:08";2026;2;"Eleição Ordinária";6259;"Eleições Gerais Estaduais 2026";"04/10/2026";"AM";"AM";"AMAZONAS";40002541593;5;21;"Veículo automotor terrestre: caminhão, automóvel, moto, etc.";"TOYOTA HILUX PRETA";"200000,00";"27/08/2026";"11:26:21"
"31/08/2026";"12:31:08";2026;2;"Eleição Ordinária";6259;"Eleições Gerais Estaduais 2026";"04/10/2026";"AM";"AM";"AMAZONAS";40002541593;3;41;"Caderneta de poupança";"POUPANÇA BANCO BRADESCO";"328321,81";"27/08/2026";"11:26:21"
"31/08/2026";"12:31:08";2026;2;"Eleição Ordinária";6259;"Eleições Gerais Estaduais 2026";"04/10/2026";"AM";"AM";"AMAZONAS";40002541593;6;39;"Outras participações societárias";"SOCIO QUOTISTA NA EMPRESA MOVELLI MOVEIS LTDA - CNPJ 10.901,625/0001-88";"69000,00";"27/08/2026";"11:26:21"
"31/08/2026";"12:31:08";2026;2;"Eleição Ordinária";6259;"Eleições Gerais Estaduais 2026";"04/10/2026";"AM";"AM";"AMAZONAS";40002541593;8;45;"Aplicação de renda fixa (CDB, RDB e outros)";"APLICAÇÃO DE RENDA FIXA CBD - BANCO BRADESCO";"100000,00";"27/08/2026";"11:26:21"
"31/08/2026";"12:31:08";2026;2;"Eleição Ordinária";6259;"Eleições Gerais Estaduais 2026";"04/10/2026";"AM";"AM";"AMAZONAS";40002541593;7;45;"Aplicação de renda fixa (CDB, RDB e outros)";"APLICAÇÃO RENDA FIXA BANCO SANTO ANDRE";"209714,20";"27/08/2026";"11:26:21"
"31/08/2026";"12:31:08";2026;2;"Eleição Ordinária";6259;"Eleições Gerais Estaduais 2026";"04/10/2026";"AM";"AM";"AMAZONAS";40002541593;10;99;"OUTROS BENS E DIREITOS";"MOTO AQUATICA JET SKY ANO 2021";"95000,00";"27/08/2026";"11:26:21"
"31/08/2026";"12:31:08";2026;2;"Eleição Ordinária";6259;"Eleições Gerais Estaduais 2026";"04/10/2026";"AM";"AM";"AMAZONAS";40002541593;9;19;"Outros bens imóveis";"LOTE RESIDENCIAL PARAISO SILVESTRE MUNICIPIO RIO PRETO DA EVA (ESPOLIO DE LUIZ MANOEL SANTOS DE SOUZA)";"25000,00";"27/08/2026";"11:26:21"
"31/08/2026";"12:31:08";2026;2;"Eleição Ordinária";6259;"Eleições Gerais Estaduais 2026";"04/10/2026";"AM";"AM";"AMAZONAS";40002541593;11;12;"Casa";"CASA NO COND. RESIDENCIAL ALTOS DE FLORES";"200000,00";"27/08/2026";"11:26:21"
"31/08/2026";"12:31:08";2026;2;"Eleição Ordinária";6259;"Eleições Gerais Estaduais 2026";"04/10/2026";"AM";"AM";"AMAZONAS";40002541593;12;3;"Galpão";"GALPAO CONSTRUIDO NOVO ALEIXO, IMOVEL FUNDIDO";"500000,00";"27/08/2026";"11:26:21"
"31/08/2026";"12:31:08";2026;2;"Eleição Ordinária";6259;"Eleições Gerais Estaduais 2026";"04/10/2026";"AM";"AM";"AMAZONAS";40002541593;14;45;"Aplicação de renda fixa (CDB, RDB e outros)";"CBD RENDE FACIL - BANCO DO BRASIL";"33354,93";"27/08/2026";"11:26:21"
"31/08/2026";"12:31:08";2026;2;"Eleição Ordinária";6259;"Eleições Gerais Estaduais 2026";"04/10/2026";"AM";"AM";"AMAZONAS";40002541593;13;45;"Aplicação de renda fixa (CDB, RDB e outros)";"APLICAÇÃO AUTOMATICA - BANCO INTER";"424,20";"27/08/2026";"11:26:21"
"31/08/2026";"12:31:08";2026;2;"Eleição Ordinária";6259;"Eleições Gerais Estaduais 2026";"04/10/2026";"AM";"AM";"AMAZONAS";40002541596;1;21;"Veículo automotor terrestre: caminhão, automóvel, moto, etc.";"VEICULO AUTOMOTOR, MARCA/MODELO VOLKSWAGEN FOX 1.6 GLL, COR BRANCA, ANO/MODELO 2012, PLACA OAD-8114, RENAVAM N9 00538885092";"30000,00";"27/08/2026";"11:30:13"
"31/08/2026";"12:31:08";2026;2;"Eleição Ordinária";6259;"Eleições Gerais Estaduais 2026";"04/10/2026";"AM";"AM";"AMAZONAS";40002541593;15;12;"Casa";"CASA NO COND. RES. RENAISSENCE";"600000,00";"27/08/2026";"11:26:21"
"31/08/2026";"12:31:08";2026;2;"Eleição Ordinária";6259;"Eleições Gerais Estaduais 2026";"04/10/2026";"AM";"AM";"AMAZONAS";40002541593;16;62;"Depósito bancário em conta corrente no exterior";"CONTAR INTER - GLOBAL INTERNACIONAL";"70443,18";"27/08/2026";"11:26:21"
"31/08/2026";"12:31:08";2026;2;"Eleição Ordinária";6259;"Eleições Gerais Estaduais 2026";"04/10/2026";"AM";"AM";"AMAZONAS";40002541599;3;99;"OUTROS BENS E DIREITOS";"CERTIFICADO DE RECEBIVEIS IMOBILIARIOS";"24320,71";"30/08/2026";"16:52:52"
"31/08/2026";"12:31:08";2026;2;"Eleição Ordinária";6259;"Eleições Gerais Estaduais 2026";"04/10/2026";"AM";"AM";"AMAZONAS";40002541599;2;61;"Depósito bancário em conta corrente no País";"DEPOSITO EM C/C -BLOQUEIO JUDICIAL";"745,00";"30/08/2026";"16:52:52"
"31/08/2026";"12:31:08";2026;2;"Eleição Ordinária";6259;"Eleições Gerais Estaduais 2026";"04/10/2026";"AM";"AM";"AMAZONAS";40002541599;1;79;"Outros fundos";"ERC TESOURO AMERICANO FUNDO DE INVESTIMENTO FINANCEIRO MULTIME";"11328,22";"30/08/2026";"16:52:52"
"31/08/2026";"12:31:08";2026;2;"Eleição Ordinária";6259;"Eleições Gerais Estaduais 2026";"04/10/2026";"AM";"AM";"AMAZONAS";40002541599;5;61;"Depósito bancário em conta corrente no País";"CERTIFICADO DEPOSITO BANCARIO";"61000,00";"30/08/2026";"16:52:52"
"31/08/2026";"12:31:08";2026;2;"Eleição Ordinária";6259;"Eleições Gerais Estaduais 2026";"04/10/2026";"AM";"AM";"AMAZONAS";40002541599;4;99;"OUTROS BENS E DIREITOS";"BOCAINA INC FIC FD IAC INV RF RL SUB A";"30914,85";"30/08/2026";"16:52:52"
"31/08/2026";"12:31:08";2026;2;"Eleição Ordinária";6259;"Eleições Gerais Estaduais 2026";"04/10/2026";"AM";"AM";"AMAZONAS";40002541599;6;49;"Outras aplicações e Investimentos";"LESTE RENDA BTS FUNDO DE INVESTIMENTO FINANCEITO MULTIMERCADO";"41212,32";"30/08/2026";"16:52:52"
"31/08/2026";"12:31:08";2026;2;"Eleição Ordinária";6259;"Eleições Gerais Estaduais 2026";"04/10/2026";"AM";"AM";"AMAZONAS";40002541599;8;49;"Outras aplicações e Investimentos";"WESTERN ASSET HIGH GRADE ONE FUNDO DE INVESTIMENTO EM COTAS";"30000,00";"30/08/2026";"16:52:52"
"31/08/2026";"12:31:08";2026;2;"Eleição Ordinária";6259;"Eleições Gerais Estaduais 2026";"04/10/2026";"AM";"AM";"AMAZONAS";40002541599;7;73;"Fundo de Investimento Imobiliário";"BRASIL ENERGIA FUNDO DE INVESTIMENTO IMOBILIARIO";"30000,00";"30/08/2026";"16:52:52"
"31/08/2026";"12:31:08";2026;2;"Eleição Ordinária";6259;"Eleições Gerais Estaduais 2026";"04/10/2026";"AM";"AM";"AMAZONAS";40002541599;9;45;"Aplicação de renda fixa (CDB, RDB e outros)";"CDB -SALDO REMUNERADO";"3073,23";"30/08/2026";"16:52:52"
"31/08/2026";"12:31:08";2026;2;"Eleição Ordinária";6259;"Eleições Gerais Estaduais 2026";"04/10/2026";"AM";"AM";"AMAZONAS";40002541599;11;61;"Depósito bancário em conta corrente no País";"BANCO ITAU UNIBANCO S.A. -PIDB/CDB";"1185,26";"30/08/2026";"16:52:52"
"31/08/2026";"12:31:08";2026;2;"Eleição Ordinária";6259;"Eleições Gerais Estaduais 2026";"04/10/2026";"AM";"AM";"AMAZONAS";40002541599;10;99;"OUTROS BENS E DIREITOS";"TESOURO IPCA (NTN-B)";"105656,53";"30/08/2026";"16:52:52"
"31/08/2026";"12:31:08";2026;2;"Eleição Ordinária";6259;"Eleições Gerais Estaduais 2026";"04/10/2026";"AM";"AM";"AMAZONAS";40002541599;12;74;"Fundos: Ações, Mútuos de Privatização, Invest. Empresas Emergentes, Invest.Participação e Invest. Índice Mercado";"PORTO SEGURO FUNDO DE INVESTIMENTO FINANCEIRRO RENDA FIXA FREFENCIADO DI CRED PRIV RESP LIMITADA";"14612,00";"30/08/2026";"16:52:52"
"31/08/2026";"12:31:08";2026;2;"Eleição Ordinária";6259;"Eleições Gerais Estaduais 2026";"04/10/2026";"AM";"AM";"AMAZONAS";40002541599;13;61;"Depósito bancário em conta corrente no País";"DEPOSITO BANCARIO EM CONTA CORRENTE NO PAIS";"172,84";"30/08/2026";"16:52:52"
"31/08/2026";"12:31:08";2026;2;"Eleição Ordinária";6259;"Eleições Gerais Estaduais 2026";"04/10/2026";"AM";"AM";"AMAZONAS";40002541599;14;49;"Outras aplicações e Investimentos";"MODE PLUS FUNDO DE INVESTIMENTO EM COTAS DE FUNDOS DE INVESTIM";"35000,00";"30/08/2026";"16:52:52"
"31/08/2026";"12:31:08";2026;2;"Eleição Ordinária";6259;"Eleições Gerais Estaduais 2026";"04/10/2026";"AM";"AM";"AMAZONAS";40002541599;15;32;"Quotas ou quinhões de capital";"ARZ ALPINE BAIN CAPITAL PRIVATE CREDIT FI FINANCEIRO EM COTAS";"31397,67";"30/08/2026";"16:52:52"
"31/08/2026";"12:31:08";2026;2;"Eleição Ordinária";6259;"Eleições Gerais Estaduais 2026";"04/10/2026";"AM";"AM";"AMAZONAS";40002541599;17;99;"OUTROS BENS E DIREITOS";"CERTIFICADO DE RECEB VEIS DO AGFIONEGOCIO";"46525,24";"30/08/2026";"16:52:52"
"31/08/2026";"12:31:08";2026;2;"Eleição Ordinária";6259;"Eleições Gerais Estaduais 2026";"04/10/2026";"AM";"AM";"AMAZONAS";40002541599;18;99;"OUTROS BENS E DIREITOS";"MAPRE CONFIANZA DI FFIRFREF CRPR";"46630,51";"30/08/2026";"16:52:52"
"31/08/2026";"12:31:08";2026;2;"Eleição Ordinária";6259;"Eleições Gerais Estaduais 2026";"04/10/2026";"AM";"AM";"AMAZONAS";40002541599;16;99;"OUTROS BENS E DIREITOS";"RBR INFRA CREDITO PRE FIP INFRA RESP LTDA";"30000,00";"30/08/2026";"16:52:52"
"31/08/2026";"12:31:08";2026;2;"Eleição Ordinária";6259;"Eleições Gerais Estaduais 2026";"04/10/2026";"AM";"AM";"AMAZONAS";40002541601;1;61;"Depósito bancário em conta corrente no País";"INFORMADO POR CNPJ 00.000.000/0001-91";"0,54";"24/08/2026";"19:51:02"
"31/08/2026";"12:31:08";2026;2;"Eleição Ordinária";6259;"Eleições Gerais Estaduais 2026";"04/10/2026";"AM";"AM";"AMAZONAS";40002541599;19;49;"Outras aplicações e Investimentos";"EV ENERGIA FUNDO DE INVESTIMENTO EM COTAS DE FUNDOS DE INVESTL";"1140,70";"30/08/2026";"16:52:52"
"31/08/2026";"12:31:08";2026;2;"Eleição Ordinária";6259;"Eleições Gerais Estaduais 2026";"04/10/2026";"AM";"AM";"AMAZONAS";40002541601;2;41;"Caderneta de poupança";"BRADESCO BANCO 237 AGÊNCIA 3726 CONTA 110454-3";"0,00";"24/08/2026";"19:51:02"
"31/08/2026";"12:31:08";2026;2;"Eleição Ordinária";6259;"Eleições Gerais Estaduais 2026";"04/10/2026";"AM";"AM";"AMAZONAS";40002541602;3;39;"Outras participações societárias";"PARTICIPACAO NA EMPF`ESA FELIX FEF]REIFIA E ADVOGADOS ASSOCIADOS";"100000,00";"27/08/2026";"11:32:09"
"31/08/2026";"12:31:08";2026;2;"Eleição Ordinária";6259;"Eleições Gerais Estaduais 2026";"04/10/2026";"AM";"AM";"AMAZONAS";40002541602;1;61;"Depósito bancário em conta corrente no País";"CONTA COBPIENTE VGBL";"463,05";"27/08/2026";"11:32:09"
"31/08/2026";"12:31:08";2026;2;"Eleição Ordinária";6259;"Eleições Gerais Estaduais 2026";"04/10/2026";"AM";"AM";"AMAZONAS";40002541602;2;15;"Sala ou conjunto";"SALA COMERCIAL NO ELIZAMMANDA MALL -AV 8UFHTI - SALA 123 BL A";"181000,00";"27/08/2026";"11:32:09"
"31/08/2026";"12:31:08";2026;2;"Eleição Ordinária";6259;"Eleições Gerais Estaduais 2026";"04/10/2026";"AM";"AM";"AMAZONAS";40002541602;6;11;"Apartamento";"APTO NO EMPRENDIMENTO SMAF`T F`ESIDENCE DOWNTONW- AV JOAQUIN NABUC0 APTO UL412 CENTBO -FINANCIADO PELO 88 CF`EDITO IMOBILIAFLLO -AQUISICAO CNPJ 07.587,384 /0001 -30";"436000,00";"27/08/2026";"11:32:09"
"31/08/2026";"12:31:08";2026;2;"Eleição Ordinária";6259;"Eleições Gerais Estaduais 2026";"04/10/2026";"AM";"AM";"AMAZONAS";40002541602;4;41;"Caderneta de poupança";"POUPANCA OUBO";"60000,10";"27/08/2026";"11:32:09"
"31/08/2026";"12:31:08";2026;2;"Eleição Ordinária";6259;"Eleições Gerais Estaduais 2026";"04/10/2026";"AM";"AM";"AMAZONAS";40002541602;5;15;"Sala ou conjunto";"SALA COMEPCIAL NO FOBUM BUSINESS CENTEP.";"377906,24";"27/08/2026";"11:32:09"
"31/08/2026";"12:31:08";2026;2;"Eleição Ordinária";6259;"Eleições Gerais Estaduais 2026";"04/10/2026";"AM";"AM";"AMAZONAS";40002541606;1;74;"Fundos: Ações, Mútuos de Privatização, Invest. Empresas Emergentes, Invest.Participação e Invest. Índice Mercado";"50% DE PARTICIPACAO CAPTAL EMPRESA PROCYON";"30000,00";"18/08/2026";"21:22:30"
"31/08/2026";"12:31:08";2026;2;"Eleição Ordinária";6259;"Eleições Gerais Estaduais 2026";"04/10/2026";"AM";"AM";"AMAZONAS";40002541606;3;12;"Casa";"CASA RESIDENCIAL INTEGRADO PONTA NEGRA";"440088,07";"18/08/2026";"21:22:30"
"31/08/2026";"12:31:08";2026;2;"Eleição Ordinária";6259;"Eleições Gerais Estaduais 2026";"04/10/2026";"AM";"AM";"AMAZONAS";40002541606;2;45;"Aplicação de renda fixa (CDB, RDB e outros)";"BRADESCO APLICAÇÕES";"20199,80";"18/08/2026";"21:22:30"
"31/08/2026";"12:31:08";2026;2;"Eleição Ordinária";6259;"Eleições Gerais Estaduais 2026";"04/10/2026";"AM";"AM";"AMAZONAS";40002541606;4;13;"Terreno";"LOTE DE TERRA NO LOTEAMENTO CHACARAS RIO NEGRO";"74970,00";"18/08/2026";"21:22:30"
"31/08/2026";"12:31:08";2026;2;"Eleição Ordinária";6259;"Eleições Gerais Estaduais 2026";"04/10/2026";"AM";"AM";"AMAZONAS";40002541606;5;79;"Outros fundos";"FINANCIAMENTO CAIXA ECONOMICA CONTRATO 144440308723-9";"333851,16";"18/08/2026";"21:22:30"
"31/08/2026";"12:31:08";2026;2;"Eleição Ordinária";6259;"Eleições Gerais Estaduais 2026";"04/10/2026";"AM";"AM";"AMAZONAS";40002541606;6;73;"Fundo de Investimento Imobiliário";"FINANCIAMENTO CASA RESIDENCIAL INTEGRADO PONTA NEGRA";"76674,54";"18/08/2026";"21:22:30"
"31/08/2026";"12:31:08";2026;2;"Eleição Ordinária";6259;"Eleições Gerais Estaduais 2026";"04/10/2026";"AM";"AM";"AMAZONAS";40002541607;2;21;"Veículo automotor terrestre: caminhão, automóvel, moto, etc.";"CARRO ANO 24/25 MODELO VIRTUS";"119000,00";"26/08/2026";"17:07:36"
"31/08/2026";"12:31:08";2026;2;"Eleição Ordinária";6259;"Eleições Gerais Estaduais 2026";"04/10/2026";"AM";"AM";"AMAZONAS";40002541607;1;11;"Apartamento";"01 APARTAMENTO LOCALIZADO NO CEP 69036042";"600000,00";"26/08/2026";"17:07:36"
"31/08/2026";"12:31:08";2026;2;"Eleição Ordinária";6259;"Eleições Gerais Estaduais 2026";"04/10/2026";"AM";"AM";"AMAZONAS";40002541609;1;74;"Fundos: Ações, Mútuos de Privatização, Invest. Empresas Emergentes, Invest.Participação e Invest. Índice Mercado";"FUNDO DE INVESTIMENTOS BTG PACTUAL CONTA 00249804-9";"5066,99";"30/08/2026";"16:50:58"
"31/08/2026";"12:31:08";2026;2;"Eleição Ordinária";6259;"Eleições Gerais Estaduais 2026";"04/10/2026";"AM";"AM";"AMAZONAS";40002541609;3;99;"OUTROS BENS E DIREITOS";"CONTA CORRENTE CAIXA ECONOMICA AG.0020-8 CONTA 599035294-4";"0,99";"30/08/2026";"16:50:58"
"31/08/2026";"12:31:08";2026;2;"Eleição Ordinária";6259;"Eleições Gerais Estaduais 2026";"04/10/2026";"AM";"AM";"AMAZONAS";40002541609;4;99;"OUTROS BENS E DIREITOS";"CONTA CORRENTE BANCO BTG PACTUAL";"97,69";"30/08/2026";"16:50:58"
"31/08/2026";"12:31:08";2026;2;"Eleição Ordinária";6259;"Eleições Gerais Estaduais 2026";"04/10/2026";"AM";"AM";"AMAZONAS";40002541609;2;74;"Fundos: Ações, Mútuos de Privatização, Invest. Empresas Emergentes, Invest.Participação e Invest. Índice Mercado";"FUNDO DE INVESTIMENTOS TRIGOPHOS INCONE CONTA 00249804-9";"5250,73";"30/08/2026";"16:50:58"
"31/08/2026";"12:31:08";2026;2;"Eleição Ordinária";6259;"Eleições Gerais Estaduais 2026";"04/10/2026";"AM";"AM";"AMAZONAS";40002541609;6;49;"Outras aplicações e Investimentos";"APLICAÇÃO FINANCEIRA BANCO BPG PACTUAL";"1001,56";"30/08/2026";"16:50:58"
"31/08/2026";"12:31:08";2026;2;"Eleição Ordinária";6259;"Eleições Gerais Estaduais 2026";"04/10/2026";"AM";"AM";"AMAZONAS";40002541609;5;74;"Fundos: Ações, Mútuos de Privatização, Invest. Empresas Emergentes, Invest.Participação e Invest. Índice Mercado";"FUNDO MULTIREMUNERADO LEI 14.754/2023 CONTA 00249804-9";"2743,46";"30/08/2026";"16:50:58"
"31/08/2026";"12:31:08";2026;2;"Eleição Ordinária";6259;"Eleições Gerais Estaduais 2026";"04/10/2026";"AM";"AM";"AMAZONAS";40002541609;7;74;"Fundos: Ações, Mútuos de Privatização, Invest. Empresas Emergentes, Invest.Participação e Invest. Índice Mercado";"FUNDO DE INVESTIMENTOS BTG PACTUAL CONTA 00249804-9";"1836,66";"30/08/2026";"16:50:58"
"31/08/2026";"12:31:08";2026;2;"Eleição Ordinária";6259;"Eleições Gerais Estaduais 2026";"04/10/2026";"AM";"AM";"AMAZONAS";40002541610;3;21;"Veículo automotor terrestre: caminhão, automóvel, moto, etc.";"TRATOR DE RODAS|FAMILIA RETROESCAVADEIRA|SERIE AH30168|ESPECIE TRACAO|FINAME 3677865|RENAVAM 30168|POTENCIA 97.00|CILINDRADA 4|N.PASSAGEIROS L|MARCA NEW HOLLAND CONSTRUCTION|COMBUSTIVEL";"350000,00";"26/08/2026";"17:14:19"
"31/08/2026";"12:31:08";2026;2;"Eleição Ordinária";6259;"Eleições Gerais Estaduais 2026";"04/10/2026";"AM";"AM";"AMAZONAS";40002541610;2;21;"Veículo automotor terrestre: caminhão, automóvel, moto, etc.";"VEICULO VWITCROSS CL TSI AD ANO 2021/2021 COR PRATA PLACA QZFOG06 GASOLINA/ALCOOL. ADQUIRIDO DE MAVEL RZD COMERCIO DE VEICULOS LTDA, CNPJ 09.247.550/0001 -84 A";"98084,00";"26/08/2026";"17:14:19"
"31/08/2026";"12:31:08";2026;2;"Eleição Ordinária";6259;"Eleições Gerais Estaduais 2026";"04/10/2026";"AM";"AM";"AMAZONAS";40002541610;1;11;"Apartamento";"UM APTO SITUADO NA RUA MARQUES DE CARAVELAS SN LOTE LARANJEIRAS, MANAUS AM REGISTRADO NO CARTORIO DO PRIMEIRO OFICIO DE REGISTRO DE LMOVEIS DE MANAUS, MATRICULA 54.047 LIVRO 2 RG COM AREA";"200000,00";"26/08/2026";"17:14:19"
"31/08/2026";"12:31:08";2026;2;"Eleição Ordinária";6259;"Eleições Gerais Estaduais 2026";"04/10/2026";"AM";"AM";"AMAZONAS";40002541610;4;23;"Embarcação";"LANCHA MARCA SUZUKI MOTOR DE POPA 250HP, 4T, ELETRICO, A GASOLINA, MODELO DF250TX E SEUS ACESSORIOS, MARCA SUZUKI EMBARCACAO EM ALUMINIO TIPO V AX DE 8M DE COMPRIMENTO POR 2 30M DE B0CA";"115000,00";"26/08/2026";"17:14:19"
"31/08/2026";"12:31:08";2026;2;"Eleição Ordinária";6259;"Eleições Gerais Estaduais 2026";"04/10/2026";"AM";"AM";"AMAZONAS";40002541613;1;41;"Caderneta de poupança";"INFORMADO POR CNPJ 04.902.979/0001-44 BANCO: 003 AGÊNCIA: 0031 CONTA: 858-1";"1569,16";"26/08/2026";"18:23:32"
"31/08/2026";"12:31:08";2026;2;"Eleição Ordinária";6259;"Eleições Gerais Estaduais 2026";"04/10/2026";"AM";"AM";"AMAZONAS";40002541613;2;63;"Dinheiro em espécie - moeda nacional";"DINHEIRO EM ESPECIE SOB GUARDA";"80000,00";"26/08/2026";"18:23:32"
"31/08/2026";"12:31:08";2026;2;"Eleição Ordinária";6259;"Eleições Gerais Estaduais 2026";"04/10/2026";"AM";"AM";"AMAZONAS";40002541613;3;12;"Casa";"CASA EM ALVENARIA 72 M²";"100000,00";"26/08/2026";"18:23:32"
"31/08/2026";"12:31:08";2026;2;"Eleição Ordinária";6259;"Eleições Gerais Estaduais 2026";"04/10/2026";"AM";"AM";"AMAZONAS";40002541613;4;32;"Quotas ou quinhões de capital";"100% DE CAPITAL SOCIAL DE UMA EMPRESA LTDA - PAULO JOSE BATISTA ALMEIDA ME CNPJ: 03.723.008/0002-55";"500000,00";"26/08/2026";"18:23:32"
"31/08/2026";"12:31:08";2026;2;"Eleição Ordinária";6259;"Eleições Gerais Estaduais 2026";"04/10/2026";"AM";"AM";"AMAZONAS";40002541613;5;32;"Quotas ou quinhões de capital";"100% DO CAPITAL SOCIAL DE UMA EMPRESA LTDA - PP COMERCIO DE COMBUSTIVEIS E LUBRIFICANTES LTDA CNPJ: 27.880.204/0001-10";"400000,00";"26/08/2026";"18:23:32"
"31/08/2026";"12:31:08";2026;2;"Eleição Ordinária";6259;"Eleições Gerais Estaduais 2026";"04/10/2026";"AM";"AM";"AMAZONAS";40002541613;7;61;"Depósito bancário em conta corrente no País";"INFORMADO POR CNPJ 00.000.000/0001-91 BANCO: 001 AGÊNCIA: 0947 CONTA: 23903-8";"14329,11";"26/08/2026";"18:23:32"
"31/08/2026";"12:31:08";2026;2;"Eleição Ordinária";6259;"Eleições Gerais Estaduais 2026";"04/10/2026";"AM";"AM";"AMAZONAS";40002541613;6;32;"Quotas ou quinhões de capital";"100% DE CAPITAL SOCIAL DE UMA EMPRESA INDIVIDUAL - PAULO JOSE BATISTA ALMEIDA ME CNPJ: 03.723.008/0001-74";"1000000,00";"26/08/2026";"18:23:32"
"31/08/2026";"12:31:08";2026;2;"Eleição Ordinária";6259;"Eleições Gerais Estaduais 2026";"04/10/2026";"AM";"AM";"AMAZONAS";40002541613;8;32;"Quotas ou quinhões de capital";"100% DO CAPITAL SOCIAL DE UMA EMPRESA LTDA - P J BATISTA ALMEIDA LTDA CNPJ: 38.708.173/0001-31";"250000,00";"26/08/2026";"18:23:32"
"31/08/2026";"12:31:08";2026;2;"Eleição Ordinária";6259;"Eleições Gerais Estaduais 2026";"04/10/2026";"AM";"AM";"AMAZONAS";40002541613;11;61;"Depósito bancário em conta corrente no País";"INFORMADO POR CNPJ 00.360.305/0001-04 BANCO: 104 AGÊNCIA: 3468 CONTA: 000587242315-9";"4745,59";"26/08/2026";"18:23:32"
"31/08/2026";"12:31:08";2026;2;"Eleição Ordinária";6259;"Eleições Gerais Estaduais 2026";"04/10/2026";"AM";"AM";"AMAZONAS";40002541613;9;61;"Depósito bancário em conta corrente no País";"INFORMADO POR CNPJ 00.000.000/0001-91 BANCO: 001 AGÊNCIA: 0947 CONTA: 4500023903-8";"128750,26";"26/08/2026";"18:23:32"
"31/08/2026";"12:31:08";2026;2;"Eleição Ordinária";6259;"Eleições Gerais Estaduais 2026";"04/10/2026";"AM";"AM";"AMAZONAS";40002541613;10;32;"Quotas ou quinhões de capital";"100% DE CAPITAL SOCIAL DE UMA EMPRESA LTDA - PAULO JOSE BATISTA ALMEIDA ME CNPJ: 03.723.008/0004-17";"500000,00";"26/08/2026";"18:23:32"
"31/08/2026";"12:31:08";2026;2;"Eleição Ordinária";6259;"Eleições Gerais Estaduais 2026";"04/10/2026";"AM";"AM";"AMAZONAS";40002541613;13;13;"Terreno";"LOTE DE TERRA ÁREA 160,00 M²";"14850,00";"26/08/2026";"18:23:32"
"31/08/2026";"12:31:08";2026;2;"Eleição Ordinária";6259;"Eleições Gerais Estaduais 2026";"04/10/2026";"AM";"AM";"AMAZONAS";40002541613;12;13;"Terreno";"LOTE DE TERRA 300,00 M²";"26200,00";"26/08/2026";"18:23:32"
"31/08/2026";"12:31:08";2026;2;"Eleição Ordinária";6259;"Eleições Gerais Estaduais 2026";"04/10/2026";"AM";"AM";"AMAZONAS";40002541613;14;11;"Apartamento";"APARTAMENTO EM ALVENARIA 169,2 M²";"50000,00";"26/08/2026";"18:23:32"
"31/08/2026";"12:31:08";2026;2;"Eleição Ordinária";6259;"Eleições Gerais Estaduais 2026";"04/10/2026";"AM";"AM";"AMAZONAS";40002541613;16;13;"Terreno";"LOTE DE TERRA 300,00 M²";"26200,00";"26/08/2026";"18:23:32"
"31/08/2026";"12:31:08";2026;2;"Eleição Ordinária";6259;"Eleições Gerais Estaduais 2026";"04/10/2026";"AM";"AM";"AMAZONAS";40002541613;15;32;"Quotas ou quinhões de capital";"100% DO CAPITAL SOCIAL DE UMA EMPRESA LTDA - PJB COMERCIO DE COMBUSTIVEIS GLP E LUBRIFICANTES LTDA CNPJ: 29.423.780/0001-64";"200000,00";"26/08/2026";"18:23:32"
"31/08/2026";"12:31:08";2026;2;"Eleição Ordinária";6259;"Eleições Gerais Estaduais 2026";"04/10/2026";"AM";"AM";"AMAZONAS";40002541613;17;32;"Quotas ou quinhões de capital";"100% DO CAPITAL SOCIAL DE UMA EMPRESA LTDA - P J BATISTA ALMEIDA LTDA CNPJ: 39.593.166/0001-02";"250000,00";"26/08/2026";"18:23:32"
"31/08/2026";"12:31:08";2026;2;"Eleição Ordinária";6259;"Eleições Gerais Estaduais 2026";"04/10/2026";"AM";"AM";"AMAZONAS";40002541614;1;61;"Depósito bancário em conta corrente no País";"SALDO SALARIO BANCO: 237 AGÊNCIA: 1999 CONTA: 0143082-3";"100,00";"27/08/2026";"11:27:51"
"31/08/2026";"12:31:08";2026;2;"Eleição Ordinária";6259;"Eleições Gerais Estaduais 2026";"04/10/2026";"AM";"AM";"AMAZONAS";40002541615;1;11;"Apartamento";"APTO JARDIM PARADISO GIRASSOL N 303 BL 37";"174000,00";"27/08/2026";"11:33:06"
"31/08/2026";"12:31:08";2026;2;"Eleição Ordinária";6259;"Eleições Gerais Estaduais 2026";"04/10/2026";"AM";"AM";"AMAZONAS";40002541615;2;12;"Casa";"CASA SITUADA NA RUA GUARAQUEÇABA ANTIGA RUA 4 N.16 QUADRA 10 CEP 69.097-771 CIDADE NOVA 1";"200000,00";"27/08/2026";"11:33:06"
"31/08/2026";"12:31:08";2026;2;"Eleição Ordinária";6259;"Eleições Gerais Estaduais 2026";"04/10/2026";"AM";"AM";"AMAZONAS";40002541615;5;99;"OUTROS BENS E DIREITOS";"UM EQUIPAMENTO DE SOM PARA PROPAGANDA VOLANTE";"3000,00";"27/08/2026";"11:33:06"
"31/08/2026";"12:31:08";2026;2;"Eleição Ordinária";6259;"Eleições Gerais Estaduais 2026";"04/10/2026";"AM";"AM";"AMAZONAS";40002541615;3;99;"OUTROS BENS E DIREITOS";"UMA CAIXA DE SOM AMPLIFICADA ACÚSTICA JBL PROFISSIONAL";"2300,00";"27/08/2026";"11:33:06"
"31/08/2026";"12:31:08";2026;2;"Eleição Ordinária";6259;"Eleições Gerais Estaduais 2026";"04/10/2026";"AM";"AM";"AMAZONAS";40002541615;4;21;"Veículo automotor terrestre: caminhão, automóvel, moto, etc.";"CHEV MONTANA RS 2025/2025 PLACA TSJ-4F38";"135000,00";"27/08/2026";"11:33:06"
"31/08/2026";"12:31:08";2026;2;"Eleição Ordinária";6259;"Eleições Gerais Estaduais 2026";"04/10/2026";"AM";"AM";"AMAZONAS";40002541616;3;21;"Veículo automotor terrestre: caminhão, automóvel, moto, etc.";"CARRO TOYOTA CROSS";"199113,00";"30/08/2026";"16:47:14"
"31/08/2026";"12:31:08";2026;2;"Eleição Ordinária";6259;"Eleições Gerais Estaduais 2026";"04/10/2026";"AM";"AM";"AMAZONAS";40002541616;1;21;"Veículo automotor terrestre: caminhão, automóvel, moto, etc.";"TOYOTA HIACE MINIBUS 2.8";"313865,00";"30/08/2026";"16:47:14"
"31/08/2026";"12:31:08";2026;2;"Eleição Ordinária";6259;"Eleições Gerais Estaduais 2026";"04/10/2026";"AM";"AM";"AMAZONAS";40002541616;2;12;"Casa";"CASA NO RESIDENCIAL EPHIGENIO SALES";"2500000,00";"30/08/2026";"16:47:14"
"31/08/2026";"12:31:08";2026;2;"Eleição Ordinária";6259;"Eleições Gerais Estaduais 2026";"04/10/2026";"AM";"AM";"AMAZONAS";40002541617;3;21;"Veículo automotor terrestre: caminhão, automóvel, moto, etc.";"MOTO FINANCIADO";"35205,00";"18/08/2026";"21:49:48"
"31/08/2026";"12:31:08";2026;2;"Eleição Ordinária";6259;"Eleições Gerais Estaduais 2026";"04/10/2026";"AM";"AM";"AMAZONAS";40002541617;1;21;"Veículo automotor terrestre: caminhão, automóvel, moto, etc.";"AUTOMOVEL FINANCIADO";"61500,00";"18/08/2026";"21:49:48"
"31/08/2026";"12:31:08";2026;2;"Eleição Ordinária";6259;"Eleições Gerais Estaduais 2026";"04/10/2026";"AM";"AM";"AMAZONAS";40002541617;2;12;"Casa";"ALVENARIA";"350000,00";"18/08/2026";"21:49:48"
"31/08/2026";"12:31:08";2026;2;"Eleição Ordinária";6259;"Eleições Gerais Estaduais 2026";"04/10/2026";"AM";"AM";"AMAZONAS";40002541617;6;13;"Terreno";"TERRENO";"90000,00";"18/08/2026";"21:49:48"
"31/08/2026";"12:31:08";2026;2;"Eleição Ordinária";6259;"Eleições Gerais Estaduais 2026";"04/10/2026";"AM";"AM";"AMAZONAS";40002541617;5;21;"Veículo automotor terrestre: caminhão, automóvel, moto, etc.";"AUTOMÓVEL FINANCIADO";"74880,00";"18/08/2026";"21:49:48"
"31/08/2026";"12:31:08";2026;2;"Eleição Ordinária";6259;"Eleições Gerais Estaduais 2026";"04/10/2026";"AM";"AM";"AMAZONAS";40002541617;4;21;"Veículo automotor terrestre: caminhão, automóvel, moto, etc.";"MOTO FINANCIADO";"43472,00";"18/08/2026";"21:49:48"
"31/08/2026";"12:31:08";2026;2;"Eleição Ordinária";6259;"Eleições Gerais Estaduais 2026";"04/10/2026";"AM";"AM";"AMAZONAS";40002541619;1;61;"Depósito bancário em conta corrente no País";"SALDO EM CONTA";"0,63";"18/08/2026";"21:22:30"
"31/08/2026";"12:31:08";2026;2;"Eleição Ordinária";6259;"Eleições Gerais Estaduais 2026";"04/10/2026";"AM";"AM";"AMAZONAS";40002541617;7;21;"Veículo automotor terrestre: caminhão, automóvel, moto, etc.";"AUTOMÓVEL FINANCIADO";"63000,00";"18/08/2026";"21:49:48"
"31/08/2026";"12:31:08";2026;2;"Eleição Ordinária";6259;"Eleições Gerais Estaduais 2026";"04/10/2026";"AM";"AM";"AMAZONAS";40002541617;8;21;"Veículo automotor terrestre: caminhão, automóvel, moto, etc.";"AUTOMOVEL FINANCIADO";"64260,00";"18/08/2026";"21:49:48"
"31/08/2026";"12:31:08";2026;2;"Eleição Ordinária";6259;"Eleições Gerais Estaduais 2026";"04/10/2026";"AM";"AM";"AMAZONAS";40002541619;3;61;"Depósito bancário em conta corrente no País";"SALDO EM CONTA";"0,15";"18/08/2026";"21:22:30"
"31/08/2026";"12:31:08";2026;2;"Eleição Ordinária";6259;"Eleições Gerais Estaduais 2026";"04/10/2026";"AM";"AM";"AMAZONAS";40002541619;4;61;"Depósito bancário em conta corrente no País";"SALDO EM CONTA";"39,04";"18/08/2026";"21:22:30"
"31/08/2026";"12:31:08";2026;2;"Eleição Ordinária";6259;"Eleições Gerais Estaduais 2026";"04/10/2026";"AM";"AM";"AMAZONAS";40002541619;2;59;"Outros créditos e poupança vinculados";"SALDO EM CONTA";"33,23";"18/08/2026";"21:22:30"
"31/08/2026";"12:31:08";2026;2;"Eleição Ordinária";6259;"Eleições Gerais Estaduais 2026";"04/10/2026";"AM";"AM";"AMAZONAS";40002541619;5;61;"Depósito bancário em conta corrente no País";"SALDO EM CONTA";"2965,30";"18/08/2026";"21:22:30"
"31/08/2026";"12:31:08";2026;2;"Eleição Ordinária";6259;"Eleições Gerais Estaduais 2026";"04/10/2026";"AM";"AM";"AMAZONAS";40002541622;1;11;"Apartamento";"APARTAMENTO COND. CORAL GABLES";"1500000,00";"19/08/2026";"20:52:45"
"31/08/2026";"12:31:08";2026;2;"Eleição Ordinária";6259;"Eleições Gerais Estaduais 2026";"04/10/2026";"AM";"AM";"AMAZONAS";40002541619;6;45;"Aplicação de renda fixa (CDB, RDB e outros)";"INVESTIMENTO";"1446,50";"18/08/2026";"21:22:30"
"31/08/2026";"12:31:08";2026;2;"Eleição Ordinária";6259;"Eleições Gerais Estaduais 2026";"04/10/2026";"AM";"AM";"AMAZONAS";40002541622;3;21;"Veículo automotor terrestre: caminhão, automóvel, moto, etc.";"AUTOMÓVEL";"65000,00";"19/08/2026";"20:52:45"
"31/08/2026";"12:31:08";2026;2;"Eleição Ordinária";6259;"Eleições Gerais Estaduais 2026";"04/10/2026";"AM";"AM";"AMAZONAS";40002541622;2;21;"Veículo automotor terrestre: caminhão, automóvel, moto, etc.";"AUTOMÓVEL";"105000,00";"19/08/2026";"20:52:45"
"31/08/2026";"12:31:08";2026;2;"Eleição Ordinária";6259;"Eleições Gerais Estaduais 2026";"04/10/2026";"AM";"AM";"AMAZONAS";40002541625;1;21;"Veículo automotor terrestre: caminhão, automóvel, moto, etc.";"AUTOMÓVEL FINANCIADO";"65161,00";"18/08/2026";"21:22:30"
"31/08/2026";"12:31:08";2026;2;"Eleição Ordinária";6259;"Eleições Gerais Estaduais 2026";"04/10/2026";"AM";"AM";"AMAZONAS";40002541626;1;39;"Outras participações societárias";"PARTICIPAÇÃO SOCIETÁRIA";"190000,00";"23/08/2026";"13:29:03"
"31/08/2026";"12:31:08";2026;2;"Eleição Ordinária";6259;"Eleições Gerais Estaduais 2026";"04/10/2026";"AM";"AM";"AMAZONAS";40002541626;2;39;"Outras participações societárias";"PARTICIPAÇÃO SOCIETÁRIA";"100000,00";"23/08/2026";"13:29:03"
"31/08/2026";"12:31:08";2026;2;"Eleição Ordinária";6259;"Eleições Gerais Estaduais 2026";"04/10/2026";"AM";"AM";"AMAZONAS";40002541625;2;45;"Aplicação de renda fixa (CDB, RDB e outros)";"RENDA FIXA";"16596,67";"18/08/2026";"21:22:30"
"31/08/2026";"12:31:08";2026;2;"Eleição Ordinária";6259;"Eleições Gerais Estaduais 2026";"04/10/2026";"AM";"AM";"AMAZONAS";40002541626;3;39;"Outras participações societárias";"PARTICIPAÇÃO SOCIETÁRIA";"25000,00";"23/08/2026";"13:29:03"
"31/08/2026";"12:31:08";2026;2;"Eleição Ordinária";6259;"Eleições Gerais Estaduais 2026";"04/10/2026";"AM";"AM";"AMAZONAS";40002541626;4;79;"Outros fundos";"PREVIDENCIA PRIVADA";"2402509,27";"23/08/2026";"13:29:03"
"31/08/2026";"12:31:08";2026;2;"Eleição Ordinária";6259;"Eleições Gerais Estaduais 2026";"04/10/2026";"AM";"AM";"AMAZONAS";40002541626;5;95;"Consórcio não contemplado";"CONSORCIO NÃO CONTEMPLADO";"16104,12";"23/08/2026";"13:29:03"
"31/08/2026";"12:31:08";2026;2;"Eleição Ordinária";6259;"Eleições Gerais Estaduais 2026";"04/10/2026";"AM";"AM";"AMAZONAS";40002541626;7;39;"Outras participações societárias";"PARTICIPAÇÃO SOCIETÁRIA";"5000,00";"23/08/2026";"13:29:03"
"31/08/2026";"12:31:08";2026;2;"Eleição Ordinária";6259;"Eleições Gerais Estaduais 2026";"04/10/2026";"AM";"AM";"AMAZONAS";40002541626;8;39;"Outras participações societárias";"PARTICIPAÇÃO SOCIETÁRIA";"2500,00";"23/08/2026";"13:29:03"
"31/08/2026";"12:31:08";2026;2;"Eleição Ordinária";6259;"Eleições Gerais Estaduais 2026";"04/10/2026";"AM";"AM";"AMAZONAS";40002541626;6;79;"Outros fundos";"PREVIDENCIA PRIVADA";"1734239,57";"23/08/2026";"13:29:03"
"31/08/2026";"12:31:08";2026;2;"Eleição Ordinária";6259;"Eleições Gerais Estaduais 2026";"04/10/2026";"AM";"AM";"AMAZONAS";40002541626;9;61;"Depósito bancário em conta corrente no País";"CONTA CORRENTE";"13267,24";"23/08/2026";"13:29:03"
"31/08/2026";"12:31:08";2026;2;"Eleição Ordinária";6259;"Eleições Gerais Estaduais 2026";"04/10/2026";"AM";"AM";"AMAZONAS";40002541626;10;59;"Outros créditos e poupança vinculados";"CREDITO COM PESSOA JURIDICA";"92004111,43";"23/08/2026";"13:29:03"
"31/08/2026";"12:31:08";2026;2;"Eleição Ordinária";6259;"Eleições Gerais Estaduais 2026";"04/10/2026";"AM";"AM";"AMAZONAS";40002541626;11;49;"Outras aplicações e Investimentos";"APLICAÇÃO FINANCEIRA";"999642,00";"23/08/2026";"13:29:03"
"31/08/2026";"12:31:08";2026;2;"Eleição Ordinária";6259;"Eleições Gerais Estaduais 2026";"04/10/2026";"AM";"AM";"AMAZONAS";40002541626;14;61;"Depósito bancário em conta corrente no País";"CONTA CORRENTE";"636,87";"23/08/2026";"13:29:03"
"31/08/2026";"12:31:08";2026;2;"Eleição Ordinária";6259;"Eleições Gerais Estaduais 2026";"04/10/2026";"AM";"AM";"AMAZONAS";40002541626;13;49;"Outras aplicações e Investimentos";"APLICAÇÃO FINANCEIRA";"40306,36";"23/08/2026";"13:29:03"
"31/08/2026";"12:31:08";2026;2;"Eleição Ordinária";6259;"Eleições Gerais Estaduais 2026";"04/10/2026";"AM";"AM";"AMAZONAS";40002541626;12;95;"Consórcio não contemplado";"CONSORCIO NÃO CONTEMPLADO";"9558,88";"23/08/2026";"13:29:03"
"31/08/2026";"12:31:08";2026;2;"Eleição Ordinária";6259;"Eleições Gerais Estaduais 2026";"04/10/2026";"AM";"AM";"AMAZONAS";40002541626;16;39;"Outras participações societárias";"PARTICIPAÇÃO SOCIETÁRIA";"7001400,00";"23/08/2026";"13:29:03"
"31/08/2026";"12:31:08";2026;2;"Eleição Ordinária";6259;"Eleições Gerais Estaduais 2026";"04/10/2026";"AM";"AM";"AMAZONAS";40002541626;15;39;"Outras participações societárias";"PARTICIPAÇÃO SOCIETÁRIA";"1,00";"23/08/2026";"13:29:03"
"31/08/2026";"12:31:08";2026;2;"Eleição Ordinária";6259;"Eleições Gerais Estaduais 2026";"04/10/2026";"AM";"AM";"AMAZONAS";40002541626;17;19;"Outros bens imóveis";"IMOVEL";"5444036,00";"23/08/2026";"13:29:03"
"31/08/2026";"12:31:08";2026;2;"Eleição Ordinária";6259;"Eleições Gerais Estaduais 2026";"04/10/2026";"AM";"AM";"AMAZONAS";40002541626;19;39;"Outras participações societárias";"PARTICIPAÇÃO SOCIETÁRIA";"375000,00";"23/08/2026";"13:29:03"
"31/08/2026";"12:31:08";2026;2;"Eleição Ordinária";6259;"Eleições Gerais Estaduais 2026";"04/10/2026";"AM";"AM";"AMAZONAS";40002541626;18;39;"Outras participações societárias";"PARTICIPAÇÃO SOCIETÁRIA";"50000,00";"23/08/2026";"13:29:03"
"31/08/2026";"12:31:08";2026;2;"Eleição Ordinária";6259;"Eleições Gerais Estaduais 2026";"04/10/2026";"AM";"AM";"AMAZONAS";40002541626;20;39;"Outras participações societárias";"PARTICIPAÇÃO SOCIETÁRIA";"1,00";"23/08/2026";"13:29:03"
"31/08/2026";"12:31:08";2026;2;"Eleição Ordinária";6259;"Eleições Gerais Estaduais 2026";"04/10/2026";"AM";"AM";"AMAZONAS";40002541626;23;39;"Outras participações societárias";"PARTICIPAÇÃO SOCIETÁRIA";"7600000,00";"23/08/2026";"13:29:03"
"31/08/2026";"12:31:08";2026;2;"Eleição Ordinária";6259;"Eleições Gerais Estaduais 2026";"04/10/2026";"AM";"AM";"AMAZONAS";40002541626;21;95;"Consórcio não contemplado";"CONSORCIO NÃO CONTEMPLADO";"4962,09";"23/08/2026";"13:29:03"
"31/08/2026";"12:31:08";2026;2;"Eleição Ordinária";6259;"Eleições Gerais Estaduais 2026";"04/10/2026";"AM";"AM";"AMAZONAS";40002541626;22;62;"Depósito bancário em conta corrente no exterior";"MOEDAS EXTRANGEIRAS";"151628,09";"23/08/2026";"13:29:03"
"31/08/2026";"12:31:08";2026;2;"Eleição Ordinária";6259;"Eleições Gerais Estaduais 2026";"04/10/2026";"AM";"AM";"AMAZONAS";40002541626;25;39;"Outras participações societárias";"PARTICIPAÇÃO SOCIETÁRIA";"97000,00";"23/08/2026";"13:29:03"
"31/08/2026";"12:31:08";2026;2;"Eleição Ordinária";6259;"Eleições Gerais Estaduais 2026";"04/10/2026";"AM";"AM";"AMAZONAS";40002541626;26;95;"Consórcio não contemplado";"CONSORCIO NÃO CONTEMPLADO";"9558,88";"23/08/2026";"13:29:03"
"31/08/2026";"12:31:08";2026;2;"Eleição Ordinária";6259;"Eleições Gerais Estaduais 2026";"04/10/2026";"AM";"AM";"AMAZONAS";40002541626;24;95;"Consórcio não contemplado";"CONSORCIO NÃO CONTEMPLADO";"5306,68";"23/08/2026";"13:29:03"
"31/08/2026";"12:31:08";2026;2;"Eleição Ordinária";6259;"Eleições Gerais Estaduais 2026";"04/10/2026";"AM";"AM";"AMAZONAS";40002541626;27;39;"Outras participações societárias";"PARTICIPAÇÃO SOCIETÁRIA";"192000,00";"23/08/2026";"13:29:03"
"31/08/2026";"12:31:08";2026;2;"Eleição Ordinária";6259;"Eleições Gerais Estaduais 2026";"04/10/2026";"AM";"AM";"AMAZONAS";40002541627;1;19;"Outros bens imóveis";"IMOVEL";"135000,00";"23/08/2026";"13:38:51"
"31/08/2026";"12:31:08";2026;2;"Eleição Ordinária";6259;"Eleições Gerais Estaduais 2026";"04/10/2026";"AM";"AM";"AMAZONAS";40002541627;2;21;"Veículo automotor terrestre: caminhão, automóvel, moto, etc.";"VEICULO";"121000,00";"23/08/2026";"13:38:51"
"31/08/2026";"12:31:08";2026;2;"Eleição Ordinária";6259;"Eleições Gerais Estaduais 2026";"04/10/2026";"AM";"AM";"AMAZONAS";40002541627;3;49;"Outras aplicações e Investimentos";"APLICAÇÃO";"955,81";"23/08/2026";"13:38:51"
"31/08/2026";"12:31:08";2026;2;"Eleição Ordinária";6259;"Eleições Gerais Estaduais 2026";"04/10/2026";"AM";"AM";"AMAZONAS";40002541627;5;49;"Outras aplicações e Investimentos";"APLICAÇÃO";"9973,32";"23/08/2026";"13:38:51"
"31/08/2026";"12:31:08";2026;2;"Eleição Ordinária";6259;"Eleições Gerais Estaduais 2026";"04/10/2026";"AM";"AM";"AMAZONAS";40002541627;4;49;"Outras aplicações e Investimentos";"APLICAÇÃO";"1000,00";"23/08/2026";"13:38:51"
"31/08/2026";"12:31:08";2026;2;"Eleição Ordinária";6259;"Eleições Gerais Estaduais 2026";"04/10/2026";"AM";"AM";"AMAZONAS";40002541627;6;19;"Outros bens imóveis";"IMOVEL";"169000,00";"23/08/2026";"13:38:51"
"31/08/2026";"12:31:08";2026;2;"Eleição Ordinária";6259;"Eleições Gerais Estaduais 2026";"04/10/2026";"AM";"AM";"AMAZONAS";40002541628;1;11;"Apartamento";"UM APARTAMENTO";"280000,00";"28/08/2026";"20:11:26"
"31/08/2026";"12:31:08";2026;2;"Eleição Ordinária";6259;"Eleições Gerais Estaduais 2026";"04/10/2026";"AM";"AM";"AMAZONAS";40002541628;2;41;"Caderneta de poupança";"CONTA POUPANÇA";"447,93";"28/08/2026";"20:11:26"
"31/08/2026";"12:31:08";2026;2;"Eleição Ordinária";6259;"Eleições Gerais Estaduais 2026";"04/10/2026";"AM";"AM";"AMAZONAS";40002541628;4;61;"Depósito bancário em conta corrente no País";"DEPÓSITO EM CONTA CORRENTE";"1113,89";"28/08/2026";"20:11:26"
"31/08/2026";"12:31:08";2026;2;"Eleição Ordinária";6259;"Eleições Gerais Estaduais 2026";"04/10/2026";"AM";"AM";"AMAZONAS";40002541628;3;13;"Terreno";"UM TERRENO";"120000,00";"28/08/2026";"20:11:26"
"31/08/2026";"12:31:08";2026;2;"Eleição Ordinária";6259;"Eleições Gerais Estaduais 2026";"04/10/2026";"AM";"AM";"AMAZONAS";40002541740;1;32;"Quotas ou quinhões de capital";"2.000 QUOTAS DE CAPITAL DE CORREA   BENAYON ADVOGADOS ASSOCIADOS LTDA.";"2000,00";"28/08/2026";"11:00:32"
"31/08/2026";"12:31:08";2026;2;"Eleição Ordinária";6259;"Eleições Gerais Estaduais 2026";"04/10/2026";"AM";"AM";"AMAZONAS";40002541740;3;61;"Depósito bancário em conta corrente no País";"SALDO NO BANCO DO BRASIL S/A,";"851,53";"28/08/2026";"11:00:32"
"31/08/2026";"12:31:08";2026;2;"Eleição Ordinária";6259;"Eleições Gerais Estaduais 2026";"04/10/2026";"AM";"AM";"AMAZONAS";40002541740;2;61;"Depósito bancário em conta corrente no País";"CONTA CORRENTE NO BANCO BRADESCO S/A";"190819,59";"28/08/2026";"11:00:32"
"31/08/2026";"12:31:08";2026;2;"Eleição Ordinária";6259;"Eleições Gerais Estaduais 2026";"04/10/2026";"AM";"AM";"AMAZONAS";40002541741;1;61;"Depósito bancário em conta corrente no País";"CONTA POUPANÇA CAIXA ECONOMICA FEDERAL";"22003,93";"28/08/2026";"10:57:25"
"31/08/2026";"12:31:08";2026;2;"Eleição Ordinária";6259;"Eleições Gerais Estaduais 2026";"04/10/2026";"AM";"AM";"AMAZONAS";40002541741;4;13;"Terreno";"TERRENO";"1350480,00";"28/08/2026";"10:57:25"
"31/08/2026";"12:31:08";2026;2;"Eleição Ordinária";6259;"Eleições Gerais Estaduais 2026";"04/10/2026";"AM";"AM";"AMAZONAS";40002541741;2;11;"Apartamento";"APARTAMENTO";"450000,00";"28/08/2026";"10:57:25"
"31/08/2026";"12:31:08";2026;2;"Eleição Ordinária";6259;"Eleições Gerais Estaduais 2026";"04/10/2026";"AM";"AM";"AMAZONAS";40002541741;3;11;"Apartamento";"APARTAMENTO";"492809,90";"28/08/2026";"10:57:25"
"31/08/2026";"12:31:08";2026;2;"Eleição Ordinária";6259;"Eleições Gerais Estaduais 2026";"04/10/2026";"AM";"AM";"AMAZONAS";40002541741;6;61;"Depósito bancário em conta corrente no País";"BRADESCO";"1,00";"28/08/2026";"10:57:25"
"31/08/2026";"12:31:08";2026;2;"Eleição Ordinária";6259;"Eleições Gerais Estaduais 2026";"04/10/2026";"AM";"AM";"AMAZONAS";40002541741;7;63;"Dinheiro em espécie - moeda nacional";"DINHEIRO EM ESPÉCIE";"150000,00";"28/08/2026";"10:57:25"
"31/08/2026";"12:31:08";2026;2;"Eleição Ordinária";6259;"Eleições Gerais Estaduais 2026";"04/10/2026";"AM";"AM";"AMAZONAS";40002541741;5;45;"Aplicação de renda fixa (CDB, RDB e outros)";"BRADESCO (CBD)";"158337,86";"28/08/2026";"10:57:25"
"31/08/2026";"12:31:08";2026;2;"Eleição Ordinária";6259;"Eleições Gerais Estaduais 2026";"04/10/2026";"AM";"AM";"AMAZONAS";40002541741;8;53;"Plano PAIT e caderneta de pecúlio";"PECULIO DA PREVIDENCIA PRIVADA";"16768,11";"28/08/2026";"10:57:25"
"31/08/2026";"12:31:08";2026;2;"Eleição Ordinária";6259;"Eleições Gerais Estaduais 2026";"04/10/2026";"AM";"AM";"AMAZONAS";40002541741;9;13;"Terreno";"TERRENO";"300000,00";"28/08/2026";"10:57:25"
"31/08/2026";"12:31:08";2026;2;"Eleição Ordinária";6259;"Eleições Gerais Estaduais 2026";"04/10/2026";"AM";"AM";"AMAZONAS";40002541741;10;13;"Terreno";"TERRENO";"1220000,00";"28/08/2026";"10:57:25"
"31/08/2026";"12:31:08";2026;2;"Eleição Ordinária";6259;"Eleições Gerais Estaduais 2026";"04/10/2026";"AM";"AM";"AMAZONAS";40002541741;11;97;"VGBL - Vida Gerador de Benefício Livre";"PREMIOS ACUMULADOS EM VGBL";"100000,00";"28/08/2026";"10:57:25"
"31/08/2026";"12:31:08";2026;2;"Eleição Ordinária";6259;"Eleições Gerais Estaduais 2026";"04/10/2026";"AM";"AM";"AMAZONAS";40002541741;12;13;"Terreno";"TERRENO/FRAÇÃO - LOTE";"25000,00";"28/08/2026";"10:57:25"
"31/08/2026";"12:31:08";2026;2;"Eleição Ordinária";6259;"Eleições Gerais Estaduais 2026";"04/10/2026";"AM";"AM";"AMAZONAS";40002541742;1;45;"Aplicação de renda fixa (CDB, RDB e outros)";"APLICAÇÃO DE RENDA FIXA MANTIDA NO BANCO BRADESCO S.A.";"259101,11";"27/08/2026";"15:49:47"
"31/08/2026";"12:31:08";2026;2;"Eleição Ordinária";6259;"Eleições Gerais Estaduais 2026";"04/10/2026";"AM";"AM";"AMAZONAS";40002541742;3;61;"Depósito bancário em conta corrente no País";"SALDO EM CONTA CORRENTE MANTIDA NO BANCO BRADESCO S.A.,";"1,00";"27/08/2026";"15:49:47"
"31/08/2026";"12:31:08";2026;2;"Eleição Ordinária";6259;"Eleições Gerais Estaduais 2026";"04/10/2026";"AM";"AM";"AMAZONAS";40002541742;4;11;"Apartamento";"APARTAMENTO IMÓVEL FINANCIADO";"260000,00";"27/08/2026";"15:49:47"
"31/08/2026";"12:31:08";2026;2;"Eleição Ordinária";6259;"Eleições Gerais Estaduais 2026";"04/10/2026";"AM";"AM";"AMAZONAS";40002541742;2;32;"Quotas ou quinhões de capital";"PARTICIPAÇÃO SOCIETÁRIA";"100000,00";"27/08/2026";"15:49:47"
"31/08/2026";"12:31:08";2026;2;"Eleição Ordinária";6259;"Eleições Gerais Estaduais 2026";"04/10/2026";"AM";"AM";"AMAZONAS";40002541742;7;61;"Depósito bancário em conta corrente no País";"SALDO EM CONTA MANTIDA NA CAIXA ECONÔMICA FEDERAL,";"7975,08";"27/08/2026";"15:49:47"
"31/08/2026";"12:31:08";2026;2;"Eleição Ordinária";6259;"Eleições Gerais Estaduais 2026";"04/10/2026";"AM";"AM";"AMAZONAS";40002541742;6;13;"Terreno";"LOTE";"180000,00";"27/08/2026";"15:49:47"
"31/08/2026";"12:31:08";2026;2;"Eleição Ordinária";6259;"Eleições Gerais Estaduais 2026";"04/10/2026";"AM";"AM";"AMAZONAS";40002541742;5;12;"Casa";"EDIFICAÇÃO RESIDENCIAL ¿ IMÓVEL FINANCIADO";"337193,44";"27/08/2026";"15:49:47"
"31/08/2026";"12:31:08";2026;2;"Eleição Ordinária";6259;"Eleições Gerais Estaduais 2026";"04/10/2026";"AM";"AM";"AMAZONAS";40002541742;9;99;"OUTROS BENS E DIREITOS";"CAVALO GARANHÃO - 48M - 22386-BR.";"72000,00";"27/08/2026";"15:49:47"
"31/08/2026";"12:31:08";2026;2;"Eleição Ordinária";6259;"Eleições Gerais Estaduais 2026";"04/10/2026";"AM";"AM";"AMAZONAS";40002541743;1;61;"Depósito bancário em conta corrente no País";"INFORMADO POR CNPJ 00.360.305/0001-04";"51631,13";"27/08/2026";"14:14:07"
"31/08/2026";"12:31:08";2026;2;"Eleição Ordinária";6259;"Eleições Gerais Estaduais 2026";"04/10/2026";"AM";"AM";"AMAZONAS";40002541742;8;32;"Quotas ou quinhões de capital";"PARTICIPAÇÃO SOCIETÁRIA";"300000,00";"27/08/2026";"15:49:47"
"31/08/2026";"12:31:08";2026;2;"Eleição Ordinária";6259;"Eleições Gerais Estaduais 2026";"04/10/2026";"AM";"AM";"AMAZONAS";40002541743;2;32;"Quotas ou quinhões de capital";"COTA DE CAPITAL DA EMPRESA J T R PONTE . EPP 1OO%";"250000,00";"27/08/2026";"14:14:07"
"31/08/2026";"12:31:08";2026;2;"Eleição Ordinária";6259;"Eleições Gerais Estaduais 2026";"04/10/2026";"AM";"AM";"AMAZONAS";40002541743;4;32;"Quotas ou quinhões de capital";"COTA DE CAPITAL DA EMPRESA TUPINAMBA TELECOMUNICACOES LTDA 100%";"20000,00";"27/08/2026";"14:14:07"
"31/08/2026";"12:31:08";2026;2;"Eleição Ordinária";6259;"Eleições Gerais Estaduais 2026";"04/10/2026";"AM";"AM";"AMAZONAS";40002541743;3;32;"Quotas ou quinhões de capital";"COTA DE CAPITAL DA EMPRESA POUSADA ARANDU LTDA 100%";"20000,00";"27/08/2026";"14:14:07"
"31/08/2026";"12:31:08";2026;2;"Eleição Ordinária";6259;"Eleições Gerais Estaduais 2026";"04/10/2026";"AM";"AM";"AMAZONAS";40002541744;1;61;"Depósito bancário em conta corrente no País";"SALDO EM CONTA CORRENTE BRADESCO";"1,00";"27/08/2026";"14:11:19"
"31/08/2026";"12:31:08";2026;2;"Eleição Ordinária";6259;"Eleições Gerais Estaduais 2026";"04/10/2026";"AM";"AM";"AMAZONAS";40002541743;5;11;"Apartamento";"APARTAMENTO";"400000,00";"27/08/2026";"14:14:07"
"31/08/2026";"12:31:08";2026;2;"Eleição Ordinária";6259;"Eleições Gerais Estaduais 2026";"04/10/2026";"AM";"AM";"AMAZONAS";40002541743;6;12;"Casa";"UMA CASA";"70000,00";"27/08/2026";"14:14:07"
"31/08/2026";"12:31:08";2026;2;"Eleição Ordinária";6259;"Eleições Gerais Estaduais 2026";"04/10/2026";"AM";"AM";"AMAZONAS";40002541744;3;11;"Apartamento";"APARTAMENTO FINANCIADO PELA CAIXA ECONÔMICA FEDERAL EM  20/08/2012";"120000,00";"27/08/2026";"14:11:19"
"31/08/2026";"12:31:08";2026;2;"Eleição Ordinária";6259;"Eleições Gerais Estaduais 2026";"04/10/2026";"AM";"AM";"AMAZONAS";40002541744;2;45;"Aplicação de renda fixa (CDB, RDB e outros)";"APLICAÇÃO RENDA FIXA BRADESCO";"277209,85";"27/08/2026";"14:11:19"
"31/08/2026";"12:31:08";2026;2;"Eleição Ordinária";6259;"Eleições Gerais Estaduais 2026";"04/10/2026";"AM";"AM";"AMAZONAS";40002541744;4;32;"Quotas ou quinhões de capital";"100% DAS QUOTAS DE CAPITAL DA EMPRESA LIMA PUBLICIDADE - ME,  CNPJ 11.787.867/0001-55";"200000,00";"27/08/2026";"14:11:19"
"31/08/2026";"12:31:08";2026;2;"Eleição Ordinária";6259;"Eleições Gerais Estaduais 2026";"04/10/2026";"AM";"AM";"AMAZONAS";40002541745;1;97;"VGBL - Vida Gerador de Benefício Livre";"BANCO DO BRASIL SA BRASILPREV VGBL";"648779,02";"30/08/2026";"16:02:31"
"31/08/2026";"12:31:08";2026;2;"Eleição Ordinária";6259;"Eleições Gerais Estaduais 2026";"04/10/2026";"AM";"AM";"AMAZONAS";40002541745;2;97;"VGBL - Vida Gerador de Benefício Livre";"BRADESCO SA - PGBL";"788737,78";"30/08/2026";"16:02:31"
"31/08/2026";"12:31:08";2026;2;"Eleição Ordinária";6259;"Eleições Gerais Estaduais 2026";"04/10/2026";"AM";"AM";"AMAZONAS";40002541745;3;45;"Aplicação de renda fixa (CDB, RDB e outros)";"BANCO DO BRASIL SA - COE PROTEGIDO";"77558,23";"30/08/2026";"16:02:31"
"31/08/2026";"12:31:08";2026;2;"Eleição Ordinária";6259;"Eleições Gerais Estaduais 2026";"04/10/2026";"AM";"AM";"AMAZONAS";40002541745;6;11;"Apartamento";"APARTAMENTO";"118000,00";"30/08/2026";"16:02:31"
"31/08/2026";"12:31:08";2026;2;"Eleição Ordinária";6259;"Eleições Gerais Estaduais 2026";"04/10/2026";"AM";"AM";"AMAZONAS";40002541745;4;12;"Casa";"CASA COM TERREO";"331639,00";"30/08/2026";"16:02:31"
"31/08/2026";"12:31:08";2026;2;"Eleição Ordinária";6259;"Eleições Gerais Estaduais 2026";"04/10/2026";"AM";"AM";"AMAZONAS";40002541745;5;45;"Aplicação de renda fixa (CDB, RDB e outros)";"BANCO DO BRASIL SA - LP HIGH";"41079,00";"30/08/2026";"16:02:31"
"31/08/2026";"12:31:08";2026;2;"Eleição Ordinária";6259;"Eleições Gerais Estaduais 2026";"04/10/2026";"AM";"AM";"AMAZONAS";40002541745;9;49;"Outras aplicações e Investimentos";"BANCO DO BRASIL SA - DEB CORSAN";"110790,00";"30/08/2026";"16:02:31"
"31/08/2026";"12:31:08";2026;2;"Eleição Ordinária";6259;"Eleições Gerais Estaduais 2026";"04/10/2026";"AM";"AM";"AMAZONAS";40002541745;7;11;"Apartamento";"APARTAMENTO";"1335983,35";"30/08/2026";"16:02:31"
"31/08/2026";"12:31:08";2026;2;"Eleição Ordinária";6259;"Eleições Gerais Estaduais 2026";"04/10/2026";"AM";"AM";"AMAZONAS";40002541745;8;15;"Sala ou conjunto";"SALA COMERCIAL";"6359,58";"30/08/2026";"16:02:31"
"31/08/2026";"12:31:08";2026;2;"Eleição Ordinária";6259;"Eleições Gerais Estaduais 2026";"04/10/2026";"AM";"AM";"AMAZONAS";40002541745;10;49;"Outras aplicações e Investimentos";"BANCO DO BRASIL SA - DEB CORSAN";"110790,75";"30/08/2026";"16:02:31"
"31/08/2026";"12:31:08";2026;2;"Eleição Ordinária";6259;"Eleições Gerais Estaduais 2026";"04/10/2026";"AM";"AM";"AMAZONAS";40002541745;11;45;"Aplicação de renda fixa (CDB, RDB e outros)";"BANCO DO BRASIL SA - PLUS AGIL";"59004,62";"30/08/2026";"16:02:31"
"31/08/2026";"12:31:08";2026;2;"Eleição Ordinária";6259;"Eleições Gerais Estaduais 2026";"04/10/2026";"AM";"AM";"AMAZONAS";40002541745;12;45;"Aplicação de renda fixa (CDB, RDB e outros)";"BANCO DO BRASIL SA - ULTRA HIGH C";"105847,36";"30/08/2026";"16:02:31"
"31/08/2026";"12:31:08";2026;2;"Eleição Ordinária";6259;"Eleições Gerais Estaduais 2026";"04/10/2026";"AM";"AM";"AMAZONAS";40002541745;15;49;"Outras aplicações e Investimentos";"BANCO DO BRASIL SA - DEB AUREN";"1228,65";"30/08/2026";"16:02:31"
"31/08/2026";"12:31:08";2026;2;"Eleição Ordinária";6259;"Eleições Gerais Estaduais 2026";"04/10/2026";"AM";"AM";"AMAZONAS";40002541745;14;41;"Caderneta de poupança";"BANCO BRASIL SA POUPANÇA";"9500,00";"30/08/2026";"16:02:31"
"31/08/2026";"12:31:08";2026;2;"Eleição Ordinária";6259;"Eleições Gerais Estaduais 2026";"04/10/2026";"AM";"AM";"AMAZONAS";40002541745;13;15;"Sala ou conjunto";"SALA COMERCIAL";"346108,00";"30/08/2026";"16:02:31"
"31/08/2026";"12:31:08";2026;2;"Eleição Ordinária";6259;"Eleições Gerais Estaduais 2026";"04/10/2026";"AM";"AM";"AMAZONAS";40002541745;16;97;"VGBL - Vida Gerador de Benefício Livre";"BRADESCO SA PGBL";"672956,28";"30/08/2026";"16:02:31"
"31/08/2026";"12:31:08";2026;2;"Eleição Ordinária";6259;"Eleições Gerais Estaduais 2026";"04/10/2026";"AM";"AM";"AMAZONAS";40002541745;17;11;"Apartamento";"APARTAMENTO";"19095,00";"30/08/2026";"16:02:31"
"31/08/2026";"12:31:08";2026;2;"Eleição Ordinária";6259;"Eleições Gerais Estaduais 2026";"04/10/2026";"AM";"AM";"AMAZONAS";40002541745;18;32;"Quotas ou quinhões de capital";"CAPITAL SOCIAL - 60% DE TREVO DA AMAZONIA LTDA - 04.559.472/0001-30";"4200000,00";"30/08/2026";"16:02:31"
"31/08/2026";"12:31:08";2026;2;"Eleição Ordinária";6259;"Eleições Gerais Estaduais 2026";"04/10/2026";"AM";"AM";"AMAZONAS";40002541745;19;21;"Veículo automotor terrestre: caminhão, automóvel, moto, etc.";"JIPE UTILITARIO";"100000,00";"30/08/2026";"16:02:31"
"31/08/2026";"12:31:08";2026;2;"Eleição Ordinária";6259;"Eleições Gerais Estaduais 2026";"04/10/2026";"AM";"AM";"AMAZONAS";40002541745;20;49;"Outras aplicações e Investimentos";"BANCO DO BRASIL SA - DEB KLABIN";"106888,28";"30/08/2026";"16:02:31"
"31/08/2026";"12:31:08";2026;2;"Eleição Ordinária";6259;"Eleições Gerais Estaduais 2026";"04/10/2026";"AM";"AM";"AMAZONAS";40002541745;21;11;"Apartamento";"APARTAMENTO";"540000,00";"30/08/2026";"16:02:31"
"31/08/2026";"12:31:08";2026;2;"Eleição Ordinária";6259;"Eleições Gerais Estaduais 2026";"04/10/2026";"AM";"AM";"AMAZONAS";40002541745;24;61;"Depósito bancário em conta corrente no País";"BANCO DO BRASIL SA - C/CORRENTE ESTILO";"102105,07";"30/08/2026";"16:02:31"
"31/08/2026";"12:31:08";2026;2;"Eleição Ordinária";6259;"Eleições Gerais Estaduais 2026";"04/10/2026";"AM";"AM";"AMAZONAS";40002541745;22;49;"Outras aplicações e Investimentos";"BANCO DO BRASIL SA - DEB SABESP";"150920,90";"30/08/2026";"16:02:31"
"31/08/2026";"12:31:08";2026;2;"Eleição Ordinária";6259;"Eleições Gerais Estaduais 2026";"04/10/2026";"AM";"AM";"AMAZONAS";40002541745;23;45;"Aplicação de renda fixa (CDB, RDB e outros)";"BANCO DO BRASIL SA - REGIA EQUILIBRIO";"5637,02";"30/08/2026";"16:02:31"
"31/08/2026";"12:31:08";2026;2;"Eleição Ordinária";6259;"Eleições Gerais Estaduais 2026";"04/10/2026";"AM";"AM";"AMAZONAS";40002541745;25;95;"Consórcio não contemplado";"BRADESCO CONSORCIOS";"53509,20";"30/08/2026";"16:02:31"
"31/08/2026";"12:31:08";2026;2;"Eleição Ordinária";6259;"Eleições Gerais Estaduais 2026";"04/10/2026";"AM";"AM";"AMAZONAS";40002541745;27;45;"Aplicação de renda fixa (CDB, RDB e outros)";"BRADESCO SA APLICAÇÕES";"28406,47";"30/08/2026";"16:02:31"
"31/08/2026";"12:31:08";2026;2;"Eleição Ordinária";6259;"Eleições Gerais Estaduais 2026";"04/10/2026";"AM";"AM";"AMAZONAS";40002541745;26;45;"Aplicação de renda fixa (CDB, RDB e outros)";"BRADESCO SA APLICAÇÕES";"473045,96";"30/08/2026";"16:02:31"
"31/08/2026";"12:31:08";2026;2;"Eleição Ordinária";6259;"Eleições Gerais Estaduais 2026";"04/10/2026";"AM";"AM";"AMAZONAS";40002541746;3;61;"Depósito bancário em conta corrente no País";"DEPOSITO EM CONTA";"22,92";"25/08/2026";"18:07:17"
"31/08/2026";"12:31:08";2026;2;"Eleição Ordinária";6259;"Eleições Gerais Estaduais 2026";"04/10/2026";"AM";"AM";"AMAZONAS";40002541746;1;13;"Terreno";"TERRENO";"300000,00";"25/08/2026";"18:07:17"
"31/08/2026";"12:31:08";2026;2;"Eleição Ordinária";6259;"Eleições Gerais Estaduais 2026";"04/10/2026";"AM";"AM";"AMAZONAS";40002541746;2;41;"Caderneta de poupança";"INFORMADO POR CNPJ 00.360.305/0001-04";"974,69";"25/08/2026";"18:07:17"
"31/08/2026";"12:31:08";2026;2;"Eleição Ordinária";6259;"Eleições Gerais Estaduais 2026";"04/10/2026";"AM";"AM";"AMAZONAS";40002541746;4;63;"Dinheiro em espécie - moeda nacional";"VALOR EM ESPECIE";"600000,00";"25/08/2026";"18:07:17"
"31/08/2026";"12:31:08";2026;2;"Eleição Ordinária";6259;"Eleições Gerais Estaduais 2026";"04/10/2026";"AM";"AM";"AMAZONAS";40002541746;6;45;"Aplicação de renda fixa (CDB, RDB e outros)";"APLICACOES EM RENDA FIXA - CDB/LF/LC/COE";"94700,00";"25/08/2026";"18:07:17"
"31/08/2026";"12:31:08";2026;2;"Eleição Ordinária";6259;"Eleições Gerais Estaduais 2026";"04/10/2026";"AM";"AM";"AMAZONAS";40002541746;5;32;"Quotas ou quinhões de capital";"OUTRAS PARTICIPAÇÕES SOCIETARIAS";"120000,00";"25/08/2026";"18:07:17"
"31/08/2026";"12:31:08";2026;2;"Eleição Ordinária";6259;"Eleições Gerais Estaduais 2026";"04/10/2026";"AM";"AM";"AMAZONAS";40002541746;9;61;"Depósito bancário em conta corrente no País";"CONTA CORRENTE BANCO ITAU UNIBANCO S/A";"777,35";"25/08/2026";"18:07:17"
"31/08/2026";"12:31:08";2026;2;"Eleição Ordinária";6259;"Eleições Gerais Estaduais 2026";"04/10/2026";"AM";"AM";"AMAZONAS";40002541746;7;79;"Outros fundos";"BTC";"40000,00";"25/08/2026";"18:07:17"
"31/08/2026";"12:31:08";2026;2;"Eleição Ordinária";6259;"Eleições Gerais Estaduais 2026";"04/10/2026";"AM";"AM";"AMAZONAS";40002541746;8;41;"Caderneta de poupança";"INFORMADO POR CNPJ 00.000.000/0001-91";"642,88";"25/08/2026";"18:07:17"
"31/08/2026";"12:31:08";2026;2;"Eleição Ordinária";6259;"Eleições Gerais Estaduais 2026";"04/10/2026";"AM";"AM";"AMAZONAS";40002541746;11;97;"VGBL - Vida Gerador de Benefício Livre";"PREMIOS ACUMULADOS EM VGBL";"149041,06";"25/08/2026";"18:07:17"
"31/08/2026";"12:31:08";2026;2;"Eleição Ordinária";6259;"Eleições Gerais Estaduais 2026";"04/10/2026";"AM";"AM";"AMAZONAS";40002541746;10;64;"Dinheiro em espécie - moeda estrangeira";"DINHEIRO EM ESPECIE DOLAR";"50000,00";"25/08/2026";"18:07:17"
"31/08/2026";"12:31:08";2026;2;"Eleição Ordinária";6259;"Eleições Gerais Estaduais 2026";"04/10/2026";"AM";"AM";"AMAZONAS";40002541746;12;32;"Quotas ou quinhões de capital";"OUTRAS PARTICIPAÇÕES SOCIETARIAS";"100000,00";"25/08/2026";"18:07:17"
"31/08/2026";"12:31:08";2026;2;"Eleição Ordinária";6259;"Eleições Gerais Estaduais 2026";"04/10/2026";"AM";"AM";"AMAZONAS";40002541746;13;61;"Depósito bancário em conta corrente no País";"DEPOSITO EM CONTA";"23614,24";"25/08/2026";"18:07:17"
"31/08/2026";"12:31:08";2026;2;"Eleição Ordinária";6259;"Eleições Gerais Estaduais 2026";"04/10/2026";"AM";"AM";"AMAZONAS";40002541747;2;13;"Terreno";"LOTE";"500000,00";"18/08/2026";"21:22:30"
"31/08/2026";"12:31:08";2026;2;"Eleição Ordinária";6259;"Eleições Gerais Estaduais 2026";"04/10/2026";"AM";"AM";"AMAZONAS";40002541747;1;12;"Casa";"CASA DE ALVENÁRIA,";"500000,00";"18/08/2026";"21:22:30"
"31/08/2026";"12:31:08";2026;2;"Eleição Ordinária";6259;"Eleições Gerais Estaduais 2026";"04/10/2026";"AM";"AM";"AMAZONAS";40002541747;5;61;"Depósito bancário em conta corrente no País";"CONTA CORRENTE";"172,37";"18/08/2026";"21:22:30"
"31/08/2026";"12:31:08";2026;2;"Eleição Ordinária";6259;"Eleições Gerais Estaduais 2026";"04/10/2026";"AM";"AM";"AMAZONAS";40002541747;3;12;"Casa";"IMOVEL FINANCIADO";"1126000,00";"18/08/2026";"21:22:30"
"31/08/2026";"12:31:08";2026;2;"Eleição Ordinária";6259;"Eleições Gerais Estaduais 2026";"04/10/2026";"AM";"AM";"AMAZONAS";40002541747;4;63;"Dinheiro em espécie - moeda nacional";"RECURSO FINANCEIRO EM ESPÉCIE";"800000,00";"18/08/2026";"21:22:30"
"31/08/2026";"12:31:08";2026;2;"Eleição Ordinária";6259;"Eleições Gerais Estaduais 2026";"04/10/2026";"AM";"AM";"AMAZONAS";40002541748;2;61;"Depósito bancário em conta corrente no País";"SALDO BANCÁRIO EM RDB, NUBANK";"10000,00";"18/08/2026";"21:22:30"
"31/08/2026";"12:31:08";2026;2;"Eleição Ordinária";6259;"Eleições Gerais Estaduais 2026";"04/10/2026";"AM";"AM";"AMAZONAS";40002541748;3;61;"Depósito bancário em conta corrente no País";"SALDO BANCÁRIO, BANCO COMMUNITY";"789,07";"18/08/2026";"21:22:30"
"31/08/2026";"12:31:08";2026;2;"Eleição Ordinária";6259;"Eleições Gerais Estaduais 2026";"04/10/2026";"AM";"AM";"AMAZONAS";40002541748;1;13;"Terreno";"LOTE 507M²";"87411,96";"18/08/2026";"21:22:30"
"31/08/2026";"12:31:08";2026;2;"Eleição Ordinária";6259;"Eleições Gerais Estaduais 2026";"04/10/2026";"AM";"AM";"AMAZONAS";40002541748;4;45;"Aplicação de renda fixa (CDB, RDB e outros)";"APLICAÇÕES EM TESOURO DIRETO, XP INVESTIMENTOS";"19088,38";"18/08/2026";"21:22:30"
"31/08/2026";"12:31:08";2026;2;"Eleição Ordinária";6259;"Eleições Gerais Estaduais 2026";"04/10/2026";"AM";"AM";"AMAZONAS";40002541748;6;45;"Aplicação de renda fixa (CDB, RDB e outros)";"APLICAÇÕES EM TESOURO DIRETO, XP INVESTIMENTOS";"29999,56";"18/08/2026";"21:22:30"
"31/08/2026";"12:31:08";2026;2;"Eleição Ordinária";6259;"Eleições Gerais Estaduais 2026";"04/10/2026";"AM";"AM";"AMAZONAS";40002541748;5;45;"Aplicação de renda fixa (CDB, RDB e outros)";"APLICACOES DE RENDA FIXA FONTE PAGADORA BRADESCO S.A";"2695,52";"18/08/2026";"21:22:30"
"31/08/2026";"12:31:08";2026;2;"Eleição Ordinária";6259;"Eleições Gerais Estaduais 2026";"04/10/2026";"AM";"AM";"AMAZONAS";40002541749;1;72;"Fundo de Longo Prazo e Fundo de Investimentos em Direitos Creditórios (FIDC)";"SALDO EM FUNDO DE INVESTIMENTO";"57490,53";"30/08/2026";"16:48:11"
"31/08/2026";"12:31:08";2026;2;"Eleição Ordinária";6259;"Eleições Gerais Estaduais 2026";"04/10/2026";"AM";"AM";"AMAZONAS";40002541749;2;61;"Depósito bancário em conta corrente no País";"SALDO EM CONTA";"1839,16";"30/08/2026";"16:48:11"
"31/08/2026";"12:31:08";2026;2;"Eleição Ordinária";6259;"Eleições Gerais Estaduais 2026";"04/10/2026";"AM";"AM";"AMAZONAS";40002541748;7;11;"Apartamento";"APARTAMENTO 279M²";"93648,76";"18/08/2026";"21:22:30"
"31/08/2026";"12:31:08";2026;2;"Eleição Ordinária";6259;"Eleições Gerais Estaduais 2026";"04/10/2026";"AM";"AM";"AMAZONAS";40002541749;4;72;"Fundo de Longo Prazo e Fundo de Investimentos em Direitos Creditórios (FIDC)";"SALDO EM FUNDO DE INVESTIMENTO";"102441,75";"30/08/2026";"16:48:11"
"31/08/2026";"12:31:08";2026;2;"Eleição Ordinária";6259;"Eleições Gerais Estaduais 2026";"04/10/2026";"AM";"AM";"AMAZONAS";40002541749;5;12;"Casa";"CASA";"1000000,00";"30/08/2026";"16:48:11"
"31/08/2026";"12:31:08";2026;2;"Eleição Ordinária";6259;"Eleições Gerais Estaduais 2026";"04/10/2026";"AM";"AM";"AMAZONAS";40002541749;3;73;"Fundo de Investimento Imobiliário";"SALDO EM FUNDO DE INVESTIMENTO";"1781,91";"30/08/2026";"16:48:11"
"31/08/2026";"12:31:08";2026;2;"Eleição Ordinária";6259;"Eleições Gerais Estaduais 2026";"04/10/2026";"AM";"AM";"AMAZONAS";40002541749;6;13;"Terreno";"TERRENO";"700000,00";"30/08/2026";"16:48:11"
"31/08/2026";"12:31:08";2026;2;"Eleição Ordinária";6259;"Eleições Gerais Estaduais 2026";"04/10/2026";"AM";"AM";"AMAZONAS";40002541749;7;49;"Outras aplicações e Investimentos";"SALDO CONTA INVESTIMENTO";"130,71";"30/08/2026";"16:48:11"
"31/08/2026";"12:31:08";2026;2;"Eleição Ordinária";6259;"Eleições Gerais Estaduais 2026";"04/10/2026";"AM";"AM";"AMAZONAS";40002541749;8;32;"Quotas ou quinhões de capital";"PARTICIPAÇÃO SOCIETARIA";"100000,00";"30/08/2026";"16:48:11"
"31/08/2026";"12:31:08";2026;2;"Eleição Ordinária";6259;"Eleições Gerais Estaduais 2026";"04/10/2026";"AM";"AM";"AMAZONAS";40002541749;10;61;"Depósito bancário em conta corrente no País";"SALDO EM CONTA";"28133,64";"30/08/2026";"16:48:11"
"31/08/2026";"12:31:08";2026;2;"Eleição Ordinária";6259;"Eleições Gerais Estaduais 2026";"04/10/2026";"AM";"AM";"AMAZONAS";40002541749;9;49;"Outras aplicações e Investimentos";"SALDO CONTA INVESTIMENTO";"1839,16";"30/08/2026";"16:48:11"
"31/08/2026";"12:31:08";2026;2;"Eleição Ordinária";6259;"Eleições Gerais Estaduais 2026";"04/10/2026";"AM";"AM";"AMAZONAS";40002541750;1;12;"Casa";"3 QUARTOS, 1 SALA DE ESTAR/JANTAR, 1 COZINHA E 3 BANHEIROS";"150000,00";"18/08/2026";"21:22:30"
"31/08/2026";"12:31:08";2026;2;"Eleição Ordinária";6259;"Eleições Gerais Estaduais 2026";"04/10/2026";"AM";"AM";"AMAZONAS";40002541752;1;13;"Terreno";"LOTE";"29667,11";"30/08/2026";"16:47:20"
"31/08/2026";"12:31:08";2026;2;"Eleição Ordinária";6259;"Eleições Gerais Estaduais 2026";"04/10/2026";"AM";"AM";"AMAZONAS";40002541752;2;21;"Veículo automotor terrestre: caminhão, automóvel, moto, etc.";"TOYOTA HILUX CDRVA4FD 25/25,";"236000,00";"30/08/2026";"16:47:20"
"31/08/2026";"12:31:08";2026;2;"Eleição Ordinária";6259;"Eleições Gerais Estaduais 2026";"04/10/2026";"AM";"AM";"AMAZONAS";40002542653;1;32;"Quotas ou quinhões de capital";"400.000 QUOTAS DE CAPITAL (80%)";"400000,00";"26/08/2026";"15:56:59"
"31/08/2026";"12:31:08";2026;2;"Eleição Ordinária";6259;"Eleições Gerais Estaduais 2026";"04/10/2026";"AM";"AM";"AMAZONAS";40002542653;2;29;"Outros bens móveis";"RELOGIO ROLEX SUBMARINER";"75000,00";"26/08/2026";"15:56:59"
"31/08/2026";"12:31:08";2026;2;"Eleição Ordinária";6259;"Eleições Gerais Estaduais 2026";"04/10/2026";"AM";"AM";"AMAZONAS";40002542653;4;61;"Depósito bancário em conta corrente no País";"INFORMADO POR CNPJ 00.360.305/0001-04";"1,00";"26/08/2026";"15:56:59"
"31/08/2026";"12:31:08";2026;2;"Eleição Ordinária";6259;"Eleições Gerais Estaduais 2026";"04/10/2026";"AM";"AM";"AMAZONAS";40002542653;3;21;"Veículo automotor terrestre: caminhão, automóvel, moto, etc.";"VEICULO VW JETTA GLI AG ANO DE FABRICACAO 2021";"200000,00";"26/08/2026";"15:56:59"
"31/08/2026";"12:31:08";2026;2;"Eleição Ordinária";6259;"Eleições Gerais Estaduais 2026";"04/10/2026";"AM";"AM";"AMAZONAS";40002542653;5;61;"Depósito bancário em conta corrente no País";"INFORMADO POR CNPJ 60.746.948/0001-12";"1,00";"26/08/2026";"15:56:59"
"31/08/2026";"12:31:08";2026;2;"Eleição Ordinária";6259;"Eleições Gerais Estaduais 2026";"04/10/2026";"AM";"AM";"AMAZONAS";40002542653;7;45;"Aplicação de renda fixa (CDB, RDB e outros)";"BRADESCO H NOVO EXECUTIVO FIF - CIC RENDA FIXA REFERENCIADA DI CREDITO PRIVADO - RESP LIMITADA - INFORMADO POR CNPJ 60.746.948/0001-12";"102531,47";"26/08/2026";"15:56:59"
"31/08/2026";"12:31:08";2026;2;"Eleição Ordinária";6259;"Eleições Gerais Estaduais 2026";"04/10/2026";"AM";"AM";"AMAZONAS";40002542653;6;32;"Quotas ou quinhões de capital";"480.000 QUOTAS DE CAPITAL (60%)";"480000,00";"26/08/2026";"15:56:59"
"31/08/2026";"12:31:08";2026;2;"Eleição Ordinária";6259;"Eleições Gerais Estaduais 2026";"04/10/2026";"AM";"AM";"AMAZONAS";40002542653;8;29;"Outros bens móveis";"RELOGIO IWC";"45000,00";"26/08/2026";"15:56:59"
"31/08/2026";"12:31:08";2026;2;"Eleição Ordinária";6259;"Eleições Gerais Estaduais 2026";"04/10/2026";"AM";"AM";"AMAZONAS";40002542653;9;61;"Depósito bancário em conta corrente no País";"INFORMADO POR CNPJ 00.360.305/0001-04";"3942,73";"26/08/2026";"15:56:59"
"31/08/2026";"12:31:08";2026;2;"Eleição Ordinária";6259;"Eleições Gerais Estaduais 2026";"04/10/2026";"AM";"AM";"AMAZONAS";40002542653;10;19;"Outros bens imóveis";"CONDOMÍNIO ÚNICO";"940000,00";"26/08/2026";"15:56:59"
"31/08/2026";"12:31:08";2026;2;"Eleição Ordinária";6259;"Eleições Gerais Estaduais 2026";"04/10/2026";"AM";"AM";"AMAZONAS";40002542653;11;21;"Veículo automotor terrestre: caminhão, automóvel, moto, etc.";"VEICULO CAMIONETA I/FORD TERRITORY 1.5 TIT,";"190000,00";"26/08/2026";"15:56:59"
"31/08/2026";"12:31:08";2026;2;"Eleição Ordinária";6259;"Eleições Gerais Estaduais 2026";"04/10/2026";"AM";"AM";"AMAZONAS";40002542654;1;21;"Veículo automotor terrestre: caminhão, automóvel, moto, etc.";"NISSAN MARCH 2015";"30000,00";"30/08/2026";"16:46:49"
"31/08/2026";"12:31:08";2026;2;"Eleição Ordinária";6259;"Eleições Gerais Estaduais 2026";"04/10/2026";"AM";"AM";"AMAZONAS";40002542655;1;21;"Veículo automotor terrestre: caminhão, automóvel, moto, etc.";"CHERY TIGGO 8 16TA";"207990,00";"18/08/2026";"21:22:30"
"31/08/2026";"12:31:08";2026;2;"Eleição Ordinária";6259;"Eleições Gerais Estaduais 2026";"04/10/2026";"AM";"AM";"AMAZONAS";40002542655;2;32;"Quotas ou quinhões de capital";"SÓCIO PROPRIETÁRIO DA EMPRESA CNPJ 03.013.259/0001-65.";"400000,00";"18/08/2026";"21:22:30"
"31/08/2026";"12:31:08";2026;2;"Eleição Ordinária";6259;"Eleições Gerais Estaduais 2026";"04/10/2026";"AM";"AM";"AMAZONAS";40002542657;1;32;"Quotas ou quinhões de capital";"100% DAS COTAS DA EMPRESA VIVIAN SILVEIRA AMORIM, CNPJ N. 27.903.910/0001-30";"100000,00";"19/08/2026";"10:56:33"
"31/08/2026";"12:31:08";2026;2;"Eleição Ordinária";6259;"Eleições Gerais Estaduais 2026";"04/10/2026";"AM";"AM";"AMAZONAS";40002542657;2;45;"Aplicação de renda fixa (CDB, RDB e outros)";"INVESTIMENTO EM CDB SALDO REMUNERADO";"63433,77";"19/08/2026";"10:56:33"
"31/08/2026";"12:31:08";2026;2;"Eleição Ordinária";6259;"Eleições Gerais Estaduais 2026";"04/10/2026";"AM";"AM";"AMAZONAS";40002542657;3;45;"Aplicação de renda fixa (CDB, RDB e outros)";"FUNDO DE INVESTIMENTO EM RENDA FIXA, BANCO XP";"90632,55";"19/08/2026";"10:56:33"
"31/08/2026";"12:31:08";2026;2;"Eleição Ordinária";6259;"Eleições Gerais Estaduais 2026";"04/10/2026";"AM";"AM";"AMAZONAS";40002542657;4;45;"Aplicação de renda fixa (CDB, RDB e outros)";"FUNDO DE INVESTIMENTO EM RENDA FIXA, BANCO XP";"297852,00";"19/08/2026";"10:56:33"
"31/08/2026";"12:31:08";2026;2;"Eleição Ordinária";6259;"Eleições Gerais Estaduais 2026";"04/10/2026";"AM";"AM";"AMAZONAS";40002542657;5;45;"Aplicação de renda fixa (CDB, RDB e outros)";"FUNDO DE INVESTIMENTO EM RENDA FIXA";"316179,21";"19/08/2026";"10:56:33"
"31/08/2026";"12:31:08";2026;2;"Eleição Ordinária";6259;"Eleições Gerais Estaduais 2026";"04/10/2026";"AM";"AM";"AMAZONAS";40002542657;7;61;"Depósito bancário em conta corrente no País";"SALDO EM CONTA BANCÁRIA, BANCO BTG";"1456,31";"19/08/2026";"10:56:33"
"31/08/2026";"12:31:08";2026;2;"Eleição Ordinária";6259;"Eleições Gerais Estaduais 2026";"04/10/2026";"AM";"AM";"AMAZONAS";40002542657;8;11;"Apartamento";"APARTAMENTO RESIDENCIAL ¿ SÃO PAULO";"1256000,00";"19/08/2026";"10:56:33"
"31/08/2026";"12:31:08";2026;2;"Eleição Ordinária";6259;"Eleições Gerais Estaduais 2026";"04/10/2026";"AM";"AM";"AMAZONAS";40002542657;6;11;"Apartamento";"APARTAMENTO RESIDENCIAL ¿ MANAUS";"1200000,00";"19/08/2026";"10:56:33"
"31/08/2026";"12:31:08";2026;2;"Eleição Ordinária";6259;"Eleições Gerais Estaduais 2026";"04/10/2026";"AM";"AM";"AMAZONAS";40002542657;9;61;"Depósito bancário em conta corrente no País";"SALDO EM CONTA BANCÁRIA, BANCO XP";"116470,72";"19/08/2026";"10:56:33"
"31/08/2026";"12:31:08";2026;2;"Eleição Ordinária";6259;"Eleições Gerais Estaduais 2026";"04/10/2026";"AM";"AM";"AMAZONAS";40002542658;1;21;"Veículo automotor terrestre: caminhão, automóvel, moto, etc.";"MARCA JEEP COMMANDER";"111886,60";"22/08/2026";"00:51:35"
"31/08/2026";"12:31:08";2026;2;"Eleição Ordinária";6259;"Eleições Gerais Estaduais 2026";"04/10/2026";"AM";"AM";"AMAZONAS";40002542658;2;11;"Apartamento";"APARTAMENTO";"461845,70";"22/08/2026";"00:51:35"
"31/08/2026";"12:31:08";2026;2;"Eleição Ordinária";6259;"Eleições Gerais Estaduais 2026";"04/10/2026";"AM";"AM";"AMAZONAS";40002542659;1;12;"Casa";"CASA";"1500000,00";"28/08/2026";"18:05:32"
"31/08/2026";"12:31:08";2026;2;"Eleição Ordinária";6259;"Eleições Gerais Estaduais 2026";"04/10/2026";"AM";"AM";"AMAZONAS";40002542659;2;12;"Casa";"CASA";"700000,00";"28/08/2026";"18:05:32"
"31/08/2026";"12:31:08";2026;2;"Eleição Ordinária";6259;"Eleições Gerais Estaduais 2026";"04/10/2026";"AM";"AM";"AMAZONAS";40002542658;3;15;"Sala ou conjunto";"SALA COMERCIAL";"790000,00";"22/08/2026";"00:51:35"
"31/08/2026";"12:31:08";2026;2;"Eleição Ordinária";6259;"Eleições Gerais Estaduais 2026";"04/10/2026";"AM";"AM";"AMAZONAS";40002542659;3;61;"Depósito bancário em conta corrente no País";"INFORMADO POR CNPJ 60.746.948/0001-12";"787,74";"28/08/2026";"18:05:32"
"31/08/2026";"12:31:08";2026;2;"Eleição Ordinária";6259;"Eleições Gerais Estaduais 2026";"04/10/2026";"AM";"AM";"AMAZONAS";40002542659;5;61;"Depósito bancário em conta corrente no País";"INFORMADO POR CNPJ 00.360.305/0001-49";"5349,64";"28/08/2026";"18:05:32"
"31/08/2026";"12:31:08";2026;2;"Eleição Ordinária";6259;"Eleições Gerais Estaduais 2026";"04/10/2026";"AM";"AM";"AMAZONAS";40002542659;4;13;"Terreno";"LOTE";"23500,00";"28/08/2026";"18:05:32"
"31/08/2026";"12:31:08";2026;2;"Eleição Ordinária";6259;"Eleições Gerais Estaduais 2026";"04/10/2026";"AM";"AM";"AMAZONAS";40002542661;2;39;"Outras participações societárias";"OUTROS PARTICIPAÇÕES SOCIETÁRIAS";"400000,00";"18/08/2026";"21:22:30"
"31/08/2026";"12:31:08";2026;2;"Eleição Ordinária";6259;"Eleições Gerais Estaduais 2026";"04/10/2026";"AM";"AM";"AMAZONAS";40002542659;6;13;"Terreno";"LOTE";"23500,00";"28/08/2026";"18:05:32"
"31/08/2026";"12:31:08";2026;2;"Eleição Ordinária";6259;"Eleições Gerais Estaduais 2026";"04/10/2026";"AM";"AM";"AMAZONAS";40002542661;1;32;"Quotas ou quinhões de capital";"PARTICIPAÇÃO EM COTAS DE 50%";"250000,00";"18/08/2026";"21:22:30"
"31/08/2026";"12:31:08";2026;2;"Eleição Ordinária";6259;"Eleições Gerais Estaduais 2026";"04/10/2026";"AM";"AM";"AMAZONAS";40002542661;4;61;"Depósito bancário em conta corrente no País";"DEPOSITO BANCÁRIO EM CONTA CORRENTE NO PAIS, BANCO ITAÚ,";"5414,23";"18/08/2026";"21:22:30"
"31/08/2026";"12:31:08";2026;2;"Eleição Ordinária";6259;"Eleições Gerais Estaduais 2026";"04/10/2026";"AM";"AM";"AMAZONAS";40002542661;3;95;"Consórcio não contemplado";"CONSÓRCIO ITAÚ";"23729,62";"18/08/2026";"21:22:30"
"31/08/2026";"12:31:08";2026;2;"Eleição Ordinária";6259;"Eleições Gerais Estaduais 2026";"04/10/2026";"AM";"AM";"AMAZONAS";40002542661;5;45;"Aplicação de renda fixa (CDB, RDB e outros)";"APLICAÇÃO RENDA FIXA CDB, CNPJ 60.746.948/0001-12";"27241,23";"18/08/2026";"21:22:30"
"31/08/2026";"12:31:08";2026;2;"Eleição Ordinária";6259;"Eleições Gerais Estaduais 2026";"04/10/2026";"AM";"AM";"AMAZONAS";40002542661;7;39;"Outras participações societárias";"OUTROS PARTICIPAÇÕES SOCIETÁRIAS";"400000,00";"18/08/2026";"21:22:30"
"31/08/2026";"12:31:08";2026;2;"Eleição Ordinária";6259;"Eleições Gerais Estaduais 2026";"04/10/2026";"AM";"AM";"AMAZONAS";40002542661;6;61;"Depósito bancário em conta corrente no País";"DEPOSITO BANCÁRIO EM CONTA NO PAIS, BANCO BRADESCO";"175000,00";"18/08/2026";"21:22:30"
"31/08/2026";"12:31:08";2026;2;"Eleição Ordinária";6259;"Eleições Gerais Estaduais 2026";"04/10/2026";"AM";"AM";"AMAZONAS";40002542661;8;99;"OUTROS BENS E DIREITOS";"CONSÓRCIO CONTEMPLADO E NÃO UTILIZADO";"115747,40";"18/08/2026";"21:22:30"
"31/08/2026";"12:31:08";2026;2;"Eleição Ordinária";6259;"Eleições Gerais Estaduais 2026";"04/10/2026";"AM";"AM";"AMAZONAS";40002542662;3;61;"Depósito bancário em conta corrente no País";"INFORMADO POR CNPJ 90.400.888/0001-42";"1252,28";"28/08/2026";"18:02:13"
"31/08/2026";"12:31:08";2026;2;"Eleição Ordinária";6259;"Eleições Gerais Estaduais 2026";"04/10/2026";"AM";"AM";"AMAZONAS";40002542662;2;2;"Prédio comercial";"UM PREDIO COMERCIAL";"2000000,00";"28/08/2026";"18:02:13"
"31/08/2026";"12:31:08";2026;2;"Eleição Ordinária";6259;"Eleições Gerais Estaduais 2026";"04/10/2026";"AM";"AM";"AMAZONAS";40002542662;1;2;"Prédio comercial";"UM PREDIO COMERCIAL EDIFICADO";"700000,00";"28/08/2026";"18:02:13"
"31/08/2026";"12:31:08";2026;2;"Eleição Ordinária";6259;"Eleições Gerais Estaduais 2026";"04/10/2026";"AM";"AM";"AMAZONAS";40002542662;6;61;"Depósito bancário em conta corrente no País";"INFORMADO POR CNPJ 90.400.888/0001-42";"1000,20";"28/08/2026";"18:02:13"
"31/08/2026";"12:31:08";2026;2;"Eleição Ordinária";6259;"Eleições Gerais Estaduais 2026";"04/10/2026";"AM";"AM";"AMAZONAS";40002542662;5;21;"Veículo automotor terrestre: caminhão, automóvel, moto, etc.";"VEICULO MARCA TOYOTA MODELO SW4 ANO 2023/2023 CINZA DIESEL";"380000,00";"28/08/2026";"18:02:13"
"31/08/2026";"12:31:08";2026;2;"Eleição Ordinária";6259;"Eleições Gerais Estaduais 2026";"04/10/2026";"AM";"AM";"AMAZONAS";40002542662;4;21;"Veículo automotor terrestre: caminhão, automóvel, moto, etc.";"VEICULO MARCA CHEVROLET MODELO ONIX LT2 COR BRANCO ANO 2022/2023";"89000,00";"28/08/2026";"18:02:13"
"31/08/2026";"12:31:08";2026;2;"Eleição Ordinária";6259;"Eleições Gerais Estaduais 2026";"04/10/2026";"AM";"AM";"AMAZONAS";40002542663;2;97;"VGBL - Vida Gerador de Benefício Livre";"PREMIOS ACUMULADOS EM VGBL - BRADESCO S.A";"50000,00";"26/08/2026";"15:57:33"
"31/08/2026";"12:31:08";2026;2;"Eleição Ordinária";6259;"Eleições Gerais Estaduais 2026";"04/10/2026";"AM";"AM";"AMAZONAS";40002542663;3;21;"Veículo automotor terrestre: caminhão, automóvel, moto, etc.";"UM AUTOMOVEL MARCA TOYOTA, MODELO HILUX CDAX2 SR, ANO 2013";"89600,00";"26/08/2026";"15:57:33"
"31/08/2026";"12:31:08";2026;2;"Eleição Ordinária";6259;"Eleições Gerais Estaduais 2026";"04/10/2026";"AM";"AM";"AMAZONAS";40002542663;1;49;"Outras aplicações e Investimentos";"XP - I NVESTIMENTOS CCTVM S/A CNPJ 02.332.8861000104 RENDA FIXA SIMPLES";"696954,46";"26/08/2026";"15:57:33"
"31/08/2026";"12:31:08";2026;2;"Eleição Ordinária";6259;"Eleições Gerais Estaduais 2026";"04/10/2026";"AM";"AM";"AMAZONAS";40002542663;6;61;"Depósito bancário em conta corrente no País";"BRAQDESCO - SALDO CONTA CORRENTE";"1,00";"26/08/2026";"15:57:33"
"31/08/2026";"12:31:08";2026;2;"Eleição Ordinária";6259;"Eleições Gerais Estaduais 2026";"04/10/2026";"AM";"AM";"AMAZONAS";40002542663;5;49;"Outras aplicações e Investimentos";"XP - I NVESTIMENTOS CCTVM S/A CNPJ 02.332.886/000104";"60,94";"26/08/2026";"15:57:33"
"31/08/2026";"12:31:08";2026;2;"Eleição Ordinária";6259;"Eleições Gerais Estaduais 2026";"04/10/2026";"AM";"AM";"AMAZONAS";40002542663;4;45;"Aplicação de renda fixa (CDB, RDB e outros)";"BRADESCO - APLICAO RENDA FIXA - CD";"308798,83";"26/08/2026";"15:57:33"
"31/08/2026";"12:31:08";2026;2;"Eleição Ordinária";6259;"Eleições Gerais Estaduais 2026";"04/10/2026";"AM";"AM";"AMAZONAS";40002542663;7;13;"Terreno";"UM SITIO";"180000,00";"26/08/2026";"15:57:33"
"31/08/2026";"12:31:08";2026;2;"Eleição Ordinária";6259;"Eleições Gerais Estaduais 2026";"04/10/2026";"AM";"AM";"AMAZONAS";40002542663;9;41;"Caderneta de poupança";"BANCO DO BRASIL S.A - SALDO POUPANCA CNPJ 00.000.000/0001-91";"1825,65";"26/08/2026";"15:57:33"
"31/08/2026";"12:31:08";2026;2;"Eleição Ordinária";6259;"Eleições Gerais Estaduais 2026";"04/10/2026";"AM";"AM";"AMAZONAS";40002542663;8;12;"Casa";"UMA CASA DE ALVENARIA EM DOIS PISOS COM 450M2";"250000,00";"26/08/2026";"15:57:33"
"31/08/2026";"12:31:08";2026;2;"Eleição Ordinária";6259;"Eleições Gerais Estaduais 2026";"04/10/2026";"AM";"AM";"AMAZONAS";40002542663;10;49;"Outras aplicações e Investimentos";"XP - I NVESTIMENTOS CCTVM S/A CNPJ 02.332.886/000104 FUNDOS DE INVESTIMENTOS";"102255,81";"26/08/2026";"15:57:33"
"31/08/2026";"12:31:08";2026;2;"Eleição Ordinária";6259;"Eleições Gerais Estaduais 2026";"04/10/2026";"AM";"AM";"AMAZONAS";40002542663;11;49;"Outras aplicações e Investimentos";"XP - I NVESTIMENTOS CCTVM S/A CNPJ 02.332.886/000104 FUNDOS DE INVESTIMENTOS";"150000,00";"26/08/2026";"15:57:33"
"31/08/2026";"12:31:08";2026;2;"Eleição Ordinária";6259;"Eleições Gerais Estaduais 2026";"04/10/2026";"AM";"AM";"AMAZONAS";40002542663;12;49;"Outras aplicações e Investimentos";"XP - I NVESTIMENTOS CCTVM S/A CNPJ 02.332.886/000104 RENDA FIXA";"491811,02";"26/08/2026";"15:57:33"
"31/08/2026";"12:31:08";2026;2;"Eleição Ordinária";6259;"Eleições Gerais Estaduais 2026";"04/10/2026";"AM";"AM";"AMAZONAS";40002542663;13;97;"VGBL - Vida Gerador de Benefício Livre";"BRASILPREV VGBL";"705950,00";"26/08/2026";"15:57:33"
"31/08/2026";"12:31:08";2026;2;"Eleição Ordinária";6259;"Eleições Gerais Estaduais 2026";"04/10/2026";"AM";"AM";"AMAZONAS";40002542666;1;11;"Apartamento";"APARTAMENTO EM MANAUS/AM";"176274,14";"28/08/2026";"18:04:39"
"31/08/2026";"12:31:08";2026;2;"Eleição Ordinária";6259;"Eleições Gerais Estaduais 2026";"04/10/2026";"AM";"AM";"AMAZONAS";40002542666;2;11;"Apartamento";"APARTAMENTO EM MANAUS/AM";"129336,16";"28/08/2026";"18:04:39"
"31/08/2026";"12:31:08";2026;2;"Eleição Ordinária";6259;"Eleições Gerais Estaduais 2026";"04/10/2026";"AM";"AM";"AMAZONAS";40002542666;3;61;"Depósito bancário em conta corrente no País";"DEPÓSITOS BANCÁRIOS:";"7327,59";"28/08/2026";"18:04:39"
"31/08/2026";"12:31:08";2026;2;"Eleição Ordinária";6259;"Eleições Gerais Estaduais 2026";"04/10/2026";"AM";"AM";"AMAZONAS";40002542667;1;21;"Veículo automotor terrestre: caminhão, automóvel, moto, etc.";"TOYOTA HILUX SWSRXA4RD 2024/2024 - FINANCIADO";"103710,30";"24/08/2026";"16:37:05"
"31/08/2026";"12:31:08";2026;2;"Eleição Ordinária";6259;"Eleições Gerais Estaduais 2026";"04/10/2026";"AM";"AM";"AMAZONAS";40002542666;4;11;"Apartamento";"APARTAMENTO EM MANAUS/AM";"242005,36";"28/08/2026";"18:04:39"
"31/08/2026";"12:31:08";2026;2;"Eleição Ordinária";6259;"Eleições Gerais Estaduais 2026";"04/10/2026";"AM";"AM";"AMAZONAS";40002542667;2;19;"Outros bens imóveis";"IMÓVEL ADQUIRIDO DA EMPRESA FORMA EMPREENDIMENTOS LTDA EPP CNPJ 10.554.098/0001-82";"94500,00";"24/08/2026";"16:37:05"
"31/08/2026";"12:31:08";2026;2;"Eleição Ordinária";6259;"Eleições Gerais Estaduais 2026";"04/10/2026";"AM";"AM";"AMAZONAS";40002542667;4;21;"Veículo automotor terrestre: caminhão, automóvel, moto, etc.";"MODELO VW NIVUS 1.0 ANO 2020";"106153,24";"24/08/2026";"16:37:05"
"31/08/2026";"12:31:08";2026;2;"Eleição Ordinária";6259;"Eleições Gerais Estaduais 2026";"04/10/2026";"AM";"AM";"AMAZONAS";40002542667;3;12;"Casa";"IMOVEL RESIDENCIAL - FINANCIADO";"587382,28";"24/08/2026";"16:37:05"
"31/08/2026";"12:31:08";2026;2;"Eleição Ordinária";6259;"Eleições Gerais Estaduais 2026";"04/10/2026";"AM";"AM";"AMAZONAS";40002542669;1;95;"Consórcio não contemplado";"CONSÓRCIO DE IMOVÉIS";"101863,00";"18/08/2026";"21:22:30"
"31/08/2026";"12:31:08";2026;2;"Eleição Ordinária";6259;"Eleições Gerais Estaduais 2026";"04/10/2026";"AM";"AM";"AMAZONAS";40002542669;2;12;"Casa";"RESIDENCIAL";"191820,00";"18/08/2026";"21:22:30"
"31/08/2026";"12:31:08";2026;2;"Eleição Ordinária";6259;"Eleições Gerais Estaduais 2026";"04/10/2026";"AM";"AM";"AMAZONAS";40002542669;3;41;"Caderneta de poupança";"POUPANÇA CAIXA ECONÔMICA";"30411,89";"18/08/2026";"21:22:30"
"31/08/2026";"12:31:08";2026;2;"Eleição Ordinária";6259;"Eleições Gerais Estaduais 2026";"04/10/2026";"AM";"AM";"AMAZONAS";40002542669;6;13;"Terreno";"LOTE";"100000,00";"18/08/2026";"21:22:30"
"31/08/2026";"12:31:08";2026;2;"Eleição Ordinária";6259;"Eleições Gerais Estaduais 2026";"04/10/2026";"AM";"AM";"AMAZONAS";40002542669;4;21;"Veículo automotor terrestre: caminhão, automóvel, moto, etc.";"CHEVROLET/ONIX";"103055,90";"18/08/2026";"21:22:30"
"31/08/2026";"12:31:08";2026;2;"Eleição Ordinária";6259;"Eleições Gerais Estaduais 2026";"04/10/2026";"AM";"AM";"AMAZONAS";40002542669;5;41;"Caderneta de poupança";"POUPANÇA OURO BANCO DO BRASIL";"73,95";"18/08/2026";"21:22:30"
"31/08/2026";"12:31:08";2026;2;"Eleição Ordinária";6259;"Eleições Gerais Estaduais 2026";"04/10/2026";"AM";"AM";"AMAZONAS";40002542670;1;63;"Dinheiro em espécie - moeda nacional";"DINHEIRO EM ESPÉCIE EM CASA";"100000,00";"26/08/2026";"15:59:29"
"31/08/2026";"12:31:08";2026;2;"Eleição Ordinária";6259;"Eleições Gerais Estaduais 2026";"04/10/2026";"AM";"AM";"AMAZONAS";40002542670;3;32;"Quotas ou quinhões de capital";"PARTICIPAÇÃO NO CAPITAL DA EMPRESA ¿ CNPJ: 42.221.042/0001-00";"300000,00";"26/08/2026";"15:59:29"
"31/08/2026";"12:31:08";2026;2;"Eleição Ordinária";6259;"Eleições Gerais Estaduais 2026";"04/10/2026";"AM";"AM";"AMAZONAS";40002542670;2;32;"Quotas ou quinhões de capital";"PARTICIPAÇÃO NOS LUCROS CNPJ: 51.278.009/0001-08";"1500000,00";"26/08/2026";"15:59:29"
"31/08/2026";"12:31:08";2026;2;"Eleição Ordinária";6259;"Eleições Gerais Estaduais 2026";"04/10/2026";"AM";"AM";"AMAZONAS";40002542670;4;13;"Terreno";"LOTE 05600 BRASIL";"1500000,00";"26/08/2026";"15:59:29"
"31/08/2026";"12:31:08";2026;2;"Eleição Ordinária";6259;"Eleições Gerais Estaduais 2026";"04/10/2026";"AM";"AM";"AMAZONAS";40002542671;1;12;"Casa";"BAIRRO SAO JORGE COM 12M DE FRENTEPOR 48M DE FUNDO";"150000,00";"30/08/2026";"16:46:15"
"31/08/2026";"12:31:08";2026;2;"Eleição Ordinária";6259;"Eleições Gerais Estaduais 2026";"04/10/2026";"AM";"AM";"AMAZONAS";40002542671;2;15;"Sala ou conjunto";"SALA COMERCIAL - EDFICIO FORUM BUSINESS CENTER";"163000,00";"30/08/2026";"16:46:15"
"31/08/2026";"12:31:08";2026;2;"Eleição Ordinária";6259;"Eleições Gerais Estaduais 2026";"04/10/2026";"AM";"AM";"AMAZONAS";40002542671;4;13;"Terreno";"CONDOMINO RESIDENCIAL PASSEIO DAS AGUAS";"87000,00";"30/08/2026";"16:46:15"
"31/08/2026";"12:31:08";2026;2;"Eleição Ordinária";6259;"Eleições Gerais Estaduais 2026";"04/10/2026";"AM";"AM";"AMAZONAS";40002542671;5;63;"Dinheiro em espécie - moeda nacional";"DINHEIRO EM ESPECIE";"200000,00";"30/08/2026";"16:46:15"
"31/08/2026";"12:31:08";2026;2;"Eleição Ordinária";6259;"Eleições Gerais Estaduais 2026";"04/10/2026";"AM";"AM";"AMAZONAS";40002542671;3;32;"Quotas ou quinhões de capital";"PARTICIPACAO DE CAPITAL NA EMPRESA OMNIA PARTICIPACOES LTDA.";"5000,00";"30/08/2026";"16:46:15"
"31/08/2026";"12:31:08";2026;2;"Eleição Ordinária";6259;"Eleições Gerais Estaduais 2026";"04/10/2026";"AM";"AM";"AMAZONAS";40002542671;6;11;"Apartamento";"CONDOMINIO RESIDENCIAL FAMILY MORADA DO SOL";"204000,00";"30/08/2026";"16:46:15"
"31/08/2026";"12:31:08";2026;2;"Eleição Ordinária";6259;"Eleições Gerais Estaduais 2026";"04/10/2026";"AM";"AM";"AMAZONAS";40002542671;7;11;"Apartamento";"HERANÇA 50% COM IRMÃO - CONDOMINIO REZIDENZIALE MILANO";"200000,00";"30/08/2026";"16:46:15"
"31/08/2026";"12:31:08";2026;2;"Eleição Ordinária";6259;"Eleições Gerais Estaduais 2026";"04/10/2026";"AM";"AM";"AMAZONAS";40002542671;8;12;"Casa";"CASA EM CONJUNTO COM FILHO/ESPOSA";"900000,00";"30/08/2026";"16:46:15"
"31/08/2026";"12:31:08";2026;2;"Eleição Ordinária";6259;"Eleições Gerais Estaduais 2026";"04/10/2026";"AM";"AM";"AMAZONAS";40002542672;1;61;"Depósito bancário em conta corrente no País";"BRADESCO - CONTA CORRENTE";"1,00";"22/08/2026";"17:52:40"
"31/08/2026";"12:31:08";2026;2;"Eleição Ordinária";6259;"Eleições Gerais Estaduais 2026";"04/10/2026";"AM";"AM";"AMAZONAS";40002542671;9;11;"Apartamento";"CONDOMINIO MAISON BEETHOVEN";"278000,00";"30/08/2026";"16:46:15"
"31/08/2026";"12:31:08";2026;2;"Eleição Ordinária";6259;"Eleições Gerais Estaduais 2026";"04/10/2026";"AM";"AM";"AMAZONAS";40002542671;10;11;"Apartamento";"UP SIDE CONDOMINIUM CLUB";"282000,00";"30/08/2026";"16:46:15"
"31/08/2026";"12:31:08";2026;2;"Eleição Ordinária";6259;"Eleições Gerais Estaduais 2026";"04/10/2026";"AM";"AM";"AMAZONAS";40002542672;2;61;"Depósito bancário em conta corrente no País";"INTER - CONTA CORRENTE";"250,62";"22/08/2026";"17:52:40"
"31/08/2026";"12:31:08";2026;2;"Eleição Ordinária";6259;"Eleições Gerais Estaduais 2026";"04/10/2026";"AM";"AM";"AMAZONAS";40002542672;3;32;"Quotas ou quinhões de capital";"PARTICIPAÇÃO SOCIETARIA NA EMPRESA MOVELLI MOVEIS LTDA 2% DE COTAS DE CAPITAL";"3000,00";"22/08/2026";"17:52:40"
"31/08/2026";"12:31:08";2026;2;"Eleição Ordinária";6259;"Eleições Gerais Estaduais 2026";"04/10/2026";"AM";"AM";"AMAZONAS";40002542672;4;45;"Aplicação de renda fixa (CDB, RDB e outros)";"BRADESCO - APLICAÇÃO DE RENDA FIXA (CDB)";"48767,44";"22/08/2026";"17:52:40"
"31/08/2026";"12:31:08";2026;2;"Eleição Ordinária";6259;"Eleições Gerais Estaduais 2026";"04/10/2026";"AM";"AM";"AMAZONAS";40002542673;2;61;"Depósito bancário em conta corrente no País";"INFORMADO POR CNPJ 00.416.968/0001-01";"211,05";"26/08/2026";"15:58:53"
"31/08/2026";"12:31:08";2026;2;"Eleição Ordinária";6259;"Eleições Gerais Estaduais 2026";"04/10/2026";"AM";"AM";"AMAZONAS";40002542673;1;61;"Depósito bancário em conta corrente no País";"INFORMADO POR CNPJ 60.746.948/0001-12";"8699,40";"26/08/2026";"15:58:53"
"31/08/2026";"12:31:08";2026;2;"Eleição Ordinária";6259;"Eleições Gerais Estaduais 2026";"04/10/2026";"AM";"AM";"AMAZONAS";40002542672;5;63;"Dinheiro em espécie - moeda nacional";"DINHEIRO EM ESPECIE";"210000,00";"22/08/2026";"17:52:40"
"31/08/2026";"12:31:08";2026;2;"Eleição Ordinária";6259;"Eleições Gerais Estaduais 2026";"04/10/2026";"AM";"AM";"AMAZONAS";40002542673;3;61;"Depósito bancário em conta corrente no País";"INFORMADO POR CNPJ 60.746.948/0001-12";"451,70";"26/08/2026";"15:58:53"
"31/08/2026";"12:31:08";2026;2;"Eleição Ordinária";6259;"Eleições Gerais Estaduais 2026";"04/10/2026";"AM";"AM";"AMAZONAS";40002542674;2;61;"Depósito bancário em conta corrente no País";"BRADESCO SALDO EM CONTA CORRENTE";"1,00";"26/08/2026";"10:30:34"
"31/08/2026";"12:31:08";2026;2;"Eleição Ordinária";6259;"Eleições Gerais Estaduais 2026";"04/10/2026";"AM";"AM";"AMAZONAS";40002542674;1;11;"Apartamento";"50% DA PROPRIEDADE EM CONDOMÍNIO EM MANAUS";"350000,00";"26/08/2026";"10:30:34"
"31/08/2026";"12:31:08";2026;2;"Eleição Ordinária";6259;"Eleições Gerais Estaduais 2026";"04/10/2026";"AM";"AM";"AMAZONAS";40002542674;5;74;"Fundos: Ações, Mútuos de Privatização, Invest. Empresas Emergentes, Invest.Participação e Invest. Índice Mercado";"SAFRA FUNDO GALILEO MMFI INFORMADO POR BANCO SAFRA";"217590,15";"26/08/2026";"10:30:34"
"31/08/2026";"12:31:08";2026;2;"Eleição Ordinária";6259;"Eleições Gerais Estaduais 2026";"04/10/2026";"AM";"AM";"AMAZONAS";40002542674;3;74;"Fundos: Ações, Mútuos de Privatização, Invest. Empresas Emergentes, Invest.Participação e Invest. Índice Mercado";"SAFRA PERFIL MODERADO CIC MM INFORMADO POR BANCO SAFRA";"92013,18";"26/08/2026";"10:30:34"
"31/08/2026";"12:31:08";2026;2;"Eleição Ordinária";6259;"Eleições Gerais Estaduais 2026";"04/10/2026";"AM";"AM";"AMAZONAS";40002542674;4;74;"Fundos: Ações, Mútuos de Privatização, Invest. Empresas Emergentes, Invest.Participação e Invest. Índice Mercado";"SAFRA CONSUMO AMERICANO FIC";"40000,00";"26/08/2026";"10:30:34"
"31/08/2026";"12:31:08";2026;2;"Eleição Ordinária";6259;"Eleições Gerais Estaduais 2026";"04/10/2026";"AM";"AM";"AMAZONAS";40002542674;6;49;"Outras aplicações e Investimentos";"XP INVESTIMENTOS SALDO EM CONTA INFORMADO POR CNPJ 02.332.886/0001-04";"25590,31";"26/08/2026";"10:30:34"
"31/08/2026";"12:31:08";2026;2;"Eleição Ordinária";6259;"Eleições Gerais Estaduais 2026";"04/10/2026";"AM";"AM";"AMAZONAS";40002542674;7;11;"Apartamento";"50% DA PROPRIEDADE EM CONDOMÍNIO EM MANAUS";"750000,00";"26/08/2026";"10:30:34"
"31/08/2026";"12:31:08";2026;2;"Eleição Ordinária";6259;"Eleições Gerais Estaduais 2026";"04/10/2026";"AM";"AM";"AMAZONAS";40002542674;8;32;"Quotas ou quinhões de capital";"80% DAS QUOTAS SOCIAIS DA TSS ADVOGADOS ASSOCIADOS";"80000,00";"26/08/2026";"10:30:34"
"31/08/2026";"12:31:08";2026;2;"Eleição Ordinária";6259;"Eleições Gerais Estaduais 2026";"04/10/2026";"AM";"AM";"AMAZONAS";40002542674;9;71;"Fundo de Curto Prazo";"BRADESCO INFORMADO POR CNPJ 60.746.948/0001-12";"135427,06";"26/08/2026";"10:30:34"
"31/08/2026";"12:31:08";2026;2;"Eleição Ordinária";6259;"Eleições Gerais Estaduais 2026";"04/10/2026";"AM";"AM";"AMAZONAS";40002542674;11;63;"Dinheiro em espécie - moeda nacional";"DINHEIRO EM ESPÉCIE";"10000,00";"26/08/2026";"10:30:34"
"31/08/2026";"12:31:08";2026;2;"Eleição Ordinária";6259;"Eleições Gerais Estaduais 2026";"04/10/2026";"AM";"AM";"AMAZONAS";40002542674;10;45;"Aplicação de renda fixa (CDB, RDB e outros)";"CEF INFORMADO POR CNPJ 00.360.305/0001-04";"509,91";"26/08/2026";"10:30:34"
"31/08/2026";"12:31:08";2026;2;"Eleição Ordinária";6259;"Eleições Gerais Estaduais 2026";"04/10/2026";"AM";"AM";"AMAZONAS";40002542674;14;49;"Outras aplicações e Investimentos";"BANCO XP S/A SALDO EM CONTA";"0,32";"26/08/2026";"10:30:34"
"31/08/2026";"12:31:08";2026;2;"Eleição Ordinária";6259;"Eleições Gerais Estaduais 2026";"04/10/2026";"AM";"AM";"AMAZONAS";40002542674;12;74;"Fundos: Ações, Mútuos de Privatização, Invest. Empresas Emergentes, Invest.Participação e Invest. Índice Mercado";"SAFRA TOP FUNDO DE INV FINANCEIRO CLASSE DE INV EM COTAS REN INFORMADO POR BANCO SAFRA";"59293,54";"26/08/2026";"10:30:34"
"31/08/2026";"12:31:08";2026;2;"Eleição Ordinária";6259;"Eleições Gerais Estaduais 2026";"04/10/2026";"AM";"AM";"AMAZONAS";40002542674;13;74;"Fundos: Ações, Mútuos de Privatização, Invest. Empresas Emergentes, Invest.Participação e Invest. Índice Mercado";"SAFRA SMALL CAP FIC FIA";"22364,29";"26/08/2026";"10:30:34"
"31/08/2026";"12:31:08";2026;2;"Eleição Ordinária";6259;"Eleições Gerais Estaduais 2026";"04/10/2026";"AM";"AM";"AMAZONAS";40002542674;15;74;"Fundos: Ações, Mútuos de Privatização, Invest. Empresas Emergentes, Invest.Participação e Invest. Índice Mercado";"SAFRA INFLATION FUNDO DE INVESTIMENTO FINANCEIRO CLASSE DE I INFORMADO POR BANCO SAFRA";"90537,18";"26/08/2026";"10:30:34"
"31/08/2026";"12:31:08";2026;2;"Eleição Ordinária";6259;"Eleições Gerais Estaduais 2026";"04/10/2026";"AM";"AM";"AMAZONAS";40002542674;17;74;"Fundos: Ações, Mútuos de Privatização, Invest. Empresas Emergentes, Invest.Participação e Invest. Índice Mercado";"SAFRA BUILDING BLOCK LG ONLY CIA";"53953,20";"26/08/2026";"10:30:34"
"31/08/2026";"12:31:08";2026;2;"Eleição Ordinária";6259;"Eleições Gerais Estaduais 2026";"04/10/2026";"AM";"AM";"AMAZONAS";40002542674;16;45;"Aplicação de renda fixa (CDB, RDB e outros)";"SAFRA APLICAÇÕES EM RENDA FIXA";"81100,00";"26/08/2026";"10:30:34"
"31/08/2026";"12:31:08";2026;2;"Eleição Ordinária";6259;"Eleições Gerais Estaduais 2026";"04/10/2026";"AM";"AM";"AMAZONAS";40002542674;19;49;"Outras aplicações e Investimentos";"XP INVESTIMENTOS PETRÓLEO BRASILEIRO S/A";"28449,29";"26/08/2026";"10:30:34"
"31/08/2026";"12:31:08";2026;2;"Eleição Ordinária";6259;"Eleições Gerais Estaduais 2026";"04/10/2026";"AM";"AM";"AMAZONAS";40002542674;18;74;"Fundos: Ações, Mútuos de Privatização, Invest. Empresas Emergentes, Invest.Participação e Invest. Índice Mercado";"SAFRA SELECTION FIC FIA";"8000,00";"26/08/2026";"10:30:34"
"31/08/2026";"12:31:08";2026;2;"Eleição Ordinária";6259;"Eleições Gerais Estaduais 2026";"04/10/2026";"AM";"AM";"AMAZONAS";40002542674;20;45;"Aplicação de renda fixa (CDB, RDB e outros)";"BRADESCO APLICAÇÕES EM RENDA FIXA";"125388,87";"26/08/2026";"10:30:34"
"31/08/2026";"12:31:08";2026;2;"Eleição Ordinária";6259;"Eleições Gerais Estaduais 2026";"04/10/2026";"AM";"AM";"AMAZONAS";40002542674;22;49;"Outras aplicações e Investimentos";"XP INVESTIMENTOS TESOURO NACIONAL NTN-B";"9956,29";"26/08/2026";"10:30:34"
"31/08/2026";"12:31:08";2026;2;"Eleição Ordinária";6259;"Eleições Gerais Estaduais 2026";"04/10/2026";"AM";"AM";"AMAZONAS";40002542674;21;74;"Fundos: Ações, Mútuos de Privatização, Invest. Empresas Emergentes, Invest.Participação e Invest. Índice Mercado";"SAFRA VITESSE FI RF CP";"118430,54";"26/08/2026";"10:30:34"
"31/08/2026";"12:31:08";2026;2;"Eleição Ordinária";6259;"Eleições Gerais Estaduais 2026";"04/10/2026";"AM";"AM";"AMAZONAS";40002542674;23;74;"Fundos: Ações, Mútuos de Privatização, Invest. Empresas Emergentes, Invest.Participação e Invest. Índice Mercado";"BRADESCO FUNDO DE INVESTIMENTO EM COTAS DE FUNDOS DE INVESTIMENTO MULTIMERCADO SPX NIMITZ - INFORMADO POR CNPJ 60.746.948/0001-12";"410506,25";"26/08/2026";"10:30:34"
"31/08/2026";"12:31:08";2026;2;"Eleição Ordinária";6259;"Eleições Gerais Estaduais 2026";"04/10/2026";"AM";"AM";"AMAZONAS";40002542674;26;13;"Terreno";"LOTE DE TERRA";"120000,00";"26/08/2026";"10:30:34"
"31/08/2026";"12:31:08";2026;2;"Eleição Ordinária";6259;"Eleições Gerais Estaduais 2026";"04/10/2026";"AM";"AM";"AMAZONAS";40002542674;25;45;"Aplicação de renda fixa (CDB, RDB e outros)";"SAFRA INFORMADO POR CNPJ 58.160.789/0001-2";"977,53";"26/08/2026";"10:30:34"
"31/08/2026";"12:31:08";2026;2;"Eleição Ordinária";6259;"Eleições Gerais Estaduais 2026";"04/10/2026";"AM";"AM";"AMAZONAS";40002542674;24;45;"Aplicação de renda fixa (CDB, RDB e outros)";"BRADESCO FUNDO DE INVESTIMENTO EM COTAS DE FUNDOS DE INVESTIMENTO RENDA FIXA REFERENCIADO DI MAX - INFORMADO POR CNPJ 60.746.948/0001-12";"269352,43";"26/08/2026";"10:30:34"
"31/08/2026";"12:31:08";2026;2;"Eleição Ordinária";6259;"Eleições Gerais Estaduais 2026";"04/10/2026";"AM";"AM";"AMAZONAS";40002542675;3;61;"Depósito bancário em conta corrente no País";"BRADESCO S/A";"1,00";"21/08/2026";"16:00:51"
"31/08/2026";"12:31:08";2026;2;"Eleição Ordinária";6259;"Eleições Gerais Estaduais 2026";"04/10/2026";"AM";"AM";"AMAZONAS";40002542675;1;13;"Terreno";"LOTE DE TERRAS - QUITADO";"30000,00";"21/08/2026";"16:00:51"
"31/08/2026";"12:31:08";2026;2;"Eleição Ordinária";6259;"Eleições Gerais Estaduais 2026";"04/10/2026";"AM";"AM";"AMAZONAS";40002542675;2;95;"Consórcio não contemplado";"BRADESCO - CONSÓRCIO CONTRATO 704050993 - SALDO DEV 31-12-24 - RS 125.901,70";"8828,84";"21/08/2026";"16:00:51"
"31/08/2026";"12:31:08";2026;2;"Eleição Ordinária";6259;"Eleições Gerais Estaduais 2026";"04/10/2026";"AM";"AM";"AMAZONAS";40002542675;5;61;"Depósito bancário em conta corrente no País";"BRADESCO S/A";"3800,15";"21/08/2026";"16:00:51"
"31/08/2026";"12:31:08";2026;2;"Eleição Ordinária";6259;"Eleições Gerais Estaduais 2026";"04/10/2026";"AM";"AM";"AMAZONAS";40002542676;1;61;"Depósito bancário em conta corrente no País";"DEPOSITO EM CONTA CORRENTE";"199428,83";"30/08/2026";"16:45:23"
"31/08/2026";"12:31:08";2026;2;"Eleição Ordinária";6259;"Eleições Gerais Estaduais 2026";"04/10/2026";"AM";"AM";"AMAZONAS";40002542675;4;11;"Apartamento";"RIVER SIDE - SITO";"335790,00";"21/08/2026";"16:00:51"
"31/08/2026";"12:31:08";2026;2;"Eleição Ordinária";6259;"Eleições Gerais Estaduais 2026";"04/10/2026";"AM";"AM";"AMAZONAS";40002542678;1;21;"Veículo automotor terrestre: caminhão, automóvel, moto, etc.";"AMAROK CD 4X4";"120000,00";"21/08/2026";"15:42:10"
"31/08/2026";"12:31:08";2026;2;"Eleição Ordinária";6259;"Eleições Gerais Estaduais 2026";"04/10/2026";"AM";"AM";"AMAZONAS";40002542676;2;11;"Apartamento";"COMPRA DE APARTAMENTO";"200000,00";"30/08/2026";"16:45:23"
"31/08/2026";"12:31:08";2026;2;"Eleição Ordinária";6259;"Eleições Gerais Estaduais 2026";"04/10/2026";"AM";"AM";"AMAZONAS";40002542678;2;41;"Caderneta de poupança";"CADERNETA DE POUPANÇA CNPJ 00.000.000/0001-91";"2715,34";"21/08/2026";"15:42:10"
"31/08/2026";"12:31:08";2026;2;"Eleição Ordinária";6259;"Eleições Gerais Estaduais 2026";"04/10/2026";"AM";"AM";"AMAZONAS";40002542678;3;21;"Veículo automotor terrestre: caminhão, automóvel, moto, etc.";"VW/GOL 1.0 GIV";"30000,00";"21/08/2026";"15:42:10"
"31/08/2026";"12:31:08";2026;2;"Eleição Ordinária";6259;"Eleições Gerais Estaduais 2026";"04/10/2026";"AM";"AM";"AMAZONAS";40002542678;4;21;"Veículo automotor terrestre: caminhão, automóvel, moto, etc.";"FORD/KA";"17500,00";"21/08/2026";"15:42:10"
"31/08/2026";"12:31:08";2026;2;"Eleição Ordinária";6259;"Eleições Gerais Estaduais 2026";"04/10/2026";"AM";"AM";"AMAZONAS";40002542678;5;1;"Prédio residencial";"PREDIO RESIDENCIAL";"90000,00";"21/08/2026";"15:42:10"
"31/08/2026";"12:31:08";2026;2;"Eleição Ordinária";6259;"Eleições Gerais Estaduais 2026";"04/10/2026";"AM";"AM";"AMAZONAS";40002542678;6;21;"Veículo automotor terrestre: caminhão, automóvel, moto, etc.";"NISSAN/FROTIER";"50000,00";"21/08/2026";"15:42:10"
"31/08/2026";"12:31:08";2026;2;"Eleição Ordinária";6259;"Eleições Gerais Estaduais 2026";"04/10/2026";"AM";"AM";"AMAZONAS";40002542678;7;95;"Consórcio não contemplado";"CONSÓRCIO NÃO CONTEPLADO, VALOR DO BEM R$ 154.3498,10 FALTANDO 40 PARCELAS, SALDO DEVEDOR 72.577,72";"21616,96";"21/08/2026";"15:42:10"
"31/08/2026";"12:31:08";2026;2;"Eleição Ordinária";6259;"Eleições Gerais Estaduais 2026";"04/10/2026";"AM";"AM";"AMAZONAS";40002542678;8;45;"Aplicação de renda fixa (CDB, RDB e outros)";"APLICAÇÃO RENDA FIXA CNPJ 60.746.948/0001-12";"8953,36";"21/08/2026";"15:42:10"
"31/08/2026";"12:31:08";2026;2;"Eleição Ordinária";6259;"Eleições Gerais Estaduais 2026";"04/10/2026";"AM";"AM";"AMAZONAS";40002542679;1;21;"Veículo automotor terrestre: caminhão, automóvel, moto, etc.";"AUTOMÓVEL";"12000,00";"26/08/2026";"19:50:54"
"31/08/2026";"12:31:08";2026;2;"Eleição Ordinária";6259;"Eleições Gerais Estaduais 2026";"04/10/2026";"AM";"AM";"AMAZONAS";40002542680;2;21;"Veículo automotor terrestre: caminhão, automóvel, moto, etc.";"AUTOMÓVEL";"40000,00";"26/08/2026";"19:51:14"
"31/08/2026";"12:31:08";2026;2;"Eleição Ordinária";6259;"Eleições Gerais Estaduais 2026";"04/10/2026";"AM";"AM";"AMAZONAS";40002542680;1;21;"Veículo automotor terrestre: caminhão, automóvel, moto, etc.";"MOTO";"5000,00";"26/08/2026";"19:51:14"
"31/08/2026";"12:31:08";2026;2;"Eleição Ordinária";6259;"Eleições Gerais Estaduais 2026";"04/10/2026";"AM";"AM";"AMAZONAS";40002542680;3;21;"Veículo automotor terrestre: caminhão, automóvel, moto, etc.";"AUTOMÓVEL";"30000,00";"26/08/2026";"19:51:14"
"31/08/2026";"12:31:08";2026;2;"Eleição Ordinária";6259;"Eleições Gerais Estaduais 2026";"04/10/2026";"AM";"AM";"AMAZONAS";40002542680;4;21;"Veículo automotor terrestre: caminhão, automóvel, moto, etc.";"AUTOMÓVEL";"75000,00";"26/08/2026";"19:51:14"
"31/08/2026";"12:31:08";2026;2;"Eleição Ordinária";6259;"Eleições Gerais Estaduais 2026";"04/10/2026";"AM";"AM";"AMAZONAS";40002542680;5;21;"Veículo automotor terrestre: caminhão, automóvel, moto, etc.";"MOTO FACTOR";"7000,00";"26/08/2026";"19:51:14"
"31/08/2026";"12:31:08";2026;2;"Eleição Ordinária";6259;"Eleições Gerais Estaduais 2026";"04/10/2026";"AM";"AM";"AMAZONAS";40002542680;7;21;"Veículo automotor terrestre: caminhão, automóvel, moto, etc.";"AUTOMÓVEL";"35000,00";"26/08/2026";"19:51:14"
"31/08/2026";"12:31:08";2026;2;"Eleição Ordinária";6259;"Eleições Gerais Estaduais 2026";"04/10/2026";"AM";"AM";"AMAZONAS";40002542680;6;21;"Veículo automotor terrestre: caminhão, automóvel, moto, etc.";"MOTO MT03";"32000,00";"26/08/2026";"19:51:14"
"31/08/2026";"12:31:08";2026;2;"Eleição Ordinária";6259;"Eleições Gerais Estaduais 2026";"04/10/2026";"AM";"AM";"AMAZONAS";40002542680;8;12;"Casa";"ALVENARIA";"150000,00";"26/08/2026";"19:51:14"
"31/08/2026";"12:31:08";2026;2;"Eleição Ordinária";6259;"Eleições Gerais Estaduais 2026";"04/10/2026";"AM";"AM";"AMAZONAS";40002542680;9;21;"Veículo automotor terrestre: caminhão, automóvel, moto, etc.";"MOTO FACTOR";"10000,00";"26/08/2026";"19:51:14"
"31/08/2026";"12:31:08";2026;2;"Eleição Ordinária";6259;"Eleições Gerais Estaduais 2026";"04/10/2026";"AM";"AM";"AMAZONAS";40002542681;1;21;"Veículo automotor terrestre: caminhão, automóvel, moto, etc.";"MOTO HONDA - FINANCIADO";"15219,37";"18/08/2026";"21:22:30"
"31/08/2026";"12:31:08";2026;2;"Eleição Ordinária";6259;"Eleições Gerais Estaduais 2026";"04/10/2026";"AM";"AM";"AMAZONAS";40002542681;2;21;"Veículo automotor terrestre: caminhão, automóvel, moto, etc.";"AUTOMÓVEL";"44240,91";"18/08/2026";"21:22:30"
"31/08/2026";"12:31:08";2026;2;"Eleição Ordinária";6259;"Eleições Gerais Estaduais 2026";"04/10/2026";"AM";"AM";"AMAZONAS";40002542681;5;21;"Veículo automotor terrestre: caminhão, automóvel, moto, etc.";"MOTO YAMAHA - FINANCIADO";"16997,33";"18/08/2026";"21:22:30"
"31/08/2026";"12:31:08";2026;2;"Eleição Ordinária";6259;"Eleições Gerais Estaduais 2026";"04/10/2026";"AM";"AM";"AMAZONAS";40002542681;3;21;"Veículo automotor terrestre: caminhão, automóvel, moto, etc.";"MOTO YAMAHA";"15090,00";"18/08/2026";"21:22:30"
"31/08/2026";"12:31:08";2026;2;"Eleição Ordinária";6259;"Eleições Gerais Estaduais 2026";"04/10/2026";"AM";"AM";"AMAZONAS";40002542681;4;21;"Veículo automotor terrestre: caminhão, automóvel, moto, etc.";"MOTO DAFRA";"10190,92";"18/08/2026";"21:22:30"
"31/08/2026";"12:31:08";2026;2;"Eleição Ordinária";6259;"Eleições Gerais Estaduais 2026";"04/10/2026";"AM";"AM";"AMAZONAS";40002542686;1;61;"Depósito bancário em conta corrente no País";"DEPOSITO EM CONTA CORRENTE";"10893,80";"27/08/2026";"19:26:14"
"31/08/2026";"12:31:08";2026;2;"Eleição Ordinária";6259;"Eleições Gerais Estaduais 2026";"04/10/2026";"AM";"AM";"AMAZONAS";40002542681;6;21;"Veículo automotor terrestre: caminhão, automóvel, moto, etc.";"MOTO HONDA - FINANCIADO";"23243,94";"18/08/2026";"21:22:30"
"31/08/2026";"12:31:08";2026;2;"Eleição Ordinária";6259;"Eleições Gerais Estaduais 2026";"04/10/2026";"AM";"AM";"AMAZONAS";40002542684;1;21;"Veículo automotor terrestre: caminhão, automóvel, moto, etc.";"MOTO YAMAHA";"28000,00";"26/08/2026";"16:36:20"
"31/08/2026";"12:31:08";2026;2;"Eleição Ordinária";6259;"Eleições Gerais Estaduais 2026";"04/10/2026";"AM";"AM";"AMAZONAS";40002542686;2;39;"Outras participações societárias";"PARTICIPAÇÃO SOCIETARIA";"200000,00";"27/08/2026";"19:26:14"
"31/08/2026";"12:31:08";2026;2;"Eleição Ordinária";6259;"Eleições Gerais Estaduais 2026";"04/10/2026";"AM";"AM";"AMAZONAS";40002542686;4;61;"Depósito bancário em conta corrente no País";"DEPOSITO EM CONTA CORRENTE";"1,00";"27/08/2026";"19:26:14"
"31/08/2026";"12:31:08";2026;2;"Eleição Ordinária";6259;"Eleições Gerais Estaduais 2026";"04/10/2026";"AM";"AM";"AMAZONAS";40002542686;3;49;"Outras aplicações e Investimentos";"FUNDO DE INVESTIMENTOS";"48587,33";"27/08/2026";"19:26:14"
"31/08/2026";"12:31:08";2026;2;"Eleição Ordinária";6259;"Eleições Gerais Estaduais 2026";"04/10/2026";"AM";"AM";"AMAZONAS";40002542686;5;49;"Outras aplicações e Investimentos";"APLICAÇÕES E INVESTIMENTOS";"53503,20";"27/08/2026";"19:26:14"
"31/08/2026";"12:31:08";2026;2;"Eleição Ordinária";6259;"Eleições Gerais Estaduais 2026";"04/10/2026";"AM";"AM";"AMAZONAS";40002542686;7;11;"Apartamento";"APARTAMENTO";"312000,00";"27/08/2026";"19:26:14"
"31/08/2026";"12:31:08";2026;2;"Eleição Ordinária";6259;"Eleições Gerais Estaduais 2026";"04/10/2026";"AM";"AM";"AMAZONAS";40002542686;6;41;"Caderneta de poupança";"DEPOSITO EM CONTA POUPANÇA";"0,04";"27/08/2026";"19:26:14"
"31/08/2026";"12:31:08";2026;2;"Eleição Ordinária";6259;"Eleições Gerais Estaduais 2026";"04/10/2026";"AM";"AM";"AMAZONAS";40002542687;1;21;"Veículo automotor terrestre: caminhão, automóvel, moto, etc.";"VEICULO AUTOMOTOR";"85000,00";"19/08/2026";"16:59:09"
"31/08/2026";"12:31:08";2026;2;"Eleição Ordinária";6259;"Eleições Gerais Estaduais 2026";"04/10/2026";"AM";"AM";"AMAZONAS";40002542686;8;49;"Outras aplicações e Investimentos";"APLICAÇÕES E INVESTIMENTOS";"30455,48";"27/08/2026";"19:26:14"
"31/08/2026";"12:31:08";2026;2;"Eleição Ordinária";6259;"Eleições Gerais Estaduais 2026";"04/10/2026";"AM";"AM";"AMAZONAS";40002542687;2;41;"Caderneta de poupança";"DEPOSITO CONTA POUPANÇA";"15,79";"19/08/2026";"16:59:09"
"31/08/2026";"12:31:08";2026;2;"Eleição Ordinária";6259;"Eleições Gerais Estaduais 2026";"04/10/2026";"AM";"AM";"AMAZONAS";40002542687;4;41;"Caderneta de poupança";"DEPOSITO CONTA POUPANÇA";"308,50";"19/08/2026";"16:59:09"
"31/08/2026";"12:31:08";2026;2;"Eleição Ordinária";6259;"Eleições Gerais Estaduais 2026";"04/10/2026";"AM";"AM";"AMAZONAS";40002542687;5;41;"Caderneta de poupança";"DEPOSITO CONTA POUPANÇA";"252,28";"19/08/2026";"16:59:09"
"31/08/2026";"12:31:08";2026;2;"Eleição Ordinária";6259;"Eleições Gerais Estaduais 2026";"04/10/2026";"AM";"AM";"AMAZONAS";40002542687;3;41;"Caderneta de poupança";"DEPOSITO CONTA POUPANÇA";"1,00";"19/08/2026";"16:59:09"
"31/08/2026";"12:31:08";2026;2;"Eleição Ordinária";6259;"Eleições Gerais Estaduais 2026";"04/10/2026";"AM";"AM";"AMAZONAS";40002542688;1;39;"Outras participações societárias";"PARTICIPAÇÕES SOCIETÁRIAS";"3750000,00";"20/08/2026";"13:52:35"
"31/08/2026";"12:31:08";2026;2;"Eleição Ordinária";6259;"Eleições Gerais Estaduais 2026";"04/10/2026";"AM";"AM";"AMAZONAS";40002542688;3;21;"Veículo automotor terrestre: caminhão, automóvel, moto, etc.";"VEICULO AUTOMOTOR";"120000,00";"20/08/2026";"13:52:35"
"31/08/2026";"12:31:08";2026;2;"Eleição Ordinária";6259;"Eleições Gerais Estaduais 2026";"04/10/2026";"AM";"AM";"AMAZONAS";40002542688;2;49;"Outras aplicações e Investimentos";"APLICAÇÕES E INVESTIMENTOS";"2093,24";"20/08/2026";"13:52:35"
"31/08/2026";"12:31:08";2026;2;"Eleição Ordinária";6259;"Eleições Gerais Estaduais 2026";"04/10/2026";"AM";"AM";"AMAZONAS";40002542688;5;39;"Outras participações societárias";"PARTICIPAÇÕES SOCIETÁRIAS";"120000,00";"20/08/2026";"13:52:35"
"31/08/2026";"12:31:08";2026;2;"Eleição Ordinária";6259;"Eleições Gerais Estaduais 2026";"04/10/2026";"AM";"AM";"AMAZONAS";40002542688;4;21;"Veículo automotor terrestre: caminhão, automóvel, moto, etc.";"VEICULO AUTOMOTOR";"40000,00";"20/08/2026";"13:52:35"
"31/08/2026";"12:31:08";2026;2;"Eleição Ordinária";6259;"Eleições Gerais Estaduais 2026";"04/10/2026";"AM";"AM";"AMAZONAS";40002542688;6;49;"Outras aplicações e Investimentos";"FUNDOS DE INVESTIMENTOS";"148540,29";"20/08/2026";"13:52:35"
"31/08/2026";"12:31:08";2026;2;"Eleição Ordinária";6259;"Eleições Gerais Estaduais 2026";"04/10/2026";"AM";"AM";"AMAZONAS";40002542688;9;99;"OUTROS BENS E DIREITOS";"OUTROS BENS E DIREITOS";"1719300,00";"20/08/2026";"13:52:35"
"31/08/2026";"12:31:08";2026;2;"Eleição Ordinária";6259;"Eleições Gerais Estaduais 2026";"04/10/2026";"AM";"AM";"AMAZONAS";40002542688;7;49;"Outras aplicações e Investimentos";"FUNDOS DE INVESTIMENTOS";"239782,53";"20/08/2026";"13:52:35"
"31/08/2026";"12:31:08";2026;2;"Eleição Ordinária";6259;"Eleições Gerais Estaduais 2026";"04/10/2026";"AM";"AM";"AMAZONAS";40002542688;8;49;"Outras aplicações e Investimentos";"FUNDOS DE INVESTIMENTOS";"147115,23";"20/08/2026";"13:52:35"
"31/08/2026";"12:31:08";2026;2;"Eleição Ordinária";6259;"Eleições Gerais Estaduais 2026";"04/10/2026";"AM";"AM";"AMAZONAS";40002542688;12;39;"Outras participações societárias";"PARTICIPAÇÕES SOCIETÁRIAS";"1500000,00";"20/08/2026";"13:52:35"
"31/08/2026";"12:31:08";2026;2;"Eleição Ordinária";6259;"Eleições Gerais Estaduais 2026";"04/10/2026";"AM";"AM";"AMAZONAS";40002542688;10;99;"OUTROS BENS E DIREITOS";"OUTROS BENS E DIREITOS";"541000,00";"20/08/2026";"13:52:35"
"31/08/2026";"12:31:08";2026;2;"Eleição Ordinária";6259;"Eleições Gerais Estaduais 2026";"04/10/2026";"AM";"AM";"AMAZONAS";40002542688;11;63;"Dinheiro em espécie - moeda nacional";"DINHEIRO EM ESPECIE";"900000,00";"20/08/2026";"13:52:35"
"31/08/2026";"12:31:08";2026;2;"Eleição Ordinária";6259;"Eleições Gerais Estaduais 2026";"04/10/2026";"AM";"AM";"AMAZONAS";40002542688;14;13;"Terreno";"TERRENO";"543608,33";"20/08/2026";"13:52:35"
"31/08/2026";"12:31:08";2026;2;"Eleição Ordinária";6259;"Eleições Gerais Estaduais 2026";"04/10/2026";"AM";"AM";"AMAZONAS";40002542688;15;19;"Outros bens imóveis";"IMOVEL RURAL";"400000,00";"20/08/2026";"13:52:35"
"31/08/2026";"12:31:08";2026;2;"Eleição Ordinária";6259;"Eleições Gerais Estaduais 2026";"04/10/2026";"AM";"AM";"AMAZONAS";40002542688;13;12;"Casa";"CASA";"612562,22";"20/08/2026";"13:52:35"
"31/08/2026";"12:31:08";2026;2;"Eleição Ordinária";6259;"Eleições Gerais Estaduais 2026";"04/10/2026";"AM";"AM";"AMAZONAS";40002542688;16;21;"Veículo automotor terrestre: caminhão, automóvel, moto, etc.";"VEICULO AUTOMOTOR";"1099000,00";"20/08/2026";"13:52:35"
"31/08/2026";"12:31:08";2026;2;"Eleição Ordinária";6259;"Eleições Gerais Estaduais 2026";"04/10/2026";"AM";"AM";"AMAZONAS";40002542688;17;21;"Veículo automotor terrestre: caminhão, automóvel, moto, etc.";"VEICULO AUTOMOTOR";"1850000,00";"20/08/2026";"13:52:35"
"31/08/2026";"12:31:08";2026;2;"Eleição Ordinária";6259;"Eleições Gerais Estaduais 2026";"04/10/2026";"AM";"AM";"AMAZONAS";40002542688;18;11;"Apartamento";"APARTAMENTO";"615460,00";"20/08/2026";"13:52:35"
"31/08/2026";"12:31:08";2026;2;"Eleição Ordinária";6259;"Eleições Gerais Estaduais 2026";"04/10/2026";"AM";"AM";"AMAZONAS";40002542688;19;61;"Depósito bancário em conta corrente no País";"DEPOSITO EM CONTA CORRENTE";"122,00";"20/08/2026";"13:52:35"
"31/08/2026";"12:31:08";2026;2;"Eleição Ordinária";6259;"Eleições Gerais Estaduais 2026";"04/10/2026";"AM";"AM";"AMAZONAS";40002542688;20;49;"Outras aplicações e Investimentos";"FUNDOS DE INVESTIMENTOS";"104327,25";"20/08/2026";"13:52:35"
"31/08/2026";"12:31:08";2026;2;"Eleição Ordinária";6259;"Eleições Gerais Estaduais 2026";"04/10/2026";"AM";"AM";"AMAZONAS";40002542688;21;49;"Outras aplicações e Investimentos";"FUNDOS DE INVESTIMENTOS";"200540,33";"20/08/2026";"13:52:35"
"31/08/2026";"12:31:08";2026;2;"Eleição Ordinária";6259;"Eleições Gerais Estaduais 2026";"04/10/2026";"AM";"AM";"AMAZONAS";40002542688;23;61;"Depósito bancário em conta corrente no País";"DEPOSITO EM CONTA CORRENTE";"698,93";"20/08/2026";"13:52:35"
"31/08/2026";"12:31:08";2026;2;"Eleição Ordinária";6259;"Eleições Gerais Estaduais 2026";"04/10/2026";"AM";"AM";"AMAZONAS";40002542688;24;49;"Outras aplicações e Investimentos";"TITULOS ISENTOS DE TRIBUTAÇÃO";"192565,05";"20/08/2026";"13:52:35"
"31/08/2026";"12:31:08";2026;2;"Eleição Ordinária";6259;"Eleições Gerais Estaduais 2026";"04/10/2026";"AM";"AM";"AMAZONAS";40002542688;22;41;"Caderneta de poupança";"CONTA POUPANÇA";"507,32";"20/08/2026";"13:52:35"
"31/08/2026";"12:31:08";2026;2;"Eleição Ordinária";6259;"Eleições Gerais Estaduais 2026";"04/10/2026";"AM";"AM";"AMAZONAS";40002542688;25;49;"Outras aplicações e Investimentos";"TITULOS ISENTOS DE TRIBUTAÇÃO";"154405,62";"20/08/2026";"13:52:35"
"31/08/2026";"12:31:08";2026;2;"Eleição Ordinária";6259;"Eleições Gerais Estaduais 2026";"04/10/2026";"AM";"AM";"AMAZONAS";40002542688;26;49;"Outras aplicações e Investimentos";"FUNDOS DE INESTIMENTOS";"982958,85";"20/08/2026";"13:52:35"
"31/08/2026";"12:31:08";2026;2;"Eleição Ordinária";6259;"Eleições Gerais Estaduais 2026";"04/10/2026";"AM";"AM";"AMAZONAS";40002542688;27;49;"Outras aplicações e Investimentos";"FUNDOS DE INVESTIMENTOS";"124974,55";"20/08/2026";"13:52:35"
"31/08/2026";"12:31:08";2026;2;"Eleição Ordinária";6259;"Eleições Gerais Estaduais 2026";"04/10/2026";"AM";"AM";"AMAZONAS";40002542688;28;99;"OUTROS BENS E DIREITOS";"OUTROS BENS E DIREITOS";"58717,00";"20/08/2026";"13:52:35"
"31/08/2026";"12:31:08";2026;2;"Eleição Ordinária";6259;"Eleições Gerais Estaduais 2026";"04/10/2026";"AM";"AM";"AMAZONAS";40002542688;30;19;"Outros bens imóveis";"IMOVEL RURAL";"220000,00";"20/08/2026";"13:52:35"
"31/08/2026";"12:31:08";2026;2;"Eleição Ordinária";6259;"Eleições Gerais Estaduais 2026";"04/10/2026";"AM";"AM";"AMAZONAS";40002542688;29;19;"Outros bens imóveis";"IMOVEL RURAL";"365000,00";"20/08/2026";"13:52:35"
"31/08/2026";"12:31:08";2026;2;"Eleição Ordinária";6259;"Eleições Gerais Estaduais 2026";"04/10/2026";"AM";"AM";"AMAZONAS";40002542688;31;19;"Outros bens imóveis";"CHACARA";"250000,00";"20/08/2026";"13:52:35"
"31/08/2026";"12:31:08";2026;2;"Eleição Ordinária";6259;"Eleições Gerais Estaduais 2026";"04/10/2026";"AM";"AM";"AMAZONAS";40002542688;32;11;"Apartamento";"APARTAMENTO";"910000,00";"20/08/2026";"13:52:35"
"31/08/2026";"12:31:08";2026;2;"Eleição Ordinária";6259;"Eleições Gerais Estaduais 2026";"04/10/2026";"AM";"AM";"AMAZONAS";40002542688;33;31;"Ações (inclusive as provenientes de linha telefônica)";"AÇOES";"1400000,00";"20/08/2026";"13:52:35"
"31/08/2026";"12:31:08";2026;2;"Eleição Ordinária";6259;"Eleições Gerais Estaduais 2026";"04/10/2026";"AM";"AM";"AMAZONAS";40002542688;34;61;"Depósito bancário em conta corrente no País";"DEPOSITO EM CONTA CORRENTE";"1011,44";"20/08/2026";"13:52:35"
"31/08/2026";"12:31:08";2026;2;"Eleição Ordinária";6259;"Eleições Gerais Estaduais 2026";"04/10/2026";"AM";"AM";"AMAZONAS";40002542688;35;21;"Veículo automotor terrestre: caminhão, automóvel, moto, etc.";"VEICULO AUTOMOTOR";"2500000,00";"20/08/2026";"13:52:35"
"31/08/2026";"12:31:08";2026;2;"Eleição Ordinária";6259;"Eleições Gerais Estaduais 2026";"04/10/2026";"AM";"AM";"AMAZONAS";40002542688;36;49;"Outras aplicações e Investimentos";"TITULOS ISENTOS DE TRIBUTAÇÃO";"123328,11";"20/08/2026";"13:52:35"
"31/08/2026";"12:31:08";2026;2;"Eleição Ordinária";6259;"Eleições Gerais Estaduais 2026";"04/10/2026";"AM";"AM";"AMAZONAS";40002542688;39;61;"Depósito bancário em conta corrente no País";"OUTROS DEPOSITOS À VISTA";"1,00";"20/08/2026";"13:52:35"
"31/08/2026";"12:31:08";2026;2;"Eleição Ordinária";6259;"Eleições Gerais Estaduais 2026";"04/10/2026";"AM";"AM";"AMAZONAS";40002542688;37;49;"Outras aplicações e Investimentos";"TITULOS ISENTOS DE TRIBUTAÇÃO";"165203,93";"20/08/2026";"13:52:35"
"31/08/2026";"12:31:08";2026;2;"Eleição Ordinária";6259;"Eleições Gerais Estaduais 2026";"04/10/2026";"AM";"AM";"AMAZONAS";40002542688;38;49;"Outras aplicações e Investimentos";"TITULOS ISENTOS DE TRIBUTAÇÃO";"100000,00";"20/08/2026";"13:52:35"
"31/08/2026";"12:31:08";2026;2;"Eleição Ordinária";6259;"Eleições Gerais Estaduais 2026";"04/10/2026";"AM";"AM";"AMAZONAS";40002542688;40;39;"Outras participações societárias";"PARTICIPAÇÕES SOCIETÁRIAS";"50000,00";"20/08/2026";"13:52:35"
"31/08/2026";"12:31:08";2026;2;"Eleição Ordinária";6259;"Eleições Gerais Estaduais 2026";"04/10/2026";"AM";"AM";"AMAZONAS";40002542688;41;39;"Outras participações societárias";"PARTICIPAÇÕES SOCIETÁRIAS";"1000000,00";"20/08/2026";"13:52:35"
"31/08/2026";"12:31:08";2026;2;"Eleição Ordinária";6259;"Eleições Gerais Estaduais 2026";"04/10/2026";"AM";"AM";"AMAZONAS";40002542688;42;49;"Outras aplicações e Investimentos";"APLICAÇÕES E INVESTIMENTOS";"87680,54";"20/08/2026";"13:52:35"
"31/08/2026";"12:31:08";2026;2;"Eleição Ordinária";6259;"Eleições Gerais Estaduais 2026";"04/10/2026";"AM";"AM";"AMAZONAS";40002542688;43;49;"Outras aplicações e Investimentos";"APLICAÇÕES E INVESTIMENTOS";"56,22";"20/08/2026";"13:52:35"
"31/08/2026";"12:31:08";2026;2;"Eleição Ordinária";6259;"Eleições Gerais Estaduais 2026";"04/10/2026";"AM";"AM";"AMAZONAS";40002542688;44;49;"Outras aplicações e Investimentos";"FUNDOS DE INVESTIMENTOS";"100000,00";"20/08/2026";"13:52:35"
"31/08/2026";"12:31:08";2026;2;"Eleição Ordinária";6259;"Eleições Gerais Estaduais 2026";"04/10/2026";"AM";"AM";"AMAZONAS";40002542949;1;79;"Outros fundos";"RENDIMENTOS TRIBUTARIOS RECEBIDOS DE PESSOAS JURIDICAS";"48237,03";"23/08/2026";"16:33:16"
"31/08/2026";"12:31:08";2026;2;"Eleição Ordinária";6259;"Eleições Gerais Estaduais 2026";"04/10/2026";"AM";"AM";"AMAZONAS";40002542953;1;13;"Terreno";"LOTE DE TERRA FUNDIARIO";"350000,00";"23/08/2026";"15:41:39"
"31/08/2026";"12:31:08";2026;2;"Eleição Ordinária";6259;"Eleições Gerais Estaduais 2026";"04/10/2026";"AM";"AM";"AMAZONAS";40002542953;2;21;"Veículo automotor terrestre: caminhão, automóvel, moto, etc.";"ESCAVADEIRA PC-150";"120000,00";"23/08/2026";"15:41:39"
"31/08/2026";"12:31:08";2026;2;"Eleição Ordinária";6259;"Eleições Gerais Estaduais 2026";"04/10/2026";"AM";"AM";"AMAZONAS";40002542949;2;12;"Casa";"IMOVEL";"150000,00";"23/08/2026";"16:33:16"
"31/08/2026";"12:31:08";2026;2;"Eleição Ordinária";6259;"Eleições Gerais Estaduais 2026";"04/10/2026";"AM";"AM";"AMAZONAS";40002542953;3;21;"Veículo automotor terrestre: caminhão, automóvel, moto, etc.";"TOYOTA ETIOS";"45000,00";"23/08/2026";"15:41:39"
"31/08/2026";"12:31:08";2026;2;"Eleição Ordinária";6259;"Eleições Gerais Estaduais 2026";"04/10/2026";"AM";"AM";"AMAZONAS";40002542953;5;21;"Veículo automotor terrestre: caminhão, automóvel, moto, etc.";"MOTO NIVELADORA 140-B";"130000,00";"23/08/2026";"15:41:39"
"31/08/2026";"12:31:08";2026;2;"Eleição Ordinária";6259;"Eleições Gerais Estaduais 2026";"04/10/2026";"AM";"AM";"AMAZONAS";40002542953;4;12;"Casa";"IMOVEL RESIDENCIAL";"730000,00";"23/08/2026";"15:41:39"
"31/08/2026";"12:31:08";2026;2;"Eleição Ordinária";6259;"Eleições Gerais Estaduais 2026";"04/10/2026";"AM";"AM";"AMAZONAS";40002542953;7;21;"Veículo automotor terrestre: caminhão, automóvel, moto, etc.";"TRATOR DE ESTEIRA D6";"250000,00";"23/08/2026";"15:41:39"
"31/08/2026";"12:31:08";2026;2;"Eleição Ordinária";6259;"Eleições Gerais Estaduais 2026";"04/10/2026";"AM";"AM";"AMAZONAS";40002542953;6;21;"Veículo automotor terrestre: caminhão, automóvel, moto, etc.";"TRATOR DE ESTEIRA MF400";"160000,00";"23/08/2026";"15:41:39"
"31/08/2026";"12:31:08";2026;2;"Eleição Ordinária";6259;"Eleições Gerais Estaduais 2026";"04/10/2026";"AM";"AM";"AMAZONAS";40002542954;1;2;"Prédio comercial";"IMÓVEL";"1360731,58";"18/08/2026";"21:22:30"
"31/08/2026";"12:31:08";2026;2;"Eleição Ordinária";6259;"Eleições Gerais Estaduais 2026";"04/10/2026";"AM";"AM";"AMAZONAS";40002542954;4;2;"Prédio comercial";"IMÓVEL";"3327226,03";"18/08/2026";"21:22:30"
"31/08/2026";"12:31:08";2026;2;"Eleição Ordinária";6259;"Eleições Gerais Estaduais 2026";"04/10/2026";"AM";"AM";"AMAZONAS";40002542954;2;2;"Prédio comercial";"IMOVEL";"1186879,06";"18/08/2026";"21:22:30"
"31/08/2026";"12:31:08";2026;2;"Eleição Ordinária";6259;"Eleições Gerais Estaduais 2026";"04/10/2026";"AM";"AM";"AMAZONAS";40002542954;3;2;"Prédio comercial";"IMÓVEL";"1200000,00";"18/08/2026";"21:22:30"
"31/08/2026";"12:31:08";2026;2;"Eleição Ordinária";6259;"Eleições Gerais Estaduais 2026";"04/10/2026";"AM";"AM";"AMAZONAS";40002542955;2;59;"Outros créditos e poupança vinculados";"CONTA POUPANÇA";"0,82";"26/08/2026";"14:14:45"
"31/08/2026";"12:31:08";2026;2;"Eleição Ordinária";6259;"Eleições Gerais Estaduais 2026";"04/10/2026";"AM";"AM";"AMAZONAS";40002542955;1;59;"Outros créditos e poupança vinculados";"CONTA POUPANÇA";"0,90";"26/08/2026";"14:14:45"
"31/08/2026";"12:31:08";2026;2;"Eleição Ordinária";6259;"Eleições Gerais Estaduais 2026";"04/10/2026";"AM";"AM";"AMAZONAS";40002542954;5;2;"Prédio comercial";"IMOVEL";"1193465,31";"18/08/2026";"21:22:30"
"31/08/2026";"12:31:08";2026;2;"Eleição Ordinária";6259;"Eleições Gerais Estaduais 2026";"04/10/2026";"AM";"AM";"AMAZONAS";40002542955;3;61;"Depósito bancário em conta corrente no País";"DEPOSITO EM CONTA CORRENTE";"0,41";"26/08/2026";"14:14:45"
"31/08/2026";"12:31:08";2026;2;"Eleição Ordinária";6259;"Eleições Gerais Estaduais 2026";"04/10/2026";"AM";"AM";"AMAZONAS";40002542955;4;49;"Outras aplicações e Investimentos";"QUOTAS DE PARTICIPAÇÃO EM CAPITAL DE EMPRESA";"120000,00";"26/08/2026";"14:14:45"
"31/08/2026";"12:31:08";2026;2;"Eleição Ordinária";6259;"Eleições Gerais Estaduais 2026";"04/10/2026";"AM";"AM";"AMAZONAS";40002542955;5;49;"Outras aplicações e Investimentos";"SALDO DE APLICAÇÃO DE RENDA";"0,71";"26/08/2026";"14:14:45"
"31/08/2026";"12:31:08";2026;2;"Eleição Ordinária";6259;"Eleições Gerais Estaduais 2026";"04/10/2026";"AM";"AM";"AMAZONAS";40002542955;7;61;"Depósito bancário em conta corrente no País";"DEPÓSITO EM CONTA CORRENTE";"6,50";"26/08/2026";"14:14:45"
"31/08/2026";"12:31:08";2026;2;"Eleição Ordinária";6259;"Eleições Gerais Estaduais 2026";"04/10/2026";"AM";"AM";"AMAZONAS";40002542955;8;59;"Outros créditos e poupança vinculados";"CONTA POUPANÇA";"0,68";"26/08/2026";"14:14:45"
"31/08/2026";"12:31:08";2026;2;"Eleição Ordinária";6259;"Eleições Gerais Estaduais 2026";"04/10/2026";"AM";"AM";"AMAZONAS";40002542955;6;19;"Outros bens imóveis";"IMÓVEL RESIDENCIAL";"260800,00";"26/08/2026";"14:14:45"
"31/08/2026";"12:31:08";2026;2;"Eleição Ordinária";6259;"Eleições Gerais Estaduais 2026";"04/10/2026";"AM";"AM";"AMAZONAS";40002542957;2;21;"Veículo automotor terrestre: caminhão, automóvel, moto, etc.";"HYUNDAI HB20 1.0 UNIQ.";"41600,00";"23/08/2026";"15:18:41"
"31/08/2026";"12:31:08";2026;2;"Eleição Ordinária";6259;"Eleições Gerais Estaduais 2026";"04/10/2026";"AM";"AM";"AMAZONAS";40002542957;1;11;"Apartamento";"IMOVEL";"410000,00";"23/08/2026";"15:18:41"
"31/08/2026";"12:31:08";2026;2;"Eleição Ordinária";6259;"Eleições Gerais Estaduais 2026";"04/10/2026";"AM";"AM";"AMAZONAS";40002542958;1;12;"Casa";"IMOVEL";"70000,00";"23/08/2026";"15:20:53"
"31/08/2026";"12:31:08";2026;2;"Eleição Ordinária";6259;"Eleições Gerais Estaduais 2026";"04/10/2026";"AM";"AM";"AMAZONAS";40002542958;3;21;"Veículo automotor terrestre: caminhão, automóvel, moto, etc.";"MOTOCICLETA";"39975,00";"23/08/2026";"15:20:53"
"31/08/2026";"12:31:08";2026;2;"Eleição Ordinária";6259;"Eleições Gerais Estaduais 2026";"04/10/2026";"AM";"AM";"AMAZONAS";40002542958;4;12;"Casa";"IMOVEL";"20000,00";"23/08/2026";"15:20:53"
"31/08/2026";"12:31:08";2026;2;"Eleição Ordinária";6259;"Eleições Gerais Estaduais 2026";"04/10/2026";"AM";"AM";"AMAZONAS";40002542958;2;32;"Quotas ou quinhões de capital";"QUOTAS DE CAPITAL DE EMPRESA";"150000,00";"23/08/2026";"15:20:53"
"31/08/2026";"12:31:08";2026;2;"Eleição Ordinária";6259;"Eleições Gerais Estaduais 2026";"04/10/2026";"AM";"AM";"AMAZONAS";40002542958;7;21;"Veículo automotor terrestre: caminhão, automóvel, moto, etc.";"CAMINHONETE STRADA";"48172,00";"23/08/2026";"15:20:53"
"31/08/2026";"12:31:08";2026;2;"Eleição Ordinária";6259;"Eleições Gerais Estaduais 2026";"04/10/2026";"AM";"AM";"AMAZONAS";40002542958;6;21;"Veículo automotor terrestre: caminhão, automóvel, moto, etc.";"MOTOCICLETA";"9720,00";"23/08/2026";"15:20:53"
"31/08/2026";"12:31:08";2026;2;"Eleição Ordinária";6259;"Eleições Gerais Estaduais 2026";"04/10/2026";"AM";"AM";"AMAZONAS";40002542958;5;12;"Casa";"IMOVEL";"5000,00";"23/08/2026";"15:20:53"
"31/08/2026";"12:31:08";2026;2;"Eleição Ordinária";6259;"Eleições Gerais Estaduais 2026";"04/10/2026";"AM";"AM";"AMAZONAS";40002542961;1;13;"Terreno";"LOTE DE TERRA";"90000,00";"29/08/2026";"15:11:49"
"31/08/2026";"12:31:08";2026;2;"Eleição Ordinária";6259;"Eleições Gerais Estaduais 2026";"04/10/2026";"AM";"AM";"AMAZONAS";40002542961;3;59;"Outros créditos e poupança vinculados";"INFORMADO POR CNPJ 90400888000142";"1881,96";"29/08/2026";"15:11:49"
"31/08/2026";"12:31:08";2026;2;"Eleição Ordinária";6259;"Eleições Gerais Estaduais 2026";"04/10/2026";"AM";"AM";"AMAZONAS";40002542961;2;41;"Caderneta de poupança";"POUPANÇA CAIXA ECONOMICA";"206,90";"29/08/2026";"15:11:49"
"31/08/2026";"12:31:08";2026;2;"Eleição Ordinária";6259;"Eleições Gerais Estaduais 2026";"04/10/2026";"AM";"AM";"AMAZONAS";40002542961;6;12;"Casa";"CASA";"120000,00";"29/08/2026";"15:11:49"
"31/08/2026";"12:31:08";2026;2;"Eleição Ordinária";6259;"Eleições Gerais Estaduais 2026";"04/10/2026";"AM";"AM";"AMAZONAS";40002542961;4;41;"Caderneta de poupança";"POPANÇA BRADESCO";"495,11";"29/08/2026";"15:11:49"
"31/08/2026";"12:31:08";2026;2;"Eleição Ordinária";6259;"Eleições Gerais Estaduais 2026";"04/10/2026";"AM";"AM";"AMAZONAS";40002542961;5;32;"Quotas ou quinhões de capital";"DETENTOR DE 98% DAS QUPTAS DA EMPRESA LM CONSULTORIA";"24500,00";"29/08/2026";"15:11:49"
"31/08/2026";"12:31:08";2026;2;"Eleição Ordinária";6259;"Eleições Gerais Estaduais 2026";"04/10/2026";"AM";"AM";"AMAZONAS";40002542963;1;21;"Veículo automotor terrestre: caminhão, automóvel, moto, etc.";"SKIN BEV48";"150000,00";"18/08/2026";"21:22:30"
"31/08/2026";"12:31:08";2026;2;"Eleição Ordinária";6259;"Eleições Gerais Estaduais 2026";"04/10/2026";"AM";"AM";"AMAZONAS";40002542963;2;12;"Casa";"IMOVEL RESIDENCIAL";"1330000,00";"18/08/2026";"21:22:30"
"31/08/2026";"12:31:08";2026;2;"Eleição Ordinária";6259;"Eleições Gerais Estaduais 2026";"04/10/2026";"AM";"AM";"AMAZONAS";40002542962;1;32;"Quotas ou quinhões de capital";"PARTICIPAÇÃO SOCIETÁRIA  DE 25% DAS QUOTAS NA EMP ESCUDEIRO";"25000,00";"23/08/2026";"16:28:26"
"31/08/2026";"12:31:08";2026;2;"Eleição Ordinária";6259;"Eleições Gerais Estaduais 2026";"04/10/2026";"AM";"AM";"AMAZONAS";40002542964;3;21;"Veículo automotor terrestre: caminhão, automóvel, moto, etc.";"VEICULO VW GOL";"51414,00";"23/08/2026";"15:40:03"
"31/08/2026";"12:31:08";2026;2;"Eleição Ordinária";6259;"Eleições Gerais Estaduais 2026";"04/10/2026";"AM";"AM";"AMAZONAS";40002542964;2;21;"Veículo automotor terrestre: caminhão, automóvel, moto, etc.";"FIAT STRADA T2000AT (FINANCIADO)";"127856,00";"23/08/2026";"15:40:03"
"31/08/2026";"12:31:08";2026;2;"Eleição Ordinária";6259;"Eleições Gerais Estaduais 2026";"04/10/2026";"AM";"AM";"AMAZONAS";40002542964;1;12;"Casa";"CASA";"150000,00";"23/08/2026";"15:40:03"
"31/08/2026";"12:31:08";2026;2;"Eleição Ordinária";6259;"Eleições Gerais Estaduais 2026";"04/10/2026";"AM";"AM";"AMAZONAS";40002542964;6;61;"Depósito bancário em conta corrente no País";"CAIXA ECONOMICA";"1989,52";"23/08/2026";"15:40:03"
"31/08/2026";"12:31:08";2026;2;"Eleição Ordinária";6259;"Eleições Gerais Estaduais 2026";"04/10/2026";"AM";"AM";"AMAZONAS";40002542964;5;49;"Outras aplicações e Investimentos";"INVESTIMENTO CARTEIRA DIGITAL";"4558,70";"23/08/2026";"15:40:03"
"31/08/2026";"12:31:08";2026;2;"Eleição Ordinária";6259;"Eleições Gerais Estaduais 2026";"04/10/2026";"AM";"AM";"AMAZONAS";40002542964;4;41;"Caderneta de poupança";"CONTA POUPANÇA";"1989,52";"23/08/2026";"15:40:03"
"31/08/2026";"12:31:08";2026;2;"Eleição Ordinária";6259;"Eleições Gerais Estaduais 2026";"04/10/2026";"AM";"AM";"AMAZONAS";40002542965;1;95;"Consórcio não contemplado";"CONTRIBUIÇÕES TOTAIS EM CARTA DE CRÉDITO DE CONSORCIO";"54353,86";"18/08/2026";"21:22:30"
"31/08/2026";"12:31:08";2026;2;"Eleição Ordinária";6259;"Eleições Gerais Estaduais 2026";"04/10/2026";"AM";"AM";"AMAZONAS";40002542965;2;12;"Casa";"IMOVEL";"945109,40";"18/08/2026";"21:22:30"
"31/08/2026";"12:31:08";2026;2;"Eleição Ordinária";6259;"Eleições Gerais Estaduais 2026";"04/10/2026";"AM";"AM";"AMAZONAS";40002542965;3;41;"Caderneta de poupança";"SALDO EM CONTA";"165624,39";"18/08/2026";"21:22:30"
"31/08/2026";"12:31:08";2026;2;"Eleição Ordinária";6259;"Eleições Gerais Estaduais 2026";"04/10/2026";"AM";"AM";"AMAZONAS";40002542965;4;59;"Outros créditos e poupança vinculados";"SALDO BANCÁRIO";"1381,97";"18/08/2026";"21:22:30"
"31/08/2026";"12:31:08";2026;2;"Eleição Ordinária";6259;"Eleições Gerais Estaduais 2026";"04/10/2026";"AM";"AM";"AMAZONAS";40002542965;6;41;"Caderneta de poupança";"SALDO EM CONTA";"1346,66";"18/08/2026";"21:22:30"
"31/08/2026";"12:31:08";2026;2;"Eleição Ordinária";6259;"Eleições Gerais Estaduais 2026";"04/10/2026";"AM";"AM";"AMAZONAS";40002542965;5;15;"Sala ou conjunto";"IMOVEL";"362243,43";"18/08/2026";"21:22:30"
"31/08/2026";"12:31:08";2026;2;"Eleição Ordinária";6259;"Eleições Gerais Estaduais 2026";"04/10/2026";"AM";"AM";"AMAZONAS";40002542965;9;59;"Outros créditos e poupança vinculados";"SALDO EM CONTA CORRENTE";"1,00";"18/08/2026";"21:22:30"
"31/08/2026";"12:31:08";2026;2;"Eleição Ordinária";6259;"Eleições Gerais Estaduais 2026";"04/10/2026";"AM";"AM";"AMAZONAS";40002542965;8;45;"Aplicação de renda fixa (CDB, RDB e outros)";"INVESTIMENTOS";"55,80";"18/08/2026";"21:22:30"
"31/08/2026";"12:31:08";2026;2;"Eleição Ordinária";6259;"Eleições Gerais Estaduais 2026";"04/10/2026";"AM";"AM";"AMAZONAS";40002542965;7;45;"Aplicação de renda fixa (CDB, RDB e outros)";"FUNDO DE INVESTIMENTOS";"3643,62";"18/08/2026";"21:22:30"
"31/08/2026";"12:31:08";2026;2;"Eleição Ordinária";6259;"Eleições Gerais Estaduais 2026";"04/10/2026";"AM";"AM";"AMAZONAS";40002542965;11;13;"Terreno";"BEM IMOVEL";"100000,00";"18/08/2026";"21:22:30"
"31/08/2026";"12:31:08";2026;2;"Eleição Ordinária";6259;"Eleições Gerais Estaduais 2026";"04/10/2026";"AM";"AM";"AMAZONAS";40002542966;1;49;"Outras aplicações e Investimentos";"INFORMADO POR CNPJ";"320,79";"18/08/2026";"21:22:30"
"31/08/2026";"12:31:08";2026;2;"Eleição Ordinária";6259;"Eleições Gerais Estaduais 2026";"04/10/2026";"AM";"AM";"AMAZONAS";40002542965;10;11;"Apartamento";"IMOVEL RESIDENCIAL";"210000,00";"18/08/2026";"21:22:30"
"31/08/2026";"12:31:08";2026;2;"Eleição Ordinária";6259;"Eleições Gerais Estaduais 2026";"04/10/2026";"AM";"AM";"AMAZONAS";40002542966;2;39;"Outras participações societárias";"CAPITAL SOCIAL";"90000,00";"18/08/2026";"21:22:30"
"31/08/2026";"12:31:08";2026;2;"Eleição Ordinária";6259;"Eleições Gerais Estaduais 2026";"04/10/2026";"AM";"AM";"AMAZONAS";40002542966;4;95;"Consórcio não contemplado";"CONSORCIO";"38364,54";"18/08/2026";"21:22:30"
"31/08/2026";"12:31:08";2026;2;"Eleição Ordinária";6259;"Eleições Gerais Estaduais 2026";"04/10/2026";"AM";"AM";"AMAZONAS";40002542966;3;45;"Aplicação de renda fixa (CDB, RDB e outros)";"APLICAÇOES";"7416,18";"18/08/2026";"21:22:30"
"31/08/2026";"12:31:08";2026;2;"Eleição Ordinária";6259;"Eleições Gerais Estaduais 2026";"04/10/2026";"AM";"AM";"AMAZONAS";40002542966;7;61;"Depósito bancário em conta corrente no País";"CONTA CORRENTE";"1522,30";"18/08/2026";"21:22:30"
"31/08/2026";"12:31:08";2026;2;"Eleição Ordinária";6259;"Eleições Gerais Estaduais 2026";"04/10/2026";"AM";"AM";"AMAZONAS";40002542966;6;95;"Consórcio não contemplado";"CONSORCIO";"33254,58";"18/08/2026";"21:22:30"
"31/08/2026";"12:31:08";2026;2;"Eleição Ordinária";6259;"Eleições Gerais Estaduais 2026";"04/10/2026";"AM";"AM";"AMAZONAS";40002542966;5;12;"Casa";"CASA RESIDENCIAL";"1500000,00";"18/08/2026";"21:22:30"
"31/08/2026";"12:31:08";2026;2;"Eleição Ordinária";6259;"Eleições Gerais Estaduais 2026";"04/10/2026";"AM";"AM";"AMAZONAS";40002542966;10;61;"Depósito bancário em conta corrente no País";"CONTA CORRENTE";"2,34";"18/08/2026";"21:22:30"
"31/08/2026";"12:31:08";2026;2;"Eleição Ordinária";6259;"Eleições Gerais Estaduais 2026";"04/10/2026";"AM";"AM";"AMAZONAS";40002542966;8;2;"Prédio comercial";"PREDIO COMERCIAL";"700000,00";"18/08/2026";"21:22:30"
"31/08/2026";"12:31:08";2026;2;"Eleição Ordinária";6259;"Eleições Gerais Estaduais 2026";"04/10/2026";"AM";"AM";"AMAZONAS";40002542966;9;45;"Aplicação de renda fixa (CDB, RDB e outros)";"APLICAÇÕES";"14,90";"18/08/2026";"21:22:30"
"31/08/2026";"12:31:08";2026;2;"Eleição Ordinária";6259;"Eleições Gerais Estaduais 2026";"04/10/2026";"AM";"AM";"AMAZONAS";40002542966;12;39;"Outras participações societárias";"CAPITAL SOCIAL";"150000,00";"18/08/2026";"21:22:30"
"31/08/2026";"12:31:08";2026;2;"Eleição Ordinária";6259;"Eleições Gerais Estaduais 2026";"04/10/2026";"AM";"AM";"AMAZONAS";40002542968;1;21;"Veículo automotor terrestre: caminhão, automóvel, moto, etc.";"VEICULO AMAROK";"274499,80";"18/08/2026";"21:22:30"
"31/08/2026";"12:31:08";2026;2;"Eleição Ordinária";6259;"Eleições Gerais Estaduais 2026";"04/10/2026";"AM";"AM";"AMAZONAS";40002542966;11;2;"Prédio comercial";"PREDIO COMERCIAL";"1200000,00";"18/08/2026";"21:22:30"
"31/08/2026";"12:31:08";2026;2;"Eleição Ordinária";6259;"Eleições Gerais Estaduais 2026";"04/10/2026";"AM";"AM";"AMAZONAS";40002542968;3;59;"Outros créditos e poupança vinculados";"SALDO EM CONTA CORRENTE";"1,00";"18/08/2026";"21:22:30"
"31/08/2026";"12:31:08";2026;2;"Eleição Ordinária";6259;"Eleições Gerais Estaduais 2026";"04/10/2026";"AM";"AM";"AMAZONAS";40002542968;4;11;"Apartamento";"BEM IMOVEL";"840000,00";"18/08/2026";"21:22:30"
"31/08/2026";"12:31:08";2026;2;"Eleição Ordinária";6259;"Eleições Gerais Estaduais 2026";"04/10/2026";"AM";"AM";"AMAZONAS";40002542968;2;12;"Casa";"BEM IMOVEL";"100000,00";"18/08/2026";"21:22:30"
"31/08/2026";"12:31:08";2026;2;"Eleição Ordinária";6259;"Eleições Gerais Estaduais 2026";"04/10/2026";"AM";"AM";"AMAZONAS";40002542968;5;19;"Outros bens imóveis";"BEM IMOVEL";"400677,38";"18/08/2026";"21:22:30"
"31/08/2026";"12:31:08";2026;2;"Eleição Ordinária";6259;"Eleições Gerais Estaduais 2026";"04/10/2026";"AM";"AM";"AMAZONAS";40002542968;6;69;"Outros depósitos à vista e numerário";"INFORMADO POR CNPJ";"368,43";"18/08/2026";"21:22:30"
"31/08/2026";"12:31:08";2026;2;"Eleição Ordinária";6259;"Eleições Gerais Estaduais 2026";"04/10/2026";"AM";"AM";"AMAZONAS";40002542968;7;21;"Veículo automotor terrestre: caminhão, automóvel, moto, etc.";"VEICULO NISSAN";"33959,04";"18/08/2026";"21:22:30"
"31/08/2026";"12:31:08";2026;2;"Eleição Ordinária";6259;"Eleições Gerais Estaduais 2026";"04/10/2026";"AM";"AM";"AMAZONAS";40002542969;2;13;"Terreno";"IMOVEL";"600000,00";"21/08/2026";"10:35:30"
"31/08/2026";"12:31:08";2026;2;"Eleição Ordinária";6259;"Eleições Gerais Estaduais 2026";"04/10/2026";"AM";"AM";"AMAZONAS";40002542969;1;13;"Terreno";"IMÓVEL EM ILHA";"270000,00";"21/08/2026";"10:35:30"
"31/08/2026";"12:31:08";2026;2;"Eleição Ordinária";6259;"Eleições Gerais Estaduais 2026";"04/10/2026";"AM";"AM";"AMAZONAS";40002542968;8;21;"Veículo automotor terrestre: caminhão, automóvel, moto, etc.";"VEICULO AMAROK 3.0";"299000,00";"18/08/2026";"21:22:30"
"31/08/2026";"12:31:08";2026;2;"Eleição Ordinária";6259;"Eleições Gerais Estaduais 2026";"04/10/2026";"AM";"AM";"AMAZONAS";40002542969;3;13;"Terreno";"PARTE DE IMÓVEL PARTICIPAÇÃO DE 100%";"150000,00";"21/08/2026";"10:35:30"
"31/08/2026";"12:31:08";2026;2;"Eleição Ordinária";6259;"Eleições Gerais Estaduais 2026";"04/10/2026";"AM";"AM";"AMAZONAS";40002542969;4;21;"Veículo automotor terrestre: caminhão, automóvel, moto, etc.";"BEM MÓVEL";"43000,00";"21/08/2026";"10:35:30"
"31/08/2026";"12:31:08";2026;2;"Eleição Ordinária";6259;"Eleições Gerais Estaduais 2026";"04/10/2026";"AM";"AM";"AMAZONAS";40002542969;5;11;"Apartamento";"IMOVEL RESIDENCIAL";"30000,00";"21/08/2026";"10:35:30"
"31/08/2026";"12:31:08";2026;2;"Eleição Ordinária";6259;"Eleições Gerais Estaduais 2026";"04/10/2026";"AM";"AM";"AMAZONAS";40002542971;2;61;"Depósito bancário em conta corrente no País";"DEPOSITO EM CONTA CORRENTE";"1,00";"23/08/2026";"15:16:15"
"31/08/2026";"12:31:08";2026;2;"Eleição Ordinária";6259;"Eleições Gerais Estaduais 2026";"04/10/2026";"AM";"AM";"AMAZONAS";40002542969;6;11;"Apartamento";"IMOVEL RESIDENCIAL";"280000,00";"21/08/2026";"10:35:30"
"31/08/2026";"12:31:08";2026;2;"Eleição Ordinária";6259;"Eleições Gerais Estaduais 2026";"04/10/2026";"AM";"AM";"AMAZONAS";40002542971;1;32;"Quotas ou quinhões de capital";"QUOTAS EM PARTICIPAÇÃO  EM CAPITAL SOCIAL DE EMPRESA";"20000,00";"23/08/2026";"15:16:15"
"31/08/2026";"12:31:08";2026;2;"Eleição Ordinária";6259;"Eleições Gerais Estaduais 2026";"04/10/2026";"AM";"AM";"AMAZONAS";40002542971;3;32;"Quotas ou quinhões de capital";"QUOTAS DE PARTICIPAÇÃO EM CAPITAL SOCIAL DE EMPRESA";"15000,00";"23/08/2026";"15:16:15"
"31/08/2026";"12:31:08";2026;2;"Eleição Ordinária";6259;"Eleições Gerais Estaduais 2026";"04/10/2026";"AM";"AM";"AMAZONAS";40002542971;5;32;"Quotas ou quinhões de capital";"QUOTAS DE PARTICIPAÇÃO EM CAPITAL SOCIAL DE EMPRESA";"20000,00";"23/08/2026";"15:16:15"
"31/08/2026";"12:31:08";2026;2;"Eleição Ordinária";6259;"Eleições Gerais Estaduais 2026";"04/10/2026";"AM";"AM";"AMAZONAS";40002542971;4;45;"Aplicação de renda fixa (CDB, RDB e outros)";"APLICAÇÃO DE RENDA FIXA";"11566,02";"23/08/2026";"15:16:15"
"31/08/2026";"12:31:08";2026;2;"Eleição Ordinária";6259;"Eleições Gerais Estaduais 2026";"04/10/2026";"AM";"AM";"AMAZONAS";40002542971;8;61;"Depósito bancário em conta corrente no País";"DEPOSITO EM CONTA CORRENTE";"1,00";"23/08/2026";"15:16:15"
"31/08/2026";"12:31:08";2026;2;"Eleição Ordinária";6259;"Eleições Gerais Estaduais 2026";"04/10/2026";"AM";"AM";"AMAZONAS";40002542971;7;59;"Outros créditos e poupança vinculados";"CONTA POUPANÇA";"0,59";"23/08/2026";"15:16:15"
"31/08/2026";"12:31:08";2026;2;"Eleição Ordinária";6259;"Eleições Gerais Estaduais 2026";"04/10/2026";"AM";"AM";"AMAZONAS";40002542971;6;32;"Quotas ou quinhões de capital";"QUOTAS DE PARTICIPAÇÃO EM CAPITAL SOCIAL DE EMPRESA";"5000,00";"23/08/2026";"15:16:15"
"31/08/2026";"12:31:08";2026;2;"Eleição Ordinária";6259;"Eleições Gerais Estaduais 2026";"04/10/2026";"AM";"AM";"AMAZONAS";40002542971;11;39;"Outras participações societárias";"CAPITAL EM COOPERATIVA DE CREDITO";"14004,35";"23/08/2026";"15:16:15"
"31/08/2026";"12:31:08";2026;2;"Eleição Ordinária";6259;"Eleições Gerais Estaduais 2026";"04/10/2026";"AM";"AM";"AMAZONAS";40002542971;9;61;"Depósito bancário em conta corrente no País";"DEPOSITO EM CONTA CORRENTE";"55737,28";"23/08/2026";"15:16:15"
"31/08/2026";"12:31:08";2026;2;"Eleição Ordinária";6259;"Eleições Gerais Estaduais 2026";"04/10/2026";"AM";"AM";"AMAZONAS";40002542971;10;79;"Outros fundos";"TITULO DE CAPITALIZAÇÃO";"5265,48";"23/08/2026";"15:16:15"
"31/08/2026";"12:31:08";2026;2;"Eleição Ordinária";6259;"Eleições Gerais Estaduais 2026";"04/10/2026";"AM";"AM";"AMAZONAS";40002542971;12;97;"VGBL - Vida Gerador de Benefício Livre";"VGBL";"24646,15";"23/08/2026";"15:16:15"
"31/08/2026";"12:31:08";2026;2;"Eleição Ordinária";6259;"Eleições Gerais Estaduais 2026";"04/10/2026";"AM";"AM";"AMAZONAS";40002545593;1;21;"Veículo automotor terrestre: caminhão, automóvel, moto, etc.";"PEUGEOT MODELO 208, ANO 2015/2016";"35000,00";"18/08/2026";"21:22:29"
"31/08/2026";"12:31:08";2026;2;"Eleição Ordinária";6259;"Eleições Gerais Estaduais 2026";"04/10/2026";"AM";"AM";"AMAZONAS";40002545593;2;12;"Casa";"CONSTRUÇÃO EM ALVENARIA";"350000,00";"18/08/2026";"21:22:29"
"31/08/2026";"12:31:08";2026;2;"Eleição Ordinária";6259;"Eleições Gerais Estaduais 2026";"04/10/2026";"AM";"AM";"AMAZONAS";40002545593;3;21;"Veículo automotor terrestre: caminhão, automóvel, moto, etc.";"FIAT WAY";"20000,00";"18/08/2026";"21:22:29"
"31/08/2026";"12:31:08";2026;2;"Eleição Ordinária";6259;"Eleições Gerais Estaduais 2026";"04/10/2026";"AM";"AM";"AMAZONAS";40002545593;4;12;"Casa";"CONSTRUÇÃO EM ALVENARIA";"250000,00";"18/08/2026";"21:22:29"
"31/08/2026";"12:31:08";2026;2;"Eleição Ordinária";6259;"Eleições Gerais Estaduais 2026";"04/10/2026";"AM";"AM";"AMAZONAS";40002545594;1;45;"Aplicação de renda fixa (CDB, RDB e outros)";"BB CDB RENDE FÁCIL";"3002,43";"29/08/2026";"14:18:15"
"31/08/2026";"12:31:08";2026;2;"Eleição Ordinária";6259;"Eleições Gerais Estaduais 2026";"04/10/2026";"AM";"AM";"AMAZONAS";40002545594;3;97;"VGBL - Vida Gerador de Benefício Livre";"BRASIL PREV VGBL";"13971,68";"29/08/2026";"14:18:15"
"31/08/2026";"12:31:08";2026;2;"Eleição Ordinária";6259;"Eleições Gerais Estaduais 2026";"04/10/2026";"AM";"AM";"AMAZONAS";40002545594;2;12;"Casa";"CONSTRUIDA EM ALVENARIA";"89598,00";"29/08/2026";"14:18:15"
"31/08/2026";"12:31:08";2026;2;"Eleição Ordinária";6259;"Eleições Gerais Estaduais 2026";"04/10/2026";"AM";"AM";"AMAZONAS";40002545595;1;31;"Ações (inclusive as provenientes de linha telefônica)";"APLICAÇÕES NA BOLSA DE VALORES";"2985,35";"19/08/2026";"15:43:38"
"31/08/2026";"12:31:08";2026;2;"Eleição Ordinária";6259;"Eleições Gerais Estaduais 2026";"04/10/2026";"AM";"AM";"AMAZONAS";40002545595;2;61;"Depósito bancário em conta corrente no País";"DEPÓSITOS EM CONTAS CORRENTES";"14188,47";"19/08/2026";"15:43:38"
"31/08/2026";"12:31:08";2026;2;"Eleição Ordinária";6259;"Eleições Gerais Estaduais 2026";"04/10/2026";"AM";"AM";"AMAZONAS";40002545595;3;21;"Veículo automotor terrestre: caminhão, automóvel, moto, etc.";"COROLLA CROSS ANO 2022/2023";"150000,00";"19/08/2026";"15:43:38"
"31/08/2026";"12:31:08";2026;2;"Eleição Ordinária";6259;"Eleições Gerais Estaduais 2026";"04/10/2026";"AM";"AM";"AMAZONAS";40002545595;4;45;"Aplicação de renda fixa (CDB, RDB e outros)";"APLICAÇÃO EM RENDA FIXA";"572530,51";"19/08/2026";"15:43:38"
"31/08/2026";"12:31:08";2026;2;"Eleição Ordinária";6259;"Eleições Gerais Estaduais 2026";"04/10/2026";"AM";"AM";"AMAZONAS";40002545595;6;11;"Apartamento";"PONTA NEGRA";"250000,00";"19/08/2026";"15:43:38"
"31/08/2026";"12:31:08";2026;2;"Eleição Ordinária";6259;"Eleições Gerais Estaduais 2026";"04/10/2026";"AM";"AM";"AMAZONAS";40002545595;7;11;"Apartamento";"FINANCIADO NO PARQUE 10";"450000,00";"19/08/2026";"15:43:38"
"31/08/2026";"12:31:08";2026;2;"Eleição Ordinária";6259;"Eleições Gerais Estaduais 2026";"04/10/2026";"AM";"AM";"AMAZONAS";40002545595;5;11;"Apartamento";"FINANCIADO NO CENTRO";"750000,00";"19/08/2026";"15:43:38"
"31/08/2026";"12:31:08";2026;2;"Eleição Ordinária";6259;"Eleições Gerais Estaduais 2026";"04/10/2026";"AM";"AM";"AMAZONAS";40002545596;1;21;"Veículo automotor terrestre: caminhão, automóvel, moto, etc.";"FORD KA";"40000,00";"18/08/2026";"21:22:29"
"31/08/2026";"12:31:08";2026;2;"Eleição Ordinária";6259;"Eleições Gerais Estaduais 2026";"04/10/2026";"AM";"AM";"AMAZONAS";40002545597;1;41;"Caderneta de poupança";"DEPOSITO/TRANFERENCIA";"388,70";"18/08/2026";"21:22:29"
"31/08/2026";"12:31:08";2026;2;"Eleição Ordinária";6259;"Eleições Gerais Estaduais 2026";"04/10/2026";"AM";"AM";"AMAZONAS";40002545595;8;15;"Sala ou conjunto";"SALA COMERCIAL - CENTRO";"80000,00";"19/08/2026";"15:43:38"
"31/08/2026";"12:31:08";2026;2;"Eleição Ordinária";6259;"Eleições Gerais Estaduais 2026";"04/10/2026";"AM";"AM";"AMAZONAS";40002545598;1;21;"Veículo automotor terrestre: caminhão, automóvel, moto, etc.";"FRONTIER NISSAN";"170000,00";"18/08/2026";"21:22:29"
"31/08/2026";"12:31:08";2026;2;"Eleição Ordinária";6259;"Eleições Gerais Estaduais 2026";"04/10/2026";"AM";"AM";"AMAZONAS";40002545598;2;21;"Veículo automotor terrestre: caminhão, automóvel, moto, etc.";"BIZ 150 HONDA";"15100,00";"18/08/2026";"21:22:29"
"31/08/2026";"12:31:08";2026;2;"Eleição Ordinária";6259;"Eleições Gerais Estaduais 2026";"04/10/2026";"AM";"AM";"AMAZONAS";40002545598;3;12;"Casa";"CASA";"200000,00";"18/08/2026";"21:22:29"
"31/08/2026";"12:31:08";2026;2;"Eleição Ordinária";6259;"Eleições Gerais Estaduais 2026";"04/10/2026";"AM";"AM";"AMAZONAS";40002545598;4;19;"Outros bens imóveis";"SITIO ROSAS DE SARON";"50000,00";"18/08/2026";"21:22:29"
"31/08/2026";"12:31:08";2026;2;"Eleição Ordinária";6259;"Eleições Gerais Estaduais 2026";"04/10/2026";"AM";"AM";"AMAZONAS";40002545599;2;21;"Veículo automotor terrestre: caminhão, automóvel, moto, etc.";"MONTANA";"128000,00";"18/08/2026";"21:22:29"
"31/08/2026";"12:31:08";2026;2;"Eleição Ordinária";6259;"Eleições Gerais Estaduais 2026";"04/10/2026";"AM";"AM";"AMAZONAS";40002545599;1;12;"Casa";"ALVENARIA";"250000,00";"18/08/2026";"21:22:29"
"31/08/2026";"12:31:08";2026;2;"Eleição Ordinária";6259;"Eleições Gerais Estaduais 2026";"04/10/2026";"AM";"AM";"AMAZONAS";40002545600;1;13;"Terreno";"LOCALIZADO NO KM 24 ESTRADA MANUEL URBANO 100X790";"250000,00";"19/08/2026";"15:56:16"
"31/08/2026";"12:31:08";2026;2;"Eleição Ordinária";6259;"Eleições Gerais Estaduais 2026";"04/10/2026";"AM";"AM";"AMAZONAS";40002545600;3;21;"Veículo automotor terrestre: caminhão, automóvel, moto, etc.";"CHEVROLET PRISMA ANO 2019";"55000,00";"19/08/2026";"15:56:16"
"31/08/2026";"12:31:08";2026;2;"Eleição Ordinária";6259;"Eleições Gerais Estaduais 2026";"04/10/2026";"AM";"AM";"AMAZONAS";40002545600;2;12;"Casa";"EM ALVENARIA, LOCALIZADA KM 26";"120000,00";"19/08/2026";"15:56:16"
"31/08/2026";"12:31:08";2026;2;"Eleição Ordinária";6259;"Eleições Gerais Estaduais 2026";"04/10/2026";"AM";"AM";"AMAZONAS";40002545602;2;21;"Veículo automotor terrestre: caminhão, automóvel, moto, etc.";"GOL BOLA VERMELHO ANO 2001";"10800,00";"18/08/2026";"21:22:29"
"31/08/2026";"12:31:08";2026;2;"Eleição Ordinária";6259;"Eleições Gerais Estaduais 2026";"04/10/2026";"AM";"AM";"AMAZONAS";40002545602;3;21;"Veículo automotor terrestre: caminhão, automóvel, moto, etc.";"VOYAGE SEDAN - BRANCA ANO 2021";"59000,00";"18/08/2026";"21:22:29"
"31/08/2026";"12:31:08";2026;2;"Eleição Ordinária";6259;"Eleições Gerais Estaduais 2026";"04/10/2026";"AM";"AM";"AMAZONAS";40002545602;1;12;"Casa";"ALVENARIA SIMPLES POPULAR";"480000,00";"18/08/2026";"21:22:29"
"31/08/2026";"12:31:08";2026;2;"Eleição Ordinária";6259;"Eleições Gerais Estaduais 2026";"04/10/2026";"AM";"AM";"AMAZONAS";40002545607;1;12;"Casa";"DE MADEIRA MEDINDO 40M DE FRENTE POR 80M DE LARGURA";"50000,00";"18/08/2026";"21:22:29"
"31/08/2026";"12:31:08";2026;2;"Eleição Ordinária";6259;"Eleições Gerais Estaduais 2026";"04/10/2026";"AM";"AM";"AMAZONAS";40002545606;1;12;"Casa";"CASA/COMÉRCIO EM ALVENARIA NA QUEIROZ GALVÃO";"300000,00";"18/08/2026";"21:22:29"
"31/08/2026";"12:31:08";2026;2;"Eleição Ordinária";6259;"Eleições Gerais Estaduais 2026";"04/10/2026";"AM";"AM";"AMAZONAS";40002545608;1;15;"Sala ou conjunto";"ESCRITÓRIO EMPRESARIAL";"550000,00";"27/08/2026";"10:56:59"
"31/08/2026";"12:31:08";2026;2;"Eleição Ordinária";6259;"Eleições Gerais Estaduais 2026";"04/10/2026";"AM";"AM";"AMAZONAS";40002545608;2;11;"Apartamento";"APARTAMENTO RESIDENCIAL";"1200000,00";"27/08/2026";"10:56:59"
"31/08/2026";"12:31:08";2026;2;"Eleição Ordinária";6259;"Eleições Gerais Estaduais 2026";"04/10/2026";"AM";"AM";"AMAZONAS";40002545609;1;11;"Apartamento";"50% APARTAMENTO EVIDENCE, ADQUIRIDO NA PLANTA";"300000,00";"28/08/2026";"17:19:55"
"31/08/2026";"12:31:08";2026;2;"Eleição Ordinária";6259;"Eleições Gerais Estaduais 2026";"04/10/2026";"AM";"AM";"AMAZONAS";40002545609;2;41;"Caderneta de poupança";"RECURSO EM POUPANÇA";"102,56";"28/08/2026";"17:19:55"
"31/08/2026";"12:31:08";2026;2;"Eleição Ordinária";6259;"Eleições Gerais Estaduais 2026";"04/10/2026";"AM";"AM";"AMAZONAS";40002545609;5;26;"Linha telefônica";"LINHA TELEFONE 3656-1426, ADQUIRIDA EM 1993";"2500,00";"28/08/2026";"17:19:55"
"31/08/2026";"12:31:08";2026;2;"Eleição Ordinária";6259;"Eleições Gerais Estaduais 2026";"04/10/2026";"AM";"AM";"AMAZONAS";40002545609;3;41;"Caderneta de poupança";"RECURSO EM POUPANÇA";"1546,33";"28/08/2026";"17:19:55"
"31/08/2026";"12:31:08";2026;2;"Eleição Ordinária";6259;"Eleições Gerais Estaduais 2026";"04/10/2026";"AM";"AM";"AMAZONAS";40002545609;4;41;"Caderneta de poupança";"RECURSO EM POUPANÇA";"723,98";"28/08/2026";"17:19:55"
"31/08/2026";"12:31:08";2026;2;"Eleição Ordinária";6259;"Eleições Gerais Estaduais 2026";"04/10/2026";"AM";"AM";"AMAZONAS";40002545609;8;26;"Linha telefônica";"LINHA TELEFONE CELULAR, ADQUIRIDA EM 1996";"500,00";"28/08/2026";"17:19:55"
"31/08/2026";"12:31:08";2026;2;"Eleição Ordinária";6259;"Eleições Gerais Estaduais 2026";"04/10/2026";"AM";"AM";"AMAZONAS";40002545609;7;26;"Linha telefônica";"L345 PNA TELEMAR NORTE LESTE";"67,22";"28/08/2026";"17:19:55"
"31/08/2026";"12:31:08";2026;2;"Eleição Ordinária";6259;"Eleições Gerais Estaduais 2026";"04/10/2026";"AM";"AM";"AMAZONAS";40002545609;6;41;"Caderneta de poupança";"CADERNETA DE POUPANÇA - 0008042757490";"2216,63";"28/08/2026";"17:19:55"
"31/08/2026";"12:31:08";2026;2;"Eleição Ordinária";6259;"Eleições Gerais Estaduais 2026";"04/10/2026";"AM";"AM";"AMAZONAS";40002545611;1;61;"Depósito bancário em conta corrente no País";"DEPÓSITO EM CONTA BANCÁRIA";"8000,00";"18/08/2026";"21:22:29"
"31/08/2026";"12:31:08";2026;2;"Eleição Ordinária";6259;"Eleições Gerais Estaduais 2026";"04/10/2026";"AM";"AM";"AMAZONAS";40002545610;1;21;"Veículo automotor terrestre: caminhão, automóvel, moto, etc.";"HONDA BIZ 125 COR VERMELHA 2018";"13776,00";"18/08/2026";"21:22:29"
"31/08/2026";"12:31:08";2026;2;"Eleição Ordinária";6259;"Eleições Gerais Estaduais 2026";"04/10/2026";"AM";"AM";"AMAZONAS";40002545609;9;41;"Caderneta de poupança";"RECURSO EM POUPANÇA";"2216,63";"28/08/2026";"17:19:55"
"31/08/2026";"12:31:08";2026;2;"Eleição Ordinária";6259;"Eleições Gerais Estaduais 2026";"04/10/2026";"AM";"AM";"AMAZONAS";40002545612;1;13;"Terreno";"TRÊS LOTES NA RUA SANDOVAL RAMOS, 76/77 E 78 - ZUMBI DOS PALMARES";"150000,00";"29/08/2026";"14:39:10"
"31/08/2026";"12:31:08";2026;2;"Eleição Ordinária";6259;"Eleições Gerais Estaduais 2026";"04/10/2026";"AM";"AM";"AMAZONAS";40002545612;3;13;"Terreno";"DOIS LOTES COM EDIFICAÇÃO EM ALVENARIA NA RUA CAMBIXE - SÃO JOSÉ OPERÁRIO";"150000,00";"29/08/2026";"14:39:10"
"31/08/2026";"12:31:08";2026;2;"Eleição Ordinária";6259;"Eleições Gerais Estaduais 2026";"04/10/2026";"AM";"AM";"AMAZONAS";40002545612;2;69;"Outros depósitos à vista e numerário";"NUMERÁRIO EM ESPÉCIE";"100000,00";"29/08/2026";"14:39:10"
"31/08/2026";"12:31:08";2026;2;"Eleição Ordinária";6259;"Eleições Gerais Estaduais 2026";"04/10/2026";"AM";"AM";"AMAZONAS";40002545612;4;11;"Apartamento";"UNIDADE 705 BLUE TREE TOWER";"200000,00";"29/08/2026";"14:39:10"
"31/08/2026";"12:31:08";2026;2;"Eleição Ordinária";6259;"Eleições Gerais Estaduais 2026";"04/10/2026";"AM";"AM";"AMAZONAS";40002545612;5;12;"Casa";"IMÓVEL RESIDENCIAL COM 2 PAVIMENTOS NA RUA TERRA NOVA, 10 - SÃO JOSÉ I";"500000,00";"29/08/2026";"14:39:10"
"31/08/2026";"12:31:08";2026;2;"Eleição Ordinária";6259;"Eleições Gerais Estaduais 2026";"04/10/2026";"AM";"AM";"AMAZONAS";40002545612;6;2;"Prédio comercial";"IMÓVEL COMERCIAL DE 1 PAVIMENTO NA RUA ROSARINHO, 59 - SÃO JOSÉ I";"350000,00";"29/08/2026";"14:39:10"
"31/08/2026";"12:31:08";2026;2;"Eleição Ordinária";6259;"Eleições Gerais Estaduais 2026";"04/10/2026";"AM";"AM";"AMAZONAS";40002545612;7;21;"Veículo automotor terrestre: caminhão, automóvel, moto, etc.";"TOYOTA/CCROSS XRX HYBRID BRANCO ANO 2023";"200000,00";"29/08/2026";"14:39:10"
"31/08/2026";"12:31:08";2026;2;"Eleição Ordinária";6259;"Eleições Gerais Estaduais 2026";"04/10/2026";"AM";"AM";"AMAZONAS";40002545613;1;11;"Apartamento";"APTO TOCANTINS BL 05";"22895,00";"27/08/2026";"11:03:02"
"31/08/2026";"12:31:08";2026;2;"Eleição Ordinária";6259;"Eleições Gerais Estaduais 2026";"04/10/2026";"AM";"AM";"AMAZONAS";40002545612;8;45;"Aplicação de renda fixa (CDB, RDB e outros)";"INVESTIMENTOS";"204564,61";"29/08/2026";"14:39:10"
"31/08/2026";"12:31:08";2026;2;"Eleição Ordinária";6259;"Eleições Gerais Estaduais 2026";"04/10/2026";"AM";"AM";"AMAZONAS";40002545613;2;11;"Apartamento";"APTO TOCANTINS";"22533,00";"27/08/2026";"11:03:02"
"31/08/2026";"12:31:08";2026;2;"Eleição Ordinária";6259;"Eleições Gerais Estaduais 2026";"04/10/2026";"AM";"AM";"AMAZONAS";40002545613;3;11;"Apartamento";"APTO PARQUE DOS INGLESES";"68600,00";"27/08/2026";"11:03:02"
"31/08/2026";"12:31:08";2026;2;"Eleição Ordinária";6259;"Eleições Gerais Estaduais 2026";"04/10/2026";"AM";"AM";"AMAZONAS";40002545613;4;11;"Apartamento";"APTO HERANÇA ESPOSA";"400000,00";"27/08/2026";"11:03:02"
"31/08/2026";"12:31:08";2026;2;"Eleição Ordinária";6259;"Eleições Gerais Estaduais 2026";"04/10/2026";"AM";"AM";"AMAZONAS";40002545613;5;59;"Outros créditos e poupança vinculados";"POUPANÇA";"27911,00";"27/08/2026";"11:03:02"
"31/08/2026";"12:31:08";2026;2;"Eleição Ordinária";6259;"Eleições Gerais Estaduais 2026";"04/10/2026";"AM";"AM";"AMAZONAS";40002545613;6;21;"Veículo automotor terrestre: caminhão, automóvel, moto, etc.";"CARRO MODELO KOMBI";"25000,00";"27/08/2026";"11:03:02"
"31/08/2026";"12:31:08";2026;2;"Eleição Ordinária";6259;"Eleições Gerais Estaduais 2026";"04/10/2026";"AM";"AM";"AMAZONAS";40002545613;7;11;"Apartamento";"APTO ALTOS RECIFE";"229550,00";"27/08/2026";"11:03:02"
"31/08/2026";"12:31:08";2026;2;"Eleição Ordinária";6259;"Eleições Gerais Estaduais 2026";"04/10/2026";"AM";"AM";"AMAZONAS";40002545613;8;19;"Outros bens imóveis";"IMÓVEL EM CONSTRUÇÃO";"139400,00";"27/08/2026";"11:03:02"
"31/08/2026";"12:31:08";2026;2;"Eleição Ordinária";6259;"Eleições Gerais Estaduais 2026";"04/10/2026";"AM";"AM";"AMAZONAS";40002545613;10;21;"Veículo automotor terrestre: caminhão, automóvel, moto, etc.";"CARRO VOLKSWAGEM";"40000,00";"27/08/2026";"11:03:02"
"31/08/2026";"12:31:08";2026;2;"Eleição Ordinária";6259;"Eleições Gerais Estaduais 2026";"04/10/2026";"AM";"AM";"AMAZONAS";40002545613;9;21;"Veículo automotor terrestre: caminhão, automóvel, moto, etc.";"CARRO MODELO GOL";"20000,00";"27/08/2026";"11:03:02"
"31/08/2026";"12:31:08";2026;2;"Eleição Ordinária";6259;"Eleições Gerais Estaduais 2026";"04/10/2026";"AM";"AM";"AMAZONAS";40002545613;12;97;"VGBL - Vida Gerador de Benefício Livre";"VGBL";"438392,00";"27/08/2026";"11:03:02"
"31/08/2026";"12:31:08";2026;2;"Eleição Ordinária";6259;"Eleições Gerais Estaduais 2026";"04/10/2026";"AM";"AM";"AMAZONAS";40002545613;11;61;"Depósito bancário em conta corrente no País";"CONTA CORRENTE";"2597,00";"27/08/2026";"11:03:02"
"31/08/2026";"12:31:08";2026;2;"Eleição Ordinária";6259;"Eleições Gerais Estaduais 2026";"04/10/2026";"AM";"AM";"AMAZONAS";40002545613;13;13;"Terreno";"TERRENO";"106717,00";"27/08/2026";"11:03:02"
"31/08/2026";"12:31:08";2026;2;"Eleição Ordinária";6259;"Eleições Gerais Estaduais 2026";"04/10/2026";"AM";"AM";"AMAZONAS";40002546980;1;19;"Outros bens imóveis";"CASA DE DOIS PAVIMENTOS LOCALIZADA NA AVENIDA CODAJÁS, 1648. PETRÓPOLIS, MANAUS/AM.";"300000,00";"30/08/2026";"16:40:08"
"31/08/2026";"12:31:08";2026;2;"Eleição Ordinária";6259;"Eleições Gerais Estaduais 2026";"04/10/2026";"AM";"AM";"AMAZONAS";40002546977;1;45;"Aplicação de renda fixa (CDB, RDB e outros)";"CAIXINHA (RENDA FIXA) NO MERCADO PAGO";"120,17";"20/08/2026";"19:27:23"
"31/08/2026";"12:31:08";2026;2;"Eleição Ordinária";6259;"Eleições Gerais Estaduais 2026";"04/10/2026";"AM";"AM";"AMAZONAS";40002546978;1;45;"Aplicação de renda fixa (CDB, RDB e outros)";"CAIXINHA (RENDA FIXA) NUBANK";"825,09";"20/08/2026";"19:17:52"
"31/08/2026";"12:31:08";2026;2;"Eleição Ordinária";6259;"Eleições Gerais Estaduais 2026";"04/10/2026";"AM";"AM";"AMAZONAS";40002546980;3;61;"Depósito bancário em conta corrente no País";"BANCO BRADESCO - AGÊNCIA 0938-5, CONTA CORRENTE: 0634708-8";"1417,93";"30/08/2026";"16:40:08"
"31/08/2026";"12:31:08";2026;2;"Eleição Ordinária";6259;"Eleições Gerais Estaduais 2026";"04/10/2026";"AM";"AM";"AMAZONAS";40002546980;2;19;"Outros bens imóveis";"TERRENO COM 4352 METROS QUADRADOS, COM BENFEITORIAS CONSTRUÍDAS E INACABADAS DE DOIS PAVIMENTOS, LOCALIZADO NA AVENIDA ANTARCTICA N°807, BAIRRO DE SANTA TEREZA NO MUNICÍPIO DE MAUÉS/AM";"300000,00";"30/08/2026";"16:40:08"
"31/08/2026";"12:31:08";2026;2;"Eleição Ordinária";6259;"Eleições Gerais Estaduais 2026";"04/10/2026";"AM";"AM";"AMAZONAS";40002546980;4;19;"Outros bens imóveis";"75% (SETENTA E CINCO POR CENTO) DE UMA ÁREA DE TERRA DE 488,3217HA, LOCALIZADA NO PARANÁ DO URARIÁ NO MUNICÍPIO DE MAUÉS/AM.";"5000,00";"30/08/2026";"16:40:08"
"31/08/2026";"12:31:08";2026;2;"Eleição Ordinária";6259;"Eleições Gerais Estaduais 2026";"04/10/2026";"AM";"AM";"AMAZONAS";40002546980;6;39;"Outras participações societárias";"PARTICIPAÇÃO NO CAPITAL SOCIAL DA EMPRESA SOCIEDADE UNIPESSOAL DE ADVOCACIA, INSCRITA NO CNPJ N°46.939.474/0001-02 COM RAZÃO SOCIAL DE OTACILIO NEGREIROS SOCIEDADE INDIVIDUAL DE ADVOCACIA-ME.";"60000,00";"30/08/2026";"16:40:08"
"31/08/2026";"12:31:08";2026;2;"Eleição Ordinária";6259;"Eleições Gerais Estaduais 2026";"04/10/2026";"AM";"AM";"AMAZONAS";40002546980;7;19;"Outros bens imóveis";"APARTAMENTO LOCALIZADO NA AV. CONSTANTINO NERY N°2533, BLOCO D, APT. 1204, CONDOMINIO RESIDENCIAL MARIA DA FÉ, BAIRRO SÃO GERALDO, MANAUS/AM";"321073,34";"30/08/2026";"16:40:08"
"31/08/2026";"12:31:08";2026;2;"Eleição Ordinária";6259;"Eleições Gerais Estaduais 2026";"04/10/2026";"AM";"AM";"AMAZONAS";40002546980;5;19;"Outros bens imóveis";"VAGA EXTRA DE GARAGEM N°16, DO BLOCO E, 01° PAVIMENTO COM ÁREA TOTAL DE 19,24 METROS QUADRADOS, LOCALIZADA DENTRO DO CONDOMÍNIO RESIDENCIAL MARIA DA FÉ NA AVENIDA CONSTANTINO NERY, 2533, SÃO GERALDO.";"11000,00";"30/08/2026";"16:40:08"
"31/08/2026";"12:31:08";2026;2;"Eleição Ordinária";6259;"Eleições Gerais Estaduais 2026";"04/10/2026";"AM";"AM";"AMAZONAS";40002546980;8;99;"OUTROS BENS E DIREITOS";"01 (UMA) COTA SOCIAL DO BOSQUE CLUBE DE MANAUS (CNPJ: 04.222.741/0001-78).";"5000,00";"30/08/2026";"16:40:08"
"31/08/2026";"12:31:08";2026;2;"Eleição Ordinária";6259;"Eleições Gerais Estaduais 2026";"04/10/2026";"AM";"AM";"AMAZONAS";40002546980;10;19;"Outros bens imóveis";"APARTAMENTO LOCALIZADO NA AVENIDA CONSTANTINO NERY, N° 2413, BLOCO 21 APT. 202. CONDOMINIO CIDADE JARDIM, BAIRRO CHAPADA. MANAUS/AM";"250000,00";"30/08/2026";"16:40:08"
"31/08/2026";"12:31:08";2026;2;"Eleição Ordinária";6259;"Eleições Gerais Estaduais 2026";"04/10/2026";"AM";"AM";"AMAZONAS";40002546980;9;19;"Outros bens imóveis";"APARTAMENTO LOCALIZADO NA AVENIDA CONSTANTINO NERY, N° 2533, BLOCO A, APT. 301, CONDOMÍNIO RESIDENCIAL MARIA DA FÉ, BAIRRO SÃO GERALDO. MANAUS/AM.";"541000,00";"30/08/2026";"16:40:08"
"31/08/2026";"12:31:08";2026;2;"Eleição Ordinária";6259;"Eleições Gerais Estaduais 2026";"04/10/2026";"AM";"AM";"AMAZONAS";40002546980;13;29;"Outros bens móveis";"EMBARCAÇÃO TIPO LANCHA - MOTORBOAT, REGISTRADA NA CAPITANIA FLUVIAL DA AMAZÔNIA OCIDENTAL, SOB N°0011422149, COM NOME DA EMBARCAÇÃO REGISTRADA DE ROBB, POSSUINDO MOTOR PROPULSOR DE POPA DE 150,00 HP.";"40000,00";"30/08/2026";"16:40:08"
"31/08/2026";"12:31:08";2026;2;"Eleição Ordinária";6259;"Eleições Gerais Estaduais 2026";"04/10/2026";"AM";"AM";"AMAZONAS";40002546980;11;19;"Outros bens imóveis";"TERRENO DE 27,5HA LOCALIZADO NA ESTRADA DO GUARANATUBA KM07, MAUÉS/AM";"40000,00";"30/08/2026";"16:40:08"
"31/08/2026";"12:31:08";2026;2;"Eleição Ordinária";6259;"Eleições Gerais Estaduais 2026";"04/10/2026";"AM";"AM";"AMAZONAS";40002546980;12;21;"Veículo automotor terrestre: caminhão, automóvel, moto, etc.";"VEÍCULO CHEVROLET/CRUZE LTZ, ANO 2017, MODELO 2018, DE COR CINZA, PLACA PHQ-8377.";"52000,00";"30/08/2026";"16:40:08"
"31/08/2026";"12:31:08";2026;2;"Eleição Ordinária";6259;"Eleições Gerais Estaduais 2026";"04/10/2026";"AM";"AM";"AMAZONAS";40002546981;1;21;"Veículo automotor terrestre: caminhão, automóvel, moto, etc.";"MOTOCICLETA: YAMAHA / XTZ 150 CROSSER ED";"20000,00";"24/08/2026";"19:36:05"
"31/08/2026";"12:31:08";2026;2;"Eleição Ordinária";6259;"Eleições Gerais Estaduais 2026";"04/10/2026";"AM";"AM";"AMAZONAS";40002546982;2;21;"Veículo automotor terrestre: caminhão, automóvel, moto, etc.";"MOTO TIPO YAMAHA";"12000,00";"30/08/2026";"16:47:59"
"31/08/2026";"12:31:08";2026;2;"Eleição Ordinária";6259;"Eleições Gerais Estaduais 2026";"04/10/2026";"AM";"AM";"AMAZONAS";40002546982;1;12;"Casa";"CASA DE ALVENARIA DE DOIS ANDARES";"700000,00";"30/08/2026";"16:47:59"
"31/08/2026";"12:31:08";2026;2;"Eleição Ordinária";6259;"Eleições Gerais Estaduais 2026";"04/10/2026";"AM";"AM";"AMAZONAS";40002546984;3;19;"Outros bens imóveis";"PONTO COMERCIAL MEDINDO 06,00X19,00 METROS SITUADA NA AVENIDA COSME FERREIRA N°5413, SÃO JOSÉ 01, MANAUS/AM.";"410000,00";"25/08/2026";"19:02:02"
"31/08/2026";"12:31:08";2026;2;"Eleição Ordinária";6259;"Eleições Gerais Estaduais 2026";"04/10/2026";"AM";"AM";"AMAZONAS";40002546984;1;19;"Outros bens imóveis";"PONTO COMERCIAL MEDINDO 05,50X12,00 METROS SITUADA NA AVENIDA COSME FERREIRA, N° 5419, BAIRRO SÃO JOSÉ 01, MANAUS/AM";"150000,00";"25/08/2026";"19:02:02"
"31/08/2026";"12:31:08";2026;2;"Eleição Ordinária";6259;"Eleições Gerais Estaduais 2026";"04/10/2026";"AM";"AM";"AMAZONAS";40002546984;2;19;"Outros bens imóveis";"CASA MEDINDO 08,00X09,00 METROS SITUADA NA RUA OLINTO LIMA N°51D, SÃO JOSÉ 01, MANAUS/AM.";"50000,00";"25/08/2026";"19:02:02"
"31/08/2026";"12:31:08";2026;2;"Eleição Ordinária";6259;"Eleições Gerais Estaduais 2026";"04/10/2026";"AM";"AM";"AMAZONAS";40002546984;4;19;"Outros bens imóveis";"CASA MEDINDO 08,00X09,00 METROS SITUADA NA RUA FREI TITO ESQUINA COM RUA CHICO MENDES, N° 07B, BAIRRO ZUMBI DOS PALMARES 2, MANAUS/AM.";"200000,00";"25/08/2026";"19:02:02"
"31/08/2026";"12:31:08";2026;2;"Eleição Ordinária";6259;"Eleições Gerais Estaduais 2026";"04/10/2026";"AM";"AM";"AMAZONAS";40002546984;5;19;"Outros bens imóveis";"CASA MEDINDO 07,00X25,00 METROS SITUADO NA RUA RIO ENVIRA N°42, QUADRA 24, BAIRRO ARMANDO MENDES, MANAUS/AM.";"450000,00";"25/08/2026";"19:02:02"
"31/08/2026";"12:31:08";2026;2;"Eleição Ordinária";6259;"Eleições Gerais Estaduais 2026";"04/10/2026";"AM";"AM";"AMAZONAS";40002546984;6;19;"Outros bens imóveis";"CASA MEDINDO 9,79X23,00 METROS SITUADA NA RUA ÍNDIO AJURICABA N°09, SÃO JOSÉ 03, MANAUS/AM.";"200000,00";"25/08/2026";"19:02:02"
"31/08/2026";"12:31:08";2026;2;"Eleição Ordinária";6259;"Eleições Gerais Estaduais 2026";"04/10/2026";"AM";"AM";"AMAZONAS";40002546984;8;19;"Outros bens imóveis";"TERRENO MEDINDO 24,70X 24,70 METROS SITUADO NA RUA JOÃO BOSCO BURNIER, 2, BAIRRO ZUMBI DOS PALMARES 2. MANAUS/AM";"350000,00";"25/08/2026";"19:02:02"
"31/08/2026";"12:31:08";2026;2;"Eleição Ordinária";6259;"Eleições Gerais Estaduais 2026";"04/10/2026";"AM";"AM";"AMAZONAS";40002546984;9;19;"Outros bens imóveis";"PONTO COMERCIAL MEDINDO 13M DE FRENTE X 25METROS DE FUNDO, SITUADO NA AVENIDA COSME FERREIRA, 264, BAIRRO ZUMBI DOS PALMARES, MANAUS/AM.";"600000,00";"25/08/2026";"19:02:02"
"31/08/2026";"12:31:08";2026;2;"Eleição Ordinária";6259;"Eleições Gerais Estaduais 2026";"04/10/2026";"AM";"AM";"AMAZONAS";40002546984;7;21;"Veículo automotor terrestre: caminhão, automóvel, moto, etc.";"CAMINHONETE CHEVROLET S10 CABINE DUPLA MOTOR 8L DIESEL 4X4, PLACA QZI-9G51, PRETA.";"195000,00";"25/08/2026";"19:02:02"
"31/08/2026";"12:31:08";2026;2;"Eleição Ordinária";6259;"Eleições Gerais Estaduais 2026";"04/10/2026";"AM";"AM";"AMAZONAS";40002546984;11;19;"Outros bens imóveis";"PONTO COMERCIAL MEDINDO 06,00X17,50 METROS SITUADA NA AVENIDA COSME FERREIRA, N°96. BAIRRO SÃO JOSÉ 01, MANAUS/AM.";"270000,00";"25/08/2026";"19:02:02"
"31/08/2026";"12:31:08";2026;2;"Eleição Ordinária";6259;"Eleições Gerais Estaduais 2026";"04/10/2026";"AM";"AM";"AMAZONAS";40002546984;10;21;"Veículo automotor terrestre: caminhão, automóvel, moto, etc.";"TRICICLO CARGO DUCAR GASOLINA ANO 2019 VERMELHO";"8000,00";"25/08/2026";"19:02:02"
"31/08/2026";"12:31:08";2026;2;"Eleição Ordinária";6259;"Eleições Gerais Estaduais 2026";"04/10/2026";"AM";"AM";"AMAZONAS";40002546985;1;21;"Veículo automotor terrestre: caminhão, automóvel, moto, etc.";"VW - SAVEIRO 1.6 CE CROSS, 2012, COR PRATA , PLACA OAG-4986";"30000,00";"31/08/2026";"10:14:22"
"31/08/2026";"12:31:08";2026;2;"Eleição Ordinária";6259;"Eleições Gerais Estaduais 2026";"04/10/2026";"AM";"AM";"AMAZONAS";40002546990;1;19;"Outros bens imóveis";"APARTAMENTO DE DOIS QUARTOS";"250000,00";"25/08/2026";"19:11:20"
"31/08/2026";"12:31:08";2026;2;"Eleição Ordinária";6259;"Eleições Gerais Estaduais 2026";"04/10/2026";"AM";"AM";"AMAZONAS";40002546989;2;21;"Veículo automotor terrestre: caminhão, automóvel, moto, etc.";"VEICULO VW AMAROK, 2013";"51000,00";"30/08/2026";"17:10:40"
"31/08/2026";"12:31:08";2026;2;"Eleição Ordinária";6259;"Eleições Gerais Estaduais 2026";"04/10/2026";"AM";"AM";"AMAZONAS";40002546989;1;21;"Veículo automotor terrestre: caminhão, automóvel, moto, etc.";"VEICULO MARCA FORD FUSIO, 2010";"9000,00";"30/08/2026";"17:10:40"
"31/08/2026";"12:31:08";2026;2;"Eleição Ordinária";6259;"Eleições Gerais Estaduais 2026";"04/10/2026";"AM";"AM";"AMAZONAS";40002546990;4;19;"Outros bens imóveis";"APARTAMENTO DE TRÊS QUARTOS";"300000,00";"25/08/2026";"19:11:20"
"31/08/2026";"12:31:08";2026;2;"Eleição Ordinária";6259;"Eleições Gerais Estaduais 2026";"04/10/2026";"AM";"AM";"AMAZONAS";40002546990;3;21;"Veículo automotor terrestre: caminhão, automóvel, moto, etc.";"CARRO ONIX LT2 2025";"80000,00";"25/08/2026";"19:11:20"
"31/08/2026";"12:31:08";2026;2;"Eleição Ordinária";6259;"Eleições Gerais Estaduais 2026";"04/10/2026";"AM";"AM";"AMAZONAS";40002546990;2;21;"Veículo automotor terrestre: caminhão, automóvel, moto, etc.";"MOTO DUCATE 150, 2014";"5000,00";"25/08/2026";"19:11:20"
"31/08/2026";"12:31:08";2026;2;"Eleição Ordinária";6259;"Eleições Gerais Estaduais 2026";"04/10/2026";"AM";"AM";"AMAZONAS";40002546992;2;19;"Outros bens imóveis";"APARTAMENTO";"140000,00";"20/08/2026";"10:33:10"
"31/08/2026";"12:31:08";2026;2;"Eleição Ordinária";6259;"Eleições Gerais Estaduais 2026";"04/10/2026";"AM";"AM";"AMAZONAS";40002546993;1;19;"Outros bens imóveis";"CASA MAIS PONTO COMERCIAL/ PRÉDIO DE DOIS ANDARES";"600000,00";"31/08/2026";"09:56:51"
"31/08/2026";"12:31:08";2026;2;"Eleição Ordinária";6259;"Eleições Gerais Estaduais 2026";"04/10/2026";"AM";"AM";"AMAZONAS";40002546992;1;21;"Veículo automotor terrestre: caminhão, automóvel, moto, etc.";"CARRO BYD KING COM ALIENAÇÃO";"140000,00";"20/08/2026";"10:33:10"
"31/08/2026";"12:31:08";2026;2;"Eleição Ordinária";6259;"Eleições Gerais Estaduais 2026";"04/10/2026";"AM";"AM";"AMAZONAS";40002546994;1;21;"Veículo automotor terrestre: caminhão, automóvel, moto, etc.";"CARRO FIAT UNO 2007";"7000,00";"27/08/2026";"10:05:39"
"31/08/2026";"12:31:08";2026;2;"Eleição Ordinária";6259;"Eleições Gerais Estaduais 2026";"04/10/2026";"AM";"AM";"AMAZONAS";40002546994;2;21;"Veículo automotor terrestre: caminhão, automóvel, moto, etc.";"MOTO YAMAHA 2011";"4000,00";"27/08/2026";"10:05:39"
"31/08/2026";"12:31:08";2026;2;"Eleição Ordinária";6259;"Eleições Gerais Estaduais 2026";"04/10/2026";"AM";"AM";"AMAZONAS";40002546993;2;32;"Quotas ou quinhões de capital";"CAFÉ DO REI E RESTAURANTE";"900000,00";"31/08/2026";"09:56:51"
"31/08/2026";"12:31:08";2026;2;"Eleição Ordinária";6259;"Eleições Gerais Estaduais 2026";"04/10/2026";"AM";"AM";"AMAZONAS";40002546994;3;21;"Veículo automotor terrestre: caminhão, automóvel, moto, etc.";"MOTO - YAMAHA FAZER 2025";"18000,00";"27/08/2026";"10:05:39"
"31/08/2026";"12:31:08";2026;2;"Eleição Ordinária";6259;"Eleições Gerais Estaduais 2026";"04/10/2026";"AM";"AM";"AMAZONAS";40002546994;4;21;"Veículo automotor terrestre: caminhão, automóvel, moto, etc.";"CARRO MONTANA 2025";"110000,00";"27/08/2026";"10:05:39"
"31/08/2026";"12:31:08";2026;2;"Eleição Ordinária";6259;"Eleições Gerais Estaduais 2026";"04/10/2026";"AM";"AM";"AMAZONAS";40002546995;1;21;"Veículo automotor terrestre: caminhão, automóvel, moto, etc.";"MOTO 150 CILINDRADA ANO 2011";"7500,00";"21/08/2026";"19:23:39"
"31/08/2026";"12:31:08";2026;2;"Eleição Ordinária";6259;"Eleições Gerais Estaduais 2026";"04/10/2026";"AM";"AM";"AMAZONAS";40002547000;1;61;"Depósito bancário em conta corrente no País";"CONTA CORRENTE";"1,00";"23/08/2026";"17:52:23"
"31/08/2026";"12:31:08";2026;2;"Eleição Ordinária";6259;"Eleições Gerais Estaduais 2026";"04/10/2026";"AM";"AM";"AMAZONAS";40002547001;1;19;"Outros bens imóveis";"APT./FLAT 812-A DO EDIFICIO BLACK RIVER";"141520,41";"27/08/2026";"18:29:38"
"31/08/2026";"12:31:08";2026;2;"Eleição Ordinária";6259;"Eleições Gerais Estaduais 2026";"04/10/2026";"AM";"AM";"AMAZONAS";40002547001;2;19;"Outros bens imóveis";"CONDOMINIO QUINTA DAS LARANJEIRAS, LOTE 66";"521758,88";"27/08/2026";"18:29:38"
"31/08/2026";"12:31:08";2026;2;"Eleição Ordinária";6259;"Eleições Gerais Estaduais 2026";"04/10/2026";"AM";"AM";"AMAZONAS";40002547001;4;39;"Outras participações societárias";"COTA DE PARTICIPAÇÃO DE SÓCIO SICOOB MANAUS";"7272,56";"27/08/2026";"18:29:38"
"31/08/2026";"12:31:08";2026;2;"Eleição Ordinária";6259;"Eleições Gerais Estaduais 2026";"04/10/2026";"AM";"AM";"AMAZONAS";40002547001;3;19;"Outros bens imóveis";"IMOVEL RURAL PALMEIRAS 1 EM ENVIRA/AM";"41750,00";"27/08/2026";"18:29:38"
"31/08/2026";"12:31:08";2026;2;"Eleição Ordinária";6259;"Eleições Gerais Estaduais 2026";"04/10/2026";"AM";"AM";"AMAZONAS";40002547001;5;49;"Outras aplicações e Investimentos";"SALDO EM CADERNETA DE POUPANÇA BRADESCO";"665,34";"27/08/2026";"18:29:38"
"31/08/2026";"12:31:08";2026;2;"Eleição Ordinária";6259;"Eleições Gerais Estaduais 2026";"04/10/2026";"AM";"AM";"AMAZONAS";40002547001;8;19;"Outros bens imóveis";"TERRENO DE 2500M² AV. CONCORDIA. ENVIRA/AM.";"6307,13";"27/08/2026";"18:29:38"
"31/08/2026";"12:31:08";2026;2;"Eleição Ordinária";6259;"Eleições Gerais Estaduais 2026";"04/10/2026";"AM";"AM";"AMAZONAS";40002547001;6;49;"Outras aplicações e Investimentos";"SALDO EM CADERNETA DE POUPANÇA BRADESCO";"1885,10";"27/08/2026";"18:29:38"
"31/08/2026";"12:31:08";2026;2;"Eleição Ordinária";6259;"Eleições Gerais Estaduais 2026";"04/10/2026";"AM";"AM";"AMAZONAS";40002547001;7;45;"Aplicação de renda fixa (CDB, RDB e outros)";"APLICAÇÃO RENDA FIXA CDB BRADESCO";"2105,01";"27/08/2026";"18:29:38"
"31/08/2026";"12:31:08";2026;2;"Eleição Ordinária";6259;"Eleições Gerais Estaduais 2026";"04/10/2026";"AM";"AM";"AMAZONAS";40002547001;9;99;"OUTROS BENS E DIREITOS";"SALDO EM VGBL BRADESCO VIDA E PREVIDENCIA";"156751,12";"27/08/2026";"18:29:38"
"31/08/2026";"12:31:08";2026;2;"Eleição Ordinária";6259;"Eleições Gerais Estaduais 2026";"04/10/2026";"AM";"AM";"AMAZONAS";40002547001;11;19;"Outros bens imóveis";"APT./FLAT IBIS BUDGET HOTEL";"90000,00";"27/08/2026";"18:29:38"
"31/08/2026";"12:31:08";2026;2;"Eleição Ordinária";6259;"Eleições Gerais Estaduais 2026";"04/10/2026";"AM";"AM";"AMAZONAS";40002547001;10;32;"Quotas ou quinhões de capital";"SALDO EM CONTA CORRENTE SICOOB";"2436,59";"27/08/2026";"18:29:38"
"31/08/2026";"12:31:08";2026;2;"Eleição Ordinária";6259;"Eleições Gerais Estaduais 2026";"04/10/2026";"AM";"AM";"AMAZONAS";40002547001;12;99;"OUTROS BENS E DIREITOS";"CONSÓRCIO AQUISIÇÃO DE VEÍCULO";"10659,46";"27/08/2026";"18:29:38"
"31/08/2026";"12:31:08";2026;2;"Eleição Ordinária";6259;"Eleições Gerais Estaduais 2026";"04/10/2026";"AM";"AM";"AMAZONAS";40002549856;1;21;"Veículo automotor terrestre: caminhão, automóvel, moto, etc.";"CARRO I/W, AMAROK CD 4X4, PLACA OAK 0739";"45000,00";"30/08/2026";"17:35:36"
"31/08/2026";"12:31:08";2026;2;"Eleição Ordinária";6259;"Eleições Gerais Estaduais 2026";"04/10/2026";"AM";"AM";"AMAZONAS";40002549856;2;21;"Veículo automotor terrestre: caminhão, automóvel, moto, etc.";"CARRO I/M. BENS C200K, PLACA EPH 1401";"30000,00";"30/08/2026";"17:35:36"
"31/08/2026";"12:31:08";2026;2;"Eleição Ordinária";6259;"Eleições Gerais Estaduais 2026";"04/10/2026";"AM";"AM";"AMAZONAS";40002549856;3;21;"Veículo automotor terrestre: caminhão, automóvel, moto, etc.";"MOTO YAMAHA, FZ 25, PLACA QZS 1B83";"16000,00";"30/08/2026";"17:35:36"
"31/08/2026";"12:31:08";2026;2;"Eleição Ordinária";6259;"Eleições Gerais Estaduais 2026";"04/10/2026";"AM";"AM";"AMAZONAS";40002549856;4;21;"Veículo automotor terrestre: caminhão, automóvel, moto, etc.";"NISSAN TIIDA 1.8SL  FLEX, PLACA JHS 7B62";"20000,00";"30/08/2026";"17:35:36"
"31/08/2026";"12:31:08";2026;2;"Eleição Ordinária";6259;"Eleições Gerais Estaduais 2026";"04/10/2026";"AM";"AM";"AMAZONAS";40002549862;1;21;"Veículo automotor terrestre: caminhão, automóvel, moto, etc.";"VW/VOYAGE, 1.6L, VERMELHO";"50000,00";"28/08/2026";"10:57:58"
"31/08/2026";"12:31:08";2026;2;"Eleição Ordinária";6259;"Eleições Gerais Estaduais 2026";"04/10/2026";"AM";"AM";"AMAZONAS";40002549900;2;61;"Depósito bancário em conta corrente no País";"BRADESCO";"1000,00";"28/08/2026";"16:57:55"
"31/08/2026";"12:31:08";2026;2;"Eleição Ordinária";6259;"Eleições Gerais Estaduais 2026";"04/10/2026";"AM";"AM";"AMAZONAS";40002549902;1;21;"Veículo automotor terrestre: caminhão, automóvel, moto, etc.";"MOTO YAMAHA";"20300,00";"26/08/2026";"19:04:37"
"31/08/2026";"12:31:08";2026;2;"Eleição Ordinária";6259;"Eleições Gerais Estaduais 2026";"04/10/2026";"AM";"AM";"AMAZONAS";40002549900;1;11;"Apartamento";"FINANCIADO";"229100,00";"28/08/2026";"16:57:55"
"31/08/2026";"12:31:08";2026;2;"Eleição Ordinária";6259;"Eleições Gerais Estaduais 2026";"04/10/2026";"AM";"AM";"AMAZONAS";40002549906;1;61;"Depósito bancário em conta corrente no País";"SALDO SANTANDER";"3332,37";"28/08/2026";"19:33:02"
"31/08/2026";"12:31:08";2026;2;"Eleição Ordinária";6259;"Eleições Gerais Estaduais 2026";"04/10/2026";"AM";"AM";"AMAZONAS";40002549906;2;61;"Depósito bancário em conta corrente no País";"INTER";"582,14";"28/08/2026";"19:33:02"
"31/08/2026";"12:31:08";2026;2;"Eleição Ordinária";6259;"Eleições Gerais Estaduais 2026";"04/10/2026";"AM";"AM";"AMAZONAS";40002549902;2;21;"Veículo automotor terrestre: caminhão, automóvel, moto, etc.";"MOTO HONDA";"15000,00";"26/08/2026";"19:04:37"
"31/08/2026";"12:31:08";2026;2;"Eleição Ordinária";6259;"Eleições Gerais Estaduais 2026";"04/10/2026";"AM";"AM";"AMAZONAS";40002549906;4;61;"Depósito bancário em conta corrente no País";"Banco Bradesco, Agência 3715, Conta Corrente 55075-2:";"23685,04";"28/08/2026";"19:33:02"
"31/08/2026";"12:31:08";2026;2;"Eleição Ordinária";6259;"Eleições Gerais Estaduais 2026";"04/10/2026";"AM";"AM";"AMAZONAS";40002549906;5;61;"Depósito bancário em conta corrente no País";"Banco Santander, Agência 3715, Conta Corrente 55075-2: ";"3,71";"28/08/2026";"19:33:02"
"31/08/2026";"12:31:08";2026;2;"Eleição Ordinária";6259;"Eleições Gerais Estaduais 2026";"04/10/2026";"AM";"AM";"AMAZONAS";40002549906;3;21;"Veículo automotor terrestre: caminhão, automóvel, moto, etc.";"Carro Toyota Hilux";"26000,00";"28/08/2026";"19:33:02"
"31/08/2026";"12:31:08";2026;2;"Eleição Ordinária";6259;"Eleições Gerais Estaduais 2026";"04/10/2026";"AM";"AM";"AMAZONAS";40002550776;1;21;"Veículo automotor terrestre: caminhão, automóvel, moto, etc.";"AUTOMÓVEL";"95000,00";"19/08/2026";"16:19:26"
"31/08/2026";"12:31:08";2026;2;"Eleição Ordinária";6259;"Eleições Gerais Estaduais 2026";"04/10/2026";"AM";"AM";"AMAZONAS";40002549906;6;41;"Caderneta de poupança";" Banco Santander, Agência 3438, Conta Poupança 60.043834-4";"4321,96";"28/08/2026";"19:33:02"
"31/08/2026";"12:31:08";2026;2;"Eleição Ordinária";6259;"Eleições Gerais Estaduais 2026";"04/10/2026";"AM";"AM";"AMAZONAS";40002549918;1;32;"Quotas ou quinhões de capital";"QUOTAS DE CAPITAL (PARTICIPAÇÃO) EM EMPRESA";"5000,00";"19/08/2026";"16:08:03"
"31/08/2026";"12:31:08";2026;2;"Eleição Ordinária";6259;"Eleições Gerais Estaduais 2026";"04/10/2026";"AM";"AM";"AMAZONAS";40002550776;3;21;"Veículo automotor terrestre: caminhão, automóvel, moto, etc.";"AUTOMÓVEL";"62000,00";"19/08/2026";"16:19:26"
"31/08/2026";"12:31:08";2026;2;"Eleição Ordinária";6259;"Eleições Gerais Estaduais 2026";"04/10/2026";"AM";"AM";"AMAZONAS";40002550804;1;41;"Caderneta de poupança";"CONTA POUPANÇA";"1126,57";"19/08/2026";"16:46:22"
"31/08/2026";"12:31:08";2026;2;"Eleição Ordinária";6259;"Eleições Gerais Estaduais 2026";"04/10/2026";"AM";"AM";"AMAZONAS";40002550776;2;12;"Casa";"EDIFICADA";"1500000,00";"19/08/2026";"16:19:26"
"31/08/2026";"12:31:08";2026;2;"Eleição Ordinária";6259;"Eleições Gerais Estaduais 2026";"04/10/2026";"AM";"AM";"AMAZONAS";40002550805;2;61;"Depósito bancário em conta corrente no País";"DEPÓSITO EM CONTA CORRENTE";"1,00";"19/08/2026";"16:58:47"
"31/08/2026";"12:31:08";2026;2;"Eleição Ordinária";6259;"Eleições Gerais Estaduais 2026";"04/10/2026";"AM";"AM";"AMAZONAS";40002550805;1;59;"Outros créditos e poupança vinculados";"CRÉDITO DECORRENTE DE APLICAÇÕES";"861,00";"19/08/2026";"16:58:47"
"31/08/2026";"12:31:08";2026;2;"Eleição Ordinária";6259;"Eleições Gerais Estaduais 2026";"04/10/2026";"AM";"AM";"AMAZONAS";40002550804;2;45;"Aplicação de renda fixa (CDB, RDB e outros)";"APLICAÇÃO DE RENDA FIXA";"1027,76";"19/08/2026";"16:46:22"
"31/08/2026";"12:31:08";2026;2;"Eleição Ordinária";6259;"Eleições Gerais Estaduais 2026";"04/10/2026";"AM";"AM";"AMAZONAS";40002550805;4;61;"Depósito bancário em conta corrente no País";"DEPÓSITO EM CONTA CORRENTE";"0,82";"19/08/2026";"16:58:47"
"31/08/2026";"12:31:08";2026;2;"Eleição Ordinária";6259;"Eleições Gerais Estaduais 2026";"04/10/2026";"AM";"AM";"AMAZONAS";40002550805;5;49;"Outras aplicações e Investimentos";"OUTRAS APLICAÇÕES E INVESTIMENTOS";"0,87";"19/08/2026";"16:58:47"
"31/08/2026";"12:31:08";2026;2;"Eleição Ordinária";6259;"Eleições Gerais Estaduais 2026";"04/10/2026";"AM";"AM";"AMAZONAS";40002550805;3;45;"Aplicação de renda fixa (CDB, RDB e outros)";"APLICAÇÃO DE RENDA FIXA";"1412,81";"19/08/2026";"16:58:47"
"31/08/2026";"12:31:08";2026;2;"Eleição Ordinária";6259;"Eleições Gerais Estaduais 2026";"04/10/2026";"AM";"AM";"AMAZONAS";40002551005;1;21;"Veículo automotor terrestre: caminhão, automóvel, moto, etc.";"AUTOMÓVEL";"8000,00";"18/08/2026";"21:22:30"
"31/08/2026";"12:31:08";2026;2;"Eleição Ordinária";6259;"Eleições Gerais Estaduais 2026";"04/10/2026";"AM";"AM";"AMAZONAS";40002551007;1;11;"Apartamento";"APARTAMENTO";"50000,00";"18/08/2026";"21:22:30"
"31/08/2026";"12:31:08";2026;2;"Eleição Ordinária";6259;"Eleições Gerais Estaduais 2026";"04/10/2026";"AM";"AM";"AMAZONAS";40002550805;6;45;"Aplicação de renda fixa (CDB, RDB e outros)";"APLICAÇÃO DE RENDA FIXA";"18,20";"19/08/2026";"16:58:47"
"31/08/2026";"12:31:08";2026;2;"Eleição Ordinária";6259;"Eleições Gerais Estaduais 2026";"04/10/2026";"AM";"AM";"AMAZONAS";40002551009;2;19;"Outros bens imóveis";"LOTE";"300000,00";"18/08/2026";"21:22:30"
"31/08/2026";"12:31:08";2026;2;"Eleição Ordinária";6259;"Eleições Gerais Estaduais 2026";"04/10/2026";"AM";"AM";"AMAZONAS";40002551009;1;21;"Veículo automotor terrestre: caminhão, automóvel, moto, etc.";"MOTO HONDA/NXR";"20000,00";"18/08/2026";"21:22:30"
"31/08/2026";"12:31:08";2026;2;"Eleição Ordinária";6259;"Eleições Gerais Estaduais 2026";"04/10/2026";"AM";"AM";"AMAZONAS";40002551008;1;12;"Casa";"ALVENARIA";"250000,00";"18/08/2026";"21:22:30"
"31/08/2026";"12:31:08";2026;2;"Eleição Ordinária";6259;"Eleições Gerais Estaduais 2026";"04/10/2026";"AM";"AM";"AMAZONAS";40002551011;2;41;"Caderneta de poupança";"SALDO EM CONTA";"3868,84";"18/08/2026";"21:22:30"
"31/08/2026";"12:31:08";2026;2;"Eleição Ordinária";6259;"Eleições Gerais Estaduais 2026";"04/10/2026";"AM";"AM";"AMAZONAS";40002551011;1;12;"Casa";"RESIDENCIAL";"120000,00";"18/08/2026";"21:22:30"
"31/08/2026";"12:31:08";2026;2;"Eleição Ordinária";6259;"Eleições Gerais Estaduais 2026";"04/10/2026";"AM";"AM";"AMAZONAS";40002551011;3;41;"Caderneta de poupança";"SALDO EM CONTA";"13802,97";"18/08/2026";"21:22:30"
"31/08/2026";"12:31:08";2026;2;"Eleição Ordinária";6259;"Eleições Gerais Estaduais 2026";"04/10/2026";"AM";"AM";"AMAZONAS";40002551011;4;21;"Veículo automotor terrestre: caminhão, automóvel, moto, etc.";"AUTOMÓVEL";"8000,00";"18/08/2026";"21:22:30"
"31/08/2026";"12:31:08";2026;2;"Eleição Ordinária";6259;"Eleições Gerais Estaduais 2026";"04/10/2026";"AM";"AM";"AMAZONAS";40002551281;1;21;"Veículo automotor terrestre: caminhão, automóvel, moto, etc.";"AUTOMÓVEL";"31574,02";"18/08/2026";"21:22:30"
"31/08/2026";"12:31:08";2026;2;"Eleição Ordinária";6259;"Eleições Gerais Estaduais 2026";"04/10/2026";"AM";"AM";"AMAZONAS";40002551281;2;45;"Aplicação de renda fixa (CDB, RDB e outros)";"CDB";"20874,28";"18/08/2026";"21:22:30"
"31/08/2026";"12:31:08";2026;2;"Eleição Ordinária";6259;"Eleições Gerais Estaduais 2026";"04/10/2026";"AM";"AM";"AMAZONAS";40002551309;1;21;"Veículo automotor terrestre: caminhão, automóvel, moto, etc.";"MOTO START 160 - FINANCIADA";"33800,40";"21/08/2026";"10:11:52"
"31/08/2026";"12:31:08";2026;2;"Eleição Ordinária";6259;"Eleições Gerais Estaduais 2026";"04/10/2026";"AM";"AM";"AMAZONAS";40002551283;1;12;"Casa";"RESIDENCIAL";"300000,00";"21/08/2026";"19:27:13"
"31/08/2026";"12:31:08";2026;2;"Eleição Ordinária";6259;"Eleições Gerais Estaduais 2026";"04/10/2026";"AM";"AM";"AMAZONAS";40002551305;1;12;"Casa";"ALVENARIA";"80000,00";"19/08/2026";"20:50:40"
"31/08/2026";"12:31:08";2026;2;"Eleição Ordinária";6259;"Eleições Gerais Estaduais 2026";"04/10/2026";"AM";"AM";"AMAZONAS";40002551311;3;21;"Veículo automotor terrestre: caminhão, automóvel, moto, etc.";"AUTOMÓVEL";"62000,00";"26/08/2026";"12:24:20"
"31/08/2026";"12:31:08";2026;2;"Eleição Ordinária";6259;"Eleições Gerais Estaduais 2026";"04/10/2026";"AM";"AM";"AMAZONAS";40002551311;2;21;"Veículo automotor terrestre: caminhão, automóvel, moto, etc.";"AUTOMÓVEL";"95000,00";"26/08/2026";"12:24:20"
"31/08/2026";"12:31:08";2026;2;"Eleição Ordinária";6259;"Eleições Gerais Estaduais 2026";"04/10/2026";"AM";"AM";"AMAZONAS";40002551311;1;12;"Casa";"EDIFICADA";"1500000,00";"26/08/2026";"12:24:20"
"31/08/2026";"12:31:08";2026;2;"Eleição Ordinária";6259;"Eleições Gerais Estaduais 2026";"04/10/2026";"AM";"AM";"AMAZONAS";40002551313;3;21;"Veículo automotor terrestre: caminhão, automóvel, moto, etc.";"MOTO HONDA/CG";"9000,00";"28/08/2026";"20:11:39"
"31/08/2026";"12:31:08";2026;2;"Eleição Ordinária";6259;"Eleições Gerais Estaduais 2026";"04/10/2026";"AM";"AM";"AMAZONAS";40002551313;2;21;"Veículo automotor terrestre: caminhão, automóvel, moto, etc.";"AUTOMÓVEL";"70000,00";"28/08/2026";"20:11:39"
"31/08/2026";"12:31:08";2026;2;"Eleição Ordinária";6259;"Eleições Gerais Estaduais 2026";"04/10/2026";"AM";"AM";"AMAZONAS";40002551313;1;21;"Veículo automotor terrestre: caminhão, automóvel, moto, etc.";"MOTO HONDA/CG";"15000,00";"28/08/2026";"20:11:39"
"31/08/2026";"12:31:08";2026;2;"Eleição Ordinária";6259;"Eleições Gerais Estaduais 2026";"04/10/2026";"AM";"AM";"AMAZONAS";40002551314;2;21;"Veículo automotor terrestre: caminhão, automóvel, moto, etc.";"MOTO POP";"10000,00";"28/08/2026";"20:06:32"
"31/08/2026";"12:31:08";2026;2;"Eleição Ordinária";6259;"Eleições Gerais Estaduais 2026";"04/10/2026";"AM";"AM";"AMAZONAS";40002551314;1;21;"Veículo automotor terrestre: caminhão, automóvel, moto, etc.";"AUTOMÓVEL";"18000,00";"28/08/2026";"20:06:32"
"31/08/2026";"12:31:08";2026;2;"Eleição Ordinária";6259;"Eleições Gerais Estaduais 2026";"04/10/2026";"AM";"AM";"AMAZONAS";40002551318;1;21;"Veículo automotor terrestre: caminhão, automóvel, moto, etc.";"AUTOMÓVEL";"5000,00";"27/08/2026";"18:41:31"
"31/08/2026";"12:31:08";2026;2;"Eleição Ordinária";6259;"Eleições Gerais Estaduais 2026";"04/10/2026";"AM";"AM";"AMAZONAS";40002551320;1;12;"Casa";"ALVENARIA";"160000,00";"26/08/2026";"12:52:58"
"31/08/2026";"12:31:08";2026;2;"Eleição Ordinária";6259;"Eleições Gerais Estaduais 2026";"04/10/2026";"AM";"AM";"AMAZONAS";40002551739;2;41;"Caderneta de poupança";"CONTA POUPANÇA";"2541,23";"25/08/2026";"12:05:17"
"31/08/2026";"12:31:08";2026;2;"Eleição Ordinária";6259;"Eleições Gerais Estaduais 2026";"04/10/2026";"AM";"AM";"AMAZONAS";40002551739;1;32;"Quotas ou quinhões de capital";"QUOTAS DE CAPITAL (PARTICIPAÇÃO) EM EMPRESA";"100000,00";"25/08/2026";"12:05:17"
"31/08/2026";"12:31:08";2026;2;"Eleição Ordinária";6259;"Eleições Gerais Estaduais 2026";"04/10/2026";"AM";"AM";"AMAZONAS";40002551740;1;99;"OUTROS BENS E DIREITOS";"UM CAVALO MANGALARGA MARCHADOR";"15000,00";"23/08/2026";"14:37:31"
"31/08/2026";"12:31:08";2026;2;"Eleição Ordinária";6259;"Eleições Gerais Estaduais 2026";"04/10/2026";"AM";"AM";"AMAZONAS";40002551740;3;99;"OUTROS BENS E DIREITOS";"50% DE UM CAVALO MANGALARGA MARCHADOR";"18000,00";"23/08/2026";"14:37:31"
"31/08/2026";"12:31:08";2026;2;"Eleição Ordinária";6259;"Eleições Gerais Estaduais 2026";"04/10/2026";"AM";"AM";"AMAZONAS";40002551740;2;32;"Quotas ou quinhões de capital";"QUOTAS DE CAPITAL (PARTICIPAÇÃO) EM EMPRESA";"1000,00";"23/08/2026";"14:37:31"
"31/08/2026";"12:31:08";2026;2;"Eleição Ordinária";6259;"Eleições Gerais Estaduais 2026";"04/10/2026";"AM";"AM";"AMAZONAS";40002551740;6;99;"OUTROS BENS E DIREITOS";"UM CAVALO MANGALARGA MARCHADOR";"25500,00";"23/08/2026";"14:37:31"
"31/08/2026";"12:31:08";2026;2;"Eleição Ordinária";6259;"Eleições Gerais Estaduais 2026";"04/10/2026";"AM";"AM";"AMAZONAS";40002551740;4;99;"OUTROS BENS E DIREITOS";"UM CAVALO MANGALARGA MARCHADOR";"15000,00";"23/08/2026";"14:37:31"
"31/08/2026";"12:31:08";2026;2;"Eleição Ordinária";6259;"Eleições Gerais Estaduais 2026";"04/10/2026";"AM";"AM";"AMAZONAS";40002551740;5;99;"OUTROS BENS E DIREITOS";"UM CAVALO MANGALARGA MARCHADOR";"15000,00";"23/08/2026";"14:37:31"
"31/08/2026";"12:31:08";2026;2;"Eleição Ordinária";6259;"Eleições Gerais Estaduais 2026";"04/10/2026";"AM";"AM";"AMAZONAS";40002551740;7;99;"OUTROS BENS E DIREITOS";"50% DE UM CAVALO MANGALARGA MARCHADOR";"18000,00";"23/08/2026";"14:37:31"
"31/08/2026";"12:31:08";2026;2;"Eleição Ordinária";6259;"Eleições Gerais Estaduais 2026";"04/10/2026";"AM";"AM";"AMAZONAS";40002551740;8;99;"OUTROS BENS E DIREITOS";"UM CAVALO MANGALARGA MARCHADOR";"8250,00";"23/08/2026";"14:37:31"
"31/08/2026";"12:31:08";2026;2;"Eleição Ordinária";6259;"Eleições Gerais Estaduais 2026";"04/10/2026";"AM";"AM";"AMAZONAS";40002551740;9;32;"Quotas ou quinhões de capital";"QUOTAS DE CAPITAL (PARTICIPAÇÃO) EM EMPRESA";"1000,00";"23/08/2026";"14:37:31"
"31/08/2026";"12:31:08";2026;2;"Eleição Ordinária";6259;"Eleições Gerais Estaduais 2026";"04/10/2026";"AM";"AM";"AMAZONAS";40002551740;10;99;"OUTROS BENS E DIREITOS";"UM CAVALO MANGALARGA MARCHADOR";"10000,00";"23/08/2026";"14:37:31"
"31/08/2026";"12:31:08";2026;2;"Eleição Ordinária";6259;"Eleições Gerais Estaduais 2026";"04/10/2026";"AM";"AM";"AMAZONAS";40002551740;11;99;"OUTROS BENS E DIREITOS";"UM CAVALO MANGALARGA MARCHADOR";"10000,00";"23/08/2026";"14:37:31"
"31/08/2026";"12:31:08";2026;2;"Eleição Ordinária";6259;"Eleições Gerais Estaduais 2026";"04/10/2026";"AM";"AM";"AMAZONAS";40002551740;12;99;"OUTROS BENS E DIREITOS";"UM CAVALO MANGALARGA MARCHADOR";"15000,00";"23/08/2026";"14:37:31"
"31/08/2026";"12:31:08";2026;2;"Eleição Ordinária";6259;"Eleições Gerais Estaduais 2026";"04/10/2026";"AM";"AM";"AMAZONAS";40002551740;13;99;"OUTROS BENS E DIREITOS";"UM CAVALO MANGALARGA MARCHADOR";"10000,00";"23/08/2026";"14:37:31"
"31/08/2026";"12:31:08";2026;2;"Eleição Ordinária";6259;"Eleições Gerais Estaduais 2026";"04/10/2026";"AM";"AM";"AMAZONAS";40002551740;15;99;"OUTROS BENS E DIREITOS";"UM CAVALO MANGALARGA MARCHADOR";"15000,00";"23/08/2026";"14:37:31"
"31/08/2026";"12:31:08";2026;2;"Eleição Ordinária";6259;"Eleições Gerais Estaduais 2026";"04/10/2026";"AM";"AM";"AMAZONAS";40002551740;14;99;"OUTROS BENS E DIREITOS";"UM CAVALO MANGALARGA MARCHADOR";"14000,00";"23/08/2026";"14:37:31"
"31/08/2026";"12:31:08";2026;2;"Eleição Ordinária";6259;"Eleições Gerais Estaduais 2026";"04/10/2026";"AM";"AM";"AMAZONAS";40002553901;1;12;"Casa";"UMA CASA";"750000,00";"26/08/2026";"14:54:57"
"31/08/2026";"12:31:08";2026;2;"Eleição Ordinária";6259;"Eleições Gerais Estaduais 2026";"04/10/2026";"AM";"AM";"AMAZONAS";40002552705;1;63;"Dinheiro em espécie - moeda nacional";"DINEHIRO EM ESPECIE - R$ 3.000,00";"3000,00";"26/08/2026";"19:10:31"
"31/08/2026";"12:31:08";2026;2;"Eleição Ordinária";6259;"Eleições Gerais Estaduais 2026";"04/10/2026";"AM";"AM";"AMAZONAS";40002552704;1;32;"Quotas ou quinhões de capital";"QUOTAS DE CAPITAL (PARTICIPAÇÃO) EM EMPRESA";"5000,00";"29/08/2026";"15:15:12"
"31/08/2026";"12:31:08";2026;2;"Eleição Ordinária";6259;"Eleições Gerais Estaduais 2026";"04/10/2026";"AM";"AM";"AMAZONAS";40002554164;3;11;"Apartamento";"APARTAMENTO";"200000,00";"21/08/2026";"15:53:34"
"31/08/2026";"12:31:08";2026;2;"Eleição Ordinária";6259;"Eleições Gerais Estaduais 2026";"04/10/2026";"AM";"AM";"AMAZONAS";40002554164;1;11;"Apartamento";"APARTAMENTO";"200000,00";"21/08/2026";"15:53:34"
"31/08/2026";"12:31:08";2026;2;"Eleição Ordinária";6259;"Eleições Gerais Estaduais 2026";"04/10/2026";"AM";"AM";"AMAZONAS";40002554164;2;11;"Apartamento";"1  APARTAMENTOS";"800000,00";"21/08/2026";"15:53:34"
"31/08/2026";"12:31:08";2026;2;"Eleição Ordinária";6259;"Eleições Gerais Estaduais 2026";"04/10/2026";"AM";"AM";"AMAZONAS";40002554220;1;2;"Prédio comercial";"PRÉDIO COMERCIAL";"500000,00";"28/08/2026";"13:23:34"
